Date,open,high,low,close,adjclose,volume,ingested_at_utc
2019-01-01,5200.0,5200.0,5200.0,5200.0,4253.79296875,0,2026-04-15 06:41:16.664219+00:00
2019-01-02,5200.0,5245.0,5200.0,5240.0,4286.513671875,35956000,2026-04-15 06:41:16.664219+00:00
2019-01-03,5200.0,5220.0,5115.0,5180.0,4237.431640625,72358000,2026-04-15 06:41:16.664219+00:00
2019-01-04,5175.0,5205.0,5125.0,5205.0,4257.8837890625,51465000,2026-04-15 06:41:16.664219+00:00
2019-01-07,5265.0,5325.0,5245.0,5245.0,4290.60400390625,73438000,2026-04-15 06:41:16.664219+00:00
2019-01-08,5230.0,5320.0,5205.0,5240.0,4286.513671875,66247500,2026-04-15 06:41:16.664219+00:00
2019-01-09,5300.0,5320.0,5225.0,5255.0,4298.7841796875,84871000,2026-04-15 06:41:16.664219+00:00
2019-01-10,5300.0,5300.0,5190.0,5255.0,4298.7841796875,114314500,2026-04-15 06:41:16.664219+00:00
2019-01-11,5280.0,5300.0,5235.0,5250.0,4294.69482421875,84826500,2026-04-15 06:41:16.664219+00:00
2019-01-14,5220.0,5235.0,5150.0,5200.0,4253.79296875,87547500,2026-04-15 06:41:16.664219+00:00
2019-01-15,5230.0,5260.0,5190.0,5260.0,4302.87451171875,87763000,2026-04-15 06:41:16.664219+00:00
2019-01-16,5260.0,5285.0,5245.0,5285.0,4323.32568359375,94972500,2026-04-15 06:41:16.664219+00:00
2019-01-17,5290.0,5330.0,5285.0,5330.0,4360.1376953125,91654000,2026-04-15 06:41:16.664219+00:00
2019-01-18,5340.0,5425.0,5315.0,5425.0,4437.85107421875,100873500,2026-04-15 06:41:16.664219+00:00
2019-01-21,5425.0,5600.0,5390.0,5545.0,4536.0146484375,87118000,2026-04-15 06:41:16.664219+00:00
2019-01-22,5600.0,5620.0,5450.0,5600.0,4581.00732421875,91907000,2026-04-15 06:41:16.664219+00:00
2019-01-23,5600.0,5600.0,5475.0,5500.0,4499.203125,98512500,2026-04-15 06:41:16.664219+00:00
2019-01-24,5430.0,5485.0,5355.0,5460.0,4466.48193359375,106781000,2026-04-15 06:41:16.664219+00:00
2019-01-25,5400.0,5520.0,5400.0,5500.0,4499.203125,68944000,2026-04-15 06:41:16.664219+00:00
2019-01-28,5515.0,5515.0,5475.0,5495.0,4495.11376953125,69704000,2026-04-15 06:41:16.664219+00:00
2019-01-29,5445.0,5550.0,5440.0,5540.0,4531.9248046875,77679000,2026-04-15 06:41:16.664219+00:00
2019-01-30,5560.0,5560.0,5495.0,5520.0,4515.56396484375,76285000,2026-04-15 06:41:16.664219+00:00
2019-01-31,5520.0,5640.0,5520.0,5635.0,4609.63818359375,135904500,2026-04-15 06:41:16.664219+00:00
2019-02-01,5680.0,5750.0,5560.0,5635.0,4609.63818359375,57719500,2026-04-15 06:41:16.664219+00:00
2019-02-04,5635.0,5635.0,5500.0,5500.0,4499.203125,113846500,2026-04-15 06:41:16.664219+00:00
2019-02-05,5500.0,5500.0,5500.0,5500.0,4499.203125,0,2026-04-15 06:41:16.664219+00:00
2019-02-06,5500.0,5540.0,5495.0,5535.0,4527.83447265625,121996500,2026-04-15 06:41:16.664219+00:00
2019-02-07,5535.0,5535.0,5505.0,5530.0,4523.744140625,63697500,2026-04-15 06:41:16.664219+00:00
2019-02-08,5530.0,5535.0,5500.0,5520.0,4515.56396484375,65268500,2026-04-15 06:41:16.664219+00:00
2019-02-11,5520.0,5530.0,5460.0,5495.0,4495.11376953125,37639000,2026-04-15 06:41:16.664219+00:00
2019-02-12,5530.0,5530.0,5450.0,5460.0,4466.48193359375,95883500,2026-04-15 06:41:16.664219+00:00
2019-02-13,5460.0,5490.0,5410.0,5420.0,4433.76025390625,103115500,2026-04-15 06:41:16.664219+00:00
2019-02-14,5405.0,5405.0,5380.0,5380.0,4401.0390625,108738500,2026-04-15 06:41:16.664219+00:00
2019-02-15,5360.0,5410.0,5335.0,5360.0,4384.67822265625,81340000,2026-04-15 06:41:16.664219+00:00
2019-02-18,5410.0,5500.0,5410.0,5480.0,4482.84326171875,62991000,2026-04-15 06:41:16.664219+00:00
2019-02-19,5420.0,5480.0,5380.0,5380.0,4401.0390625,64469000,2026-04-15 06:41:16.664219+00:00
2019-02-20,5450.0,5595.0,5440.0,5500.0,4499.203125,89583000,2026-04-15 06:41:16.664219+00:00
2019-02-21,5540.0,5560.0,5470.0,5505.0,4503.2939453125,54561500,2026-04-15 06:41:16.664219+00:00
2019-02-22,5475.0,5525.0,5460.0,5490.0,4491.0224609375,48271500,2026-04-15 06:41:16.664219+00:00
2019-02-25,5490.0,5500.0,5455.0,5490.0,4491.0224609375,47887000,2026-04-15 06:41:16.664219+00:00
2019-02-26,5500.0,5555.0,5495.0,5555.0,4544.19482421875,98446000,2026-04-15 06:41:16.664219+00:00
2019-02-27,5565.0,5570.0,5545.0,5565.0,4552.375,78519500,2026-04-15 06:41:16.664219+00:00
2019-02-28,5570.0,5580.0,5510.0,5515.0,4511.47412109375,99366000,2026-04-15 06:41:16.664219+00:00
2019-03-01,5565.0,5600.0,5535.0,5540.0,4531.9248046875,72589500,2026-04-15 06:41:16.664219+00:00
2019-03-04,5520.0,5540.0,5515.0,5535.0,4527.83447265625,63910500,2026-04-15 06:41:16.664219+00:00
2019-03-05,5500.0,5505.0,5440.0,5495.0,4495.11376953125,46499500,2026-04-15 06:41:16.664219+00:00
2019-03-06,5555.0,5555.0,5490.0,5490.0,4491.0224609375,37777000,2026-04-15 06:41:16.664219+00:00
2019-03-07,5490.0,5490.0,5490.0,5490.0,4491.0224609375,0,2026-04-15 06:41:16.664219+00:00
2019-03-08,5545.0,5570.0,5440.0,5440.0,4450.12109375,61126000,2026-04-15 06:41:16.664219+00:00
2019-03-11,5530.0,5530.0,5460.0,5505.0,4503.2939453125,32469000,2026-04-15 06:41:16.664219+00:00
2019-03-12,5540.0,5540.0,5450.0,5500.0,4499.203125,40178500,2026-04-15 06:41:16.664219+00:00
2019-03-13,5450.0,5505.0,5450.0,5500.0,4499.203125,17722000,2026-04-15 06:41:16.664219+00:00
2019-03-14,5450.0,5495.0,5450.0,5480.0,4482.84326171875,41096000,2026-04-15 06:41:16.664219+00:00
2019-03-15,5520.0,5545.0,5485.0,5540.0,4531.9248046875,41759500,2026-04-15 06:41:16.664219+00:00
2019-03-18,5555.0,5560.0,5535.0,5550.0,4540.10546875,42791000,2026-04-15 06:41:16.664219+00:00
2019-03-19,5540.0,5545.0,5485.0,5490.0,4491.0224609375,51527000,2026-04-15 06:41:16.664219+00:00
2019-03-20,5540.0,5555.0,5465.0,5470.0,4474.66259765625,42388500,2026-04-15 06:41:16.664219+00:00
2019-03-21,5490.0,5520.0,5465.0,5475.0,4478.751953125,39866000,2026-04-15 06:41:16.664219+00:00
2019-03-22,5465.0,5500.0,5465.0,5485.0,4486.9326171875,29601000,2026-04-15 06:41:16.664219+00:00
2019-03-25,5440.0,5500.0,5440.0,5455.0,4462.3916015625,23054500,2026-04-15 06:41:16.664219+00:00
2019-03-26,5480.0,5510.0,5455.0,5470.0,4474.66259765625,19895500,2026-04-15 06:41:16.664219+00:00
2019-03-27,5510.0,5510.0,5460.0,5485.0,4486.9326171875,17804500,2026-04-15 06:41:16.664219+00:00
2019-03-28,5460.0,5485.0,5425.0,5470.0,4474.66259765625,32187500,2026-04-15 06:41:16.664219+00:00
2019-03-29,5515.0,5530.0,5460.0,5510.0,4507.3837890625,36234000,2026-04-15 06:41:16.664219+00:00
2019-04-01,5550.0,5550.0,5480.0,5500.0,4499.203125,21786000,2026-04-15 06:41:16.664219+00:00
2019-04-02,5530.0,5570.0,5480.0,5500.0,4499.203125,36853000,2026-04-15 06:41:16.664219+00:00
2019-04-03,5500.0,5500.0,5500.0,5500.0,4499.203125,0,2026-04-15 06:41:16.664219+00:00
2019-04-04,5540.0,5560.0,5490.0,5540.0,4531.9248046875,48112000,2026-04-15 06:41:16.664219+00:00
2019-04-05,5560.0,5560.0,5525.0,5530.0,4523.744140625,21913500,2026-04-15 06:41:16.664219+00:00
2019-04-08,5505.0,5540.0,5450.0,5480.0,4482.84326171875,39910000,2026-04-15 06:41:16.664219+00:00
2019-04-09,5535.0,5550.0,5515.0,5535.0,4527.83447265625,29447000,2026-04-15 06:41:16.664219+00:00
2019-04-10,5550.0,5555.0,5515.0,5525.0,4519.654296875,19508500,2026-04-15 06:41:16.664219+00:00
2019-04-11,5560.0,5560.0,5480.0,5480.0,4482.84326171875,25356000,2026-04-15 06:41:16.664219+00:00
2019-04-12,5460.0,5510.0,5460.0,5500.0,4499.203125,18577000,2026-04-15 06:41:16.664219+00:00
2019-04-15,5560.0,5570.0,5490.0,5505.0,4503.2939453125,68152000,2026-04-15 06:41:16.664219+00:00
2019-04-16,5495.0,5505.0,5475.0,5495.0,4495.11376953125,71017000,2026-04-15 06:41:16.664219+00:00
2019-04-17,5495.0,5495.0,5495.0,5495.0,4495.11376953125,0,2026-04-15 06:41:16.664219+00:00
2019-04-18,5600.0,5805.0,5580.0,5625.0,4601.45849609375,129332500,2026-04-15 06:41:16.664219+00:00
2019-04-19,5625.0,5625.0,5625.0,5625.0,4601.45849609375,0,2026-04-15 06:41:16.664219+00:00
2019-04-22,5625.0,5680.0,5585.0,5625.0,4601.45849609375,62837500,2026-04-15 06:41:16.664219+00:00
2019-04-23,5680.0,5710.0,5595.0,5630.0,4605.548828125,48654000,2026-04-15 06:41:16.664219+00:00
2019-04-24,5640.0,5640.0,5600.0,5630.0,4647.6494140625,46975000,2026-04-15 06:41:16.664219+00:00
2019-04-25,5535.0,5620.0,5525.0,5595.0,4618.75634765625,61482500,2026-04-15 06:41:16.664219+00:00
2019-04-26,5585.0,5645.0,5570.0,5620.0,4639.39453125,66204500,2026-04-15 06:41:16.664219+00:00
2019-04-29,5610.0,5695.0,5595.0,5685.0,4693.05322265625,65480500,2026-04-15 06:41:16.664219+00:00
2019-04-30,5670.0,5760.0,5670.0,5750.0,4746.71142578125,107607500,2026-04-15 06:41:16.664219+00:00
2019-05-01,5750.0,5750.0,5750.0,5750.0,4746.71142578125,0,2026-04-15 06:41:16.664219+00:00
2019-05-02,5800.0,5810.0,5675.0,5685.0,4693.05322265625,80879500,2026-04-15 06:41:16.664219+00:00
2019-05-03,5680.0,5750.0,5615.0,5675.0,4684.7978515625,58244500,2026-04-15 06:41:16.664219+00:00
2019-05-06,5600.0,5660.0,5595.0,5620.0,4639.39453125,36649500,2026-04-15 06:41:16.664219+00:00
2019-05-07,5675.0,5710.0,5650.0,5660.0,4672.4150390625,59177000,2026-04-15 06:41:16.664219+00:00
2019-05-08,5600.0,5700.0,5595.0,5700.0,4705.43603515625,59062000,2026-04-15 06:41:16.664219+00:00
2019-05-09,5700.0,5700.0,5625.0,5630.0,4647.6494140625,126636500,2026-04-15 06:41:16.664219+00:00
2019-05-10,5610.0,5680.0,5600.0,5610.0,4631.13916015625,76130500,2026-04-15 06:41:16.664219+00:00
2019-05-13,5680.0,5695.0,5600.0,5610.0,4631.13916015625,63720500,2026-04-15 06:41:16.664219+00:00
2019-05-14,5560.0,5630.0,5495.0,5495.0,4536.20556640625,114800500,2026-04-15 06:41:16.664219+00:00
2019-05-15,5555.0,5555.0,5445.0,5460.0,4507.3115234375,72065000,2026-04-15 06:41:16.664219+00:00
2019-05-16,5460.0,5480.0,5280.0,5280.0,4358.71923828125,87939000,2026-04-15 06:41:16.664219+00:00
2019-05-17,5280.0,5310.0,5180.0,5180.0,4276.16748046875,74207000,2026-04-15 06:41:16.664219+00:00
2019-05-20,5180.0,5390.0,5140.0,5380.0,4441.2705078125,54764500,2026-04-15 06:41:16.664219+00:00
2019-05-21,5470.0,5495.0,5400.0,5460.0,4507.3115234375,97371000,2026-04-15 06:41:16.664219+00:00
2019-05-22,5530.0,5530.0,5400.0,5460.0,4507.3115234375,38519000,2026-04-15 06:41:16.664219+00:00
2019-05-23,5440.0,5605.0,5340.0,5605.0,4627.01171875,54926000,2026-04-15 06:41:16.664219+00:00
2019-05-24,5610.0,5630.0,5605.0,5610.0,4631.13916015625,37402000,2026-04-15 06:41:16.664219+00:00
2019-05-27,5535.0,5700.0,5530.0,5685.0,4693.05322265625,68564000,2026-04-15 06:41:16.664219+00:00
2019-05-28,5655.0,5770.0,5655.0,5735.0,4734.328125,209923000,2026-04-15 06:41:16.664219+00:00
2019-05-29,5800.0,5895.0,5730.0,5740.0,4738.4560546875,133044500,2026-04-15 06:41:16.664219+00:00
2019-05-30,5740.0,5740.0,5740.0,5740.0,4738.4560546875,0,2026-04-15 06:41:16.664219+00:00
2019-05-31,5740.0,5870.0,5735.0,5820.0,4804.49755859375,96875000,2026-04-15 06:41:16.664219+00:00
2019-06-03,5820.0,5820.0,5820.0,5820.0,4804.49755859375,0,2026-04-15 06:41:16.664219+00:00
2019-06-04,5820.0,5820.0,5820.0,5820.0,4804.49755859375,0,2026-04-15 06:41:16.664219+00:00
2019-06-05,5820.0,5820.0,5820.0,5820.0,4804.49755859375,0,2026-04-15 06:41:16.664219+00:00
2019-06-06,5820.0,5820.0,5820.0,5820.0,4804.49755859375,0,2026-04-15 06:41:16.664219+00:00
2019-06-07,5820.0,5820.0,5820.0,5820.0,4804.49755859375,0,2026-04-15 06:41:16.664219+00:00
2019-06-10,6000.0,6190.0,5810.0,5880.0,4854.02734375,179238000,2026-04-15 06:41:16.664219+00:00
2019-06-11,5900.0,5960.0,5845.0,5910.0,4878.79248046875,72901000,2026-04-15 06:41:16.664219+00:00
2019-06-12,5840.0,5900.0,5820.0,5845.0,4825.1357421875,69255500,2026-04-15 06:41:16.664219+00:00
2019-06-13,5885.0,5885.0,5790.0,5805.0,4792.11474609375,78802500,2026-04-15 06:41:16.664219+00:00
2019-06-14,5845.0,5845.0,5790.0,5800.0,4787.98779296875,57220500,2026-04-15 06:41:16.664219+00:00
2019-06-17,5810.0,5840.0,5790.0,5795.0,4783.85888671875,83624000,2026-04-15 06:41:16.664219+00:00
2019-06-18,5795.0,5900.0,5795.0,5900.0,4870.5380859375,78788000,2026-04-15 06:41:16.664219+00:00
2019-06-19,5900.0,5960.0,5890.0,5940.0,4903.55908203125,66944500,2026-04-15 06:41:16.664219+00:00
2019-06-20,5900.0,5940.0,5805.0,5910.0,4878.79248046875,59504500,2026-04-15 06:41:16.664219+00:00
2019-06-21,5910.0,5935.0,5840.0,5880.0,4854.02734375,144149000,2026-04-15 06:41:16.664219+00:00
2019-06-24,5895.0,5900.0,5865.0,5875.0,4849.900390625,30084000,2026-04-15 06:41:16.664219+00:00
2019-06-25,5930.0,5960.0,5875.0,5910.0,4878.79248046875,40561500,2026-04-15 06:41:16.664219+00:00
2019-06-26,5940.0,5940.0,5860.0,5865.0,4841.6455078125,59334500,2026-04-15 06:41:16.664219+00:00
2019-06-27,5850.0,5935.0,5805.0,5935.0,4899.431640625,77525000,2026-04-15 06:41:16.664219+00:00
2019-06-28,5980.0,5995.0,5960.0,5995.0,4948.96240234375,80919000,2026-04-15 06:41:16.664219+00:00
2019-07-01,5995.0,6025.0,5965.0,5990.0,4944.833984375,56612500,2026-04-15 06:41:16.664219+00:00
2019-07-02,5990.0,6000.0,5950.0,6000.0,4953.0908203125,48563500,2026-04-15 06:41:16.664219+00:00
2019-07-03,5950.0,6000.0,5940.0,6000.0,4953.0908203125,43640000,2026-04-15 06:41:16.664219+00:00
2019-07-04,6000.0,6010.0,5965.0,5990.0,4944.833984375,28224500,2026-04-15 06:41:16.664219+00:00
2019-07-05,6020.0,6020.0,5970.0,5970.0,4928.32373046875,32722500,2026-04-15 06:41:16.664219+00:00
2019-07-08,5935.0,5960.0,5865.0,5880.0,4854.02734375,38361000,2026-04-15 06:41:16.664219+00:00
2019-07-09,5870.0,6000.0,5870.0,6000.0,4953.0908203125,47740500,2026-04-15 06:41:16.664219+00:00
2019-07-10,6000.0,6040.0,5995.0,6000.0,4953.0908203125,52183500,2026-04-15 06:41:16.664219+00:00
2019-07-11,6020.0,6025.0,5980.0,6025.0,4973.72802734375,34279500,2026-04-15 06:41:16.664219+00:00
2019-07-12,6000.0,6030.0,5995.0,6010.0,4961.3447265625,29838000,2026-04-15 06:41:16.664219+00:00
2019-07-15,6060.0,6115.0,6035.0,6105.0,5039.76953125,61453500,2026-04-15 06:41:16.664219+00:00
2019-07-16,6080.0,6105.0,6070.0,6085.0,5023.2587890625,38075000,2026-04-15 06:41:16.664219+00:00
2019-07-17,6080.0,6150.0,6045.0,6150.0,5076.9169921875,45487000,2026-04-15 06:41:16.664219+00:00
2019-07-18,6100.0,6170.0,6055.0,6145.0,5072.7900390625,43625500,2026-04-15 06:41:16.664219+00:00
2019-07-19,6195.0,6210.0,6150.0,6200.0,5118.193359375,43973500,2026-04-15 06:41:16.664219+00:00
2019-07-22,6260.0,6290.0,6200.0,6290.0,5192.4892578125,37314500,2026-04-15 06:41:16.664219+00:00
2019-07-23,6240.0,6290.0,6205.0,6235.0,5147.0859375,39129500,2026-04-15 06:41:16.664219+00:00
2019-07-24,6260.0,6265.0,6165.0,6250.0,5159.46923828125,51343500,2026-04-15 06:41:16.664219+00:00
2019-07-25,6270.0,6275.0,6200.0,6250.0,5159.46923828125,53477500,2026-04-15 06:41:16.664219+00:00
2019-07-26,6250.0,6250.0,6190.0,6195.0,5114.06494140625,51797500,2026-04-15 06:41:16.664219+00:00
2019-07-29,6220.0,6230.0,6160.0,6190.0,5109.93701171875,68509500,2026-04-15 06:41:16.664219+00:00
2019-07-30,6205.0,6250.0,6190.0,6220.0,5134.7041015625,38225500,2026-04-15 06:41:16.664219+00:00
2019-07-31,6190.0,6240.0,6180.0,6190.0,5109.93701171875,64129000,2026-04-15 06:41:16.664219+00:00
2019-08-01,6190.0,6270.0,6185.0,6210.0,5126.447265625,78228000,2026-04-15 06:41:16.664219+00:00
2019-08-02,6160.0,6205.0,6160.0,6165.0,5089.29931640625,62989500,2026-04-15 06:41:16.664219+00:00
2019-08-05,6215.0,6215.0,6000.0,6000.0,4953.0908203125,90924000,2026-04-15 06:41:16.664219+00:00
2019-08-06,5880.0,5955.0,5765.0,5880.0,4854.02734375,183296000,2026-04-15 06:41:16.664219+00:00
2019-08-07,5975.0,6050.0,5905.0,6010.0,4961.3447265625,92102000,2026-04-15 06:41:16.664219+00:00
2019-08-08,6010.0,6080.0,5980.0,6005.0,4957.21826171875,58295500,2026-04-15 06:41:16.664219+00:00
2019-08-09,6055.0,6120.0,6055.0,6065.0,5006.74853515625,48118500,2026-04-15 06:41:16.664219+00:00
2019-08-12,6070.0,6080.0,6000.0,6040.0,4986.109375,52705000,2026-04-15 06:41:16.664219+00:00
2019-08-13,6000.0,6040.0,6000.0,6015.0,4965.47314453125,84406000,2026-04-15 06:41:16.664219+00:00
2019-08-14,6040.0,6060.0,5980.0,6010.0,4961.3447265625,81942000,2026-04-15 06:41:16.664219+00:00
2019-08-15,5920.0,6000.0,5860.0,6000.0,4953.0908203125,52561500,2026-04-15 06:41:16.664219+00:00
2019-08-16,6040.0,6040.0,5960.0,5960.0,4920.06884765625,49821500,2026-04-15 06:41:16.664219+00:00
2019-08-19,6030.0,6030.0,5965.0,6015.0,4965.47314453125,30619000,2026-04-15 06:41:16.664219+00:00
2019-08-20,6035.0,6035.0,5985.0,5985.0,4940.70751953125,58393500,2026-04-15 06:41:16.664219+00:00
2019-08-21,6000.0,6005.0,5975.0,5975.0,4932.45166015625,55927500,2026-04-15 06:41:16.664219+00:00
2019-08-22,5925.0,6000.0,5920.0,6000.0,4953.0908203125,65888000,2026-04-15 06:41:16.664219+00:00
2019-08-23,5920.0,5995.0,5905.0,5995.0,4948.96240234375,33083500,2026-04-15 06:41:16.664219+00:00
2019-08-26,5940.0,6000.0,5860.0,5990.0,4944.833984375,41388500,2026-04-15 06:41:16.664219+00:00
2019-08-27,6040.0,6040.0,5950.0,6005.0,4957.21826171875,123780000,2026-04-15 06:41:16.664219+00:00
2019-08-28,6000.0,6020.0,5985.0,5995.0,4948.96240234375,55688000,2026-04-15 06:41:16.664219+00:00
2019-08-29,5990.0,6025.0,5985.0,6005.0,4957.21826171875,51525500,2026-04-15 06:41:16.664219+00:00
2019-08-30,6080.0,6100.0,6005.0,6100.0,5035.6416015625,73650000,2026-04-15 06:41:16.664219+00:00
2019-09-02,6100.0,6100.0,6000.0,6000.0,4953.0908203125,42429000,2026-04-15 06:41:16.664219+00:00
2019-09-03,6000.0,6055.0,6000.0,6055.0,4998.4931640625,42743500,2026-04-15 06:41:16.664219+00:00
2019-09-04,6060.0,6060.0,6005.0,6020.0,4969.6005859375,41979000,2026-04-15 06:41:16.664219+00:00
2019-09-05,6085.0,6085.0,6015.0,6040.0,4986.109375,53650500,2026-04-15 06:41:16.664219+00:00
2019-09-06,6060.0,6060.0,6025.0,6025.0,4973.72802734375,54349000,2026-04-15 06:41:16.664219+00:00
2019-09-09,6050.0,6055.0,5980.0,6035.0,4981.982421875,25912000,2026-04-15 06:41:16.664219+00:00
2019-09-10,6020.0,6055.0,5985.0,6055.0,4998.4931640625,40291000,2026-04-15 06:41:16.664219+00:00
2019-09-11,6050.0,6100.0,6010.0,6100.0,5035.6416015625,45243500,2026-04-15 06:41:16.664219+00:00
2019-09-12,6100.0,6105.0,6010.0,6020.0,4969.6005859375,40034000,2026-04-15 06:41:16.664219+00:00
2019-09-13,6080.0,6090.0,6010.0,6030.0,4977.85546875,28419500,2026-04-15 06:41:16.664219+00:00
2019-09-16,6000.0,6015.0,5985.0,6005.0,4957.21826171875,77289000,2026-04-15 06:41:16.664219+00:00
2019-09-17,5990.0,6035.0,5985.0,6030.0,4977.85546875,92037500,2026-04-15 06:41:16.664219+00:00
2019-09-18,5990.0,6040.0,5990.0,6040.0,4986.109375,28667000,2026-04-15 06:41:16.664219+00:00
2019-09-19,6015.0,6045.0,6000.0,6030.0,4977.85546875,61988500,2026-04-15 06:41:16.664219+00:00
2019-09-20,6050.0,6050.0,5990.0,5990.0,4944.833984375,133433000,2026-04-15 06:41:16.664219+00:00
2019-09-23,6030.0,6030.0,6000.0,6025.0,4973.72802734375,47231500,2026-04-15 06:41:16.664219+00:00
2019-09-24,5980.0,6000.0,5940.0,5945.0,4907.6865234375,79718500,2026-04-15 06:41:16.664219+00:00
2019-09-25,5900.0,5935.0,5780.0,5935.0,4899.431640625,88620000,2026-04-15 06:41:16.664219+00:00
2019-09-26,6000.0,6060.0,5970.0,6060.0,5002.6201171875,109859000,2026-04-15 06:41:16.664219+00:00
2019-09-27,6005.0,6075.0,6000.0,6070.0,5010.8759765625,48010000,2026-04-15 06:41:16.664219+00:00
2019-09-30,6070.0,6070.0,6005.0,6070.0,5010.8759765625,73391000,2026-04-15 06:41:16.664219+00:00
2019-10-01,6010.0,6065.0,6010.0,6040.0,4986.109375,40057000,2026-04-15 06:41:16.664219+00:00
2019-10-02,6010.0,6070.0,6010.0,6050.0,4994.365234375,52376500,2026-04-15 06:41:16.664219+00:00
2019-10-03,6010.0,6045.0,5950.0,6040.0,4986.109375,50269000,2026-04-15 06:41:16.664219+00:00
2019-10-04,5980.0,6065.0,5980.0,6045.0,4990.23828125,56890500,2026-04-15 06:41:16.664219+00:00
2019-10-07,6070.0,6080.0,6050.0,6070.0,5010.8759765625,56705500,2026-04-15 06:41:16.664219+00:00
2019-10-08,6080.0,6100.0,6015.0,6100.0,5035.6416015625,46997500,2026-04-15 06:41:16.664219+00:00
2019-10-09,6100.0,6100.0,6050.0,6070.0,5010.8759765625,41496500,2026-04-15 06:41:16.664219+00:00
2019-10-10,6020.0,6110.0,6020.0,6110.0,5043.8955078125,65806500,2026-04-15 06:41:16.664219+00:00
2019-10-11,6080.0,6155.0,6080.0,6125.0,5056.27880859375,40863500,2026-04-15 06:41:16.664219+00:00
2019-10-14,6130.0,6200.0,6130.0,6200.0,5118.193359375,37514500,2026-04-15 06:41:16.664219+00:00
2019-10-15,6190.0,6190.0,6145.0,6175.0,5097.55419921875,40935000,2026-04-15 06:41:16.664219+00:00
2019-10-16,6200.0,6215.0,6175.0,6215.0,5130.57568359375,65776500,2026-04-15 06:41:16.664219+00:00
2019-10-17,6185.0,6210.0,6105.0,6115.0,5048.0244140625,45666500,2026-04-15 06:41:16.664219+00:00
2019-10-18,6160.0,6170.0,6140.0,6160.0,5085.171875,41008500,2026-04-15 06:41:16.664219+00:00
2019-10-21,6200.0,6255.0,6185.0,6220.0,5134.7041015625,59971500,2026-04-15 06:41:16.664219+00:00
2019-10-22,6270.0,6300.0,6225.0,6300.0,5200.744140625,67259500,2026-04-15 06:41:16.664219+00:00
2019-10-23,6300.0,6305.0,6260.0,6275.0,5180.1064453125,62219000,2026-04-15 06:41:16.664219+00:00
2019-10-24,6290.0,6320.0,6270.0,6300.0,5200.744140625,73101000,2026-04-15 06:41:16.664219+00:00
2019-10-25,6320.0,6325.0,6175.0,6200.0,5118.193359375,61929500,2026-04-15 06:41:16.664219+00:00
2019-10-28,6200.0,6250.0,6200.0,6205.0,5122.32080078125,43249500,2026-04-15 06:41:16.664219+00:00
2019-10-29,6205.0,6240.0,6150.0,6220.0,5134.7041015625,79861500,2026-04-15 06:41:16.664219+00:00
2019-10-30,6280.0,6285.0,6200.0,6265.0,5171.85107421875,60738000,2026-04-15 06:41:16.664219+00:00
2019-10-31,6270.0,6300.0,6250.0,6290.0,5192.4892578125,58420500,2026-04-15 06:41:16.664219+00:00
2019-11-01,6300.0,6325.0,6275.0,6325.0,5221.3818359375,42080500,2026-04-15 06:41:16.664219+00:00
2019-11-04,6350.0,6380.0,6260.0,6275.0,5180.1064453125,43794500,2026-04-15 06:41:16.664219+00:00
2019-11-05,6350.0,6360.0,6270.0,6360.0,5250.275390625,66161500,2026-04-15 06:41:16.664219+00:00
2019-11-06,6380.0,6380.0,6295.0,6295.0,5196.61669921875,63393000,2026-04-15 06:41:16.664219+00:00
2019-11-07,6335.0,6335.0,6250.0,6285.0,5188.36181640625,61972000,2026-04-15 06:41:16.664219+00:00
2019-11-08,6315.0,6315.0,6250.0,6280.0,5184.234375,90040500,2026-04-15 06:41:16.664219+00:00
2019-11-11,6335.0,6340.0,6265.0,6295.0,5196.61669921875,70207000,2026-04-15 06:41:16.664219+00:00
2019-11-12,6220.0,6280.0,6220.0,6265.0,5171.85107421875,47635500,2026-04-15 06:41:16.664219+00:00
2019-11-13,6265.0,6285.0,6265.0,6280.0,5184.234375,40083500,2026-04-15 06:41:16.664219+00:00
2019-11-14,6265.0,6280.0,6210.0,6270.0,5175.9794921875,37862000,2026-04-15 06:41:16.664219+00:00
2019-11-15,6280.0,6290.0,6255.0,6275.0,5180.1064453125,47138000,2026-04-15 06:41:16.664219+00:00
2019-11-18,6245.0,6285.0,6210.0,6280.0,5184.234375,65599000,2026-04-15 06:41:16.664219+00:00
2019-11-19,6330.0,6350.0,6300.0,6315.0,5213.1259765625,60115000,2026-04-15 06:41:16.664219+00:00
2019-11-20,6255.0,6350.0,6255.0,6350.0,5242.01953125,43229500,2026-04-15 06:41:16.664219+00:00
2019-11-21,6350.0,6350.0,6300.0,6300.0,5200.744140625,57523500,2026-04-15 06:41:16.664219+00:00
2019-11-22,6280.0,6310.0,6270.0,6305.0,5204.8720703125,56035000,2026-04-15 06:41:16.664219+00:00
2019-11-25,6330.0,6335.0,6275.0,6275.0,5180.1064453125,55133500,2026-04-15 06:41:16.664219+00:00
2019-11-26,6330.0,6330.0,6270.0,6285.0,5188.36181640625,192783500,2026-04-15 06:41:16.664219+00:00
2019-11-27,6270.0,6300.0,6240.0,6300.0,5200.744140625,58833500,2026-04-15 06:41:16.664219+00:00
2019-11-28,6295.0,6295.0,6245.0,6250.0,5159.46923828125,44248000,2026-04-15 06:41:16.664219+00:00
2019-11-29,6230.0,6295.0,6225.0,6280.0,5184.234375,52954500,2026-04-15 06:41:16.664219+00:00
2019-12-02,6280.0,6425.0,6270.0,6425.0,5303.9345703125,49909000,2026-04-15 06:41:16.664219+00:00
2019-12-03,6420.0,6420.0,6345.0,6375.0,5262.658203125,42823000,2026-04-15 06:41:16.664219+00:00
2019-12-04,6360.0,6400.0,6355.0,6365.0,5254.40283203125,37552000,2026-04-15 06:41:16.664219+00:00
2019-12-05,6360.0,6385.0,6330.0,6340.0,5233.76513671875,54168000,2026-04-15 06:41:16.664219+00:00
2019-12-06,6340.0,6395.0,6320.0,6395.0,5295.8740234375,69920500,2026-04-15 06:41:16.664219+00:00
2019-12-09,6370.0,6395.0,6360.0,6395.0,5295.8740234375,51667500,2026-04-15 06:41:16.664219+00:00
2019-12-10,6395.0,6400.0,6360.0,6365.0,5271.03076171875,57654000,2026-04-15 06:41:16.664219+00:00
2019-12-11,6365.0,6385.0,6350.0,6380.0,5283.45263671875,48469000,2026-04-15 06:41:16.664219+00:00
2019-12-12,6400.0,6405.0,6340.0,6340.0,5250.3271484375,79198500,2026-04-15 06:41:16.664219+00:00
2019-12-13,6395.0,6420.0,6350.0,6360.0,5266.89013671875,70822500,2026-04-15 06:41:16.664219+00:00
2019-12-16,6340.0,6395.0,6340.0,6360.0,5266.89013671875,78684000,2026-04-15 06:41:16.664219+00:00
2019-12-17,6395.0,6500.0,6365.0,6500.0,5382.828125,102914500,2026-04-15 06:41:16.664219+00:00
2019-12-18,6500.0,6800.0,6440.0,6755.0,5594.00048828125,181804000,2026-04-15 06:41:16.664219+00:00
2019-12-19,6700.0,6720.0,6590.0,6600.0,5465.640625,74171000,2026-04-15 06:41:16.664219+00:00
2019-12-20,6680.0,6740.0,6610.0,6660.0,5515.328125,99453000,2026-04-15 06:41:16.664219+00:00
2019-12-23,6680.0,6730.0,6650.0,6660.0,5515.328125,46558500,2026-04-15 06:41:16.664219+00:00
2019-12-26,6660.0,6725.0,6660.0,6680.0,5531.8916015625,38188500,2026-04-15 06:41:16.664219+00:00
2019-12-27,6670.0,6700.0,6670.0,6695.0,5544.31298828125,29945000,2026-04-15 06:41:16.664219+00:00
2019-12-30,6680.0,6720.0,6670.0,6685.0,5536.03173828125,61168000,2026-04-15 06:41:16.664219+00:00
2020-01-02,6695.0,6780.0,6680.0,6690.0,5540.171875,49445000,2026-04-15 06:41:16.664219+00:00
2020-01-03,6750.0,6800.0,6725.0,6800.0,5631.26611328125,47755500,2026-04-15 06:41:16.664219+00:00
2020-01-06,6720.0,6750.0,6690.0,6735.0,5577.4375,27300000,2026-04-15 06:41:16.664219+00:00
2020-01-07,6735.0,6770.0,6730.0,6740.0,5581.57861328125,45022500,2026-04-15 06:41:16.664219+00:00
2020-01-08,6670.0,6745.0,6670.0,6680.0,5531.8916015625,53692500,2026-04-15 06:41:16.664219+00:00
2020-01-09,6740.0,6755.0,6730.0,6740.0,5581.57861328125,40363500,2026-04-15 06:41:16.664219+00:00
2020-01-10,6765.0,6825.0,6710.0,6725.0,5569.15625,73362000,2026-04-15 06:41:16.664219+00:00
2020-01-13,6740.0,6760.0,6735.0,6745.0,5585.7197265625,67855000,2026-04-15 06:41:16.664219+00:00
2020-01-14,6745.0,6885.0,6740.0,6870.0,5689.2353515625,93582000,2026-04-15 06:41:16.664219+00:00
2020-01-15,6870.0,7060.0,6800.0,6835.0,5660.25,75623500,2026-04-15 06:41:16.664219+00:00
2020-01-16,6805.0,6890.0,6795.0,6850.0,5672.671875,88931500,2026-04-15 06:41:16.664219+00:00
2020-01-17,6840.0,6890.0,6800.0,6875.0,5693.375,38249500,2026-04-15 06:41:16.664219+00:00
2020-01-20,6950.0,6975.0,6830.0,6835.0,5660.25,93554500,2026-04-15 06:41:16.664219+00:00
2020-01-21,6885.0,6895.0,6825.0,6830.0,5656.10986328125,103984500,2026-04-15 06:41:16.664219+00:00
2020-01-22,6855.0,6895.0,6835.0,6840.0,5664.39111328125,94311500,2026-04-15 06:41:16.664219+00:00
2020-01-23,6885.0,6895.0,6830.0,6840.0,5664.39111328125,87728000,2026-04-15 06:41:16.664219+00:00
2020-01-24,6820.0,6880.0,6810.0,6810.0,5639.546875,69653500,2026-04-15 06:41:16.664219+00:00
2020-01-27,6865.0,6940.0,6815.0,6840.0,5664.39111328125,39679000,2026-04-15 06:41:16.664219+00:00
2020-01-28,6835.0,6845.0,6755.0,6790.0,5622.98388671875,82615000,2026-04-15 06:41:16.664219+00:00
2020-01-29,6800.0,6845.0,6770.0,6785.0,5618.84375,43821000,2026-04-15 06:41:16.664219+00:00
2020-01-30,6845.0,6845.0,6730.0,6740.0,5581.57861328125,71990000,2026-04-15 06:41:16.664219+00:00
2020-01-31,6800.0,6805.0,6480.0,6480.0,5366.26513671875,163136500,2026-04-15 06:41:16.664219+00:00
2020-02-03,6480.0,6585.0,6370.0,6440.0,5333.14013671875,149797000,2026-04-15 06:41:16.664219+00:00
2020-02-04,6570.0,6620.0,6520.0,6600.0,5465.640625,113316500,2026-04-15 06:41:16.664219+00:00
2020-02-05,6780.0,6780.0,6650.0,6730.0,5573.296875,123002500,2026-04-15 06:41:16.664219+00:00
2020-02-06,6740.0,6780.0,6680.0,6740.0,5581.57861328125,154693500,2026-04-15 06:41:16.664219+00:00
2020-02-07,6710.0,6780.0,6705.0,6760.0,5598.140625,82609000,2026-04-15 06:41:16.664219+00:00
2020-02-10,6760.0,6785.0,6630.0,6785.0,5618.84375,66578500,2026-04-15 06:41:16.664219+00:00
2020-02-11,6785.0,6785.0,6745.0,6780.0,5614.7041015625,77526500,2026-04-15 06:41:16.664219+00:00
2020-02-12,6800.0,6800.0,6760.0,6800.0,5631.26611328125,69971500,2026-04-15 06:41:16.664219+00:00
2020-02-13,6820.0,6820.0,6740.0,6790.0,5622.98388671875,49737000,2026-04-15 06:41:16.664219+00:00
2020-02-14,6780.0,6795.0,6675.0,6680.0,5531.8916015625,147028500,2026-04-15 06:41:16.664219+00:00
2020-02-17,6680.0,6750.0,6680.0,6720.0,5565.015625,115319000,2026-04-15 06:41:16.664219+00:00
2020-02-18,6685.0,6720.0,6670.0,6695.0,5544.31298828125,98436500,2026-04-15 06:41:16.664219+00:00
2020-02-19,6665.0,6760.0,6665.0,6695.0,5544.31298828125,74594000,2026-04-15 06:41:16.664219+00:00
2020-02-20,6690.0,6695.0,6565.0,6595.0,5461.5,136724500,2026-04-15 06:41:16.664219+00:00
2020-02-21,6600.0,6660.0,6595.0,6615.0,5478.06201171875,98261000,2026-04-15 06:41:16.664219+00:00
2020-02-24,6565.0,6600.0,6510.0,6525.0,5403.53125,84910000,2026-04-15 06:41:16.664219+00:00
2020-02-25,6550.0,6560.0,6510.0,6530.0,5407.6708984375,86446500,2026-04-15 06:41:16.664219+00:00
2020-02-26,6500.0,6535.0,6420.0,6420.0,5316.5791015625,92824500,2026-04-15 06:41:16.664219+00:00
2020-02-27,6470.0,6475.0,6200.0,6290.0,5208.9208984375,129254500,2026-04-15 06:41:16.664219+00:00
2020-02-28,6200.0,6290.0,6035.0,6290.0,5208.9208984375,169946500,2026-04-15 06:41:16.664219+00:00
2020-03-02,6290.0,6290.0,6035.0,6080.0,5035.0146484375,144871500,2026-04-15 06:41:16.664219+00:00
2020-03-03,6200.0,6350.0,6200.0,6320.0,5233.76611328125,114663500,2026-04-15 06:41:16.664219+00:00
2020-03-04,6315.0,6500.0,6260.0,6440.0,5333.14013671875,83025000,2026-04-15 06:41:16.664219+00:00
2020-03-05,6540.0,6540.0,6340.0,6435.0,5328.99951171875,77583000,2026-04-15 06:41:16.664219+00:00
2020-03-06,6350.0,6350.0,6200.0,6200.0,5134.39013671875,77835500,2026-04-15 06:41:16.664219+00:00
2020-03-09,6000.0,6040.0,5785.0,5785.0,4790.716796875,140889500,2026-04-15 06:41:16.664219+00:00
2020-03-10,5840.0,6010.0,5840.0,5925.0,4906.65478515625,133667000,2026-04-15 06:41:16.664219+00:00
2020-03-11,5950.0,5980.0,5790.0,5850.0,4844.544921875,93204500,2026-04-15 06:41:16.664219+00:00
2020-03-12,5600.0,5640.0,5460.0,5560.0,4604.3876953125,129845500,2026-04-15 06:41:16.664219+00:00
2020-03-13,5560.0,5560.0,5560.0,5560.0,4604.3876953125,0,2026-04-15 06:41:16.664219+00:00
2020-03-16,5560.0,5560.0,5560.0,5560.0,4604.3876953125,0,2026-04-15 06:41:16.664219+00:00
2020-03-17,5495.0,5505.0,5120.0,5120.0,4240.01171875,212200000,2026-04-15 06:41:16.664219+00:00
2020-03-18,5120.0,5380.0,4765.0,5000.0,4140.6376953125,180053500,2026-04-15 06:41:16.664219+00:00
2020-03-19,4995.0,4995.0,4650.0,4650.0,3850.791259765625,264419000,2026-04-15 06:41:16.664219+00:00
2020-03-20,4600.0,5385.0,4325.0,4735.0,3921.183349609375,335132000,2026-04-15 06:41:16.664219+00:00
2020-03-23,4760.0,5000.0,4405.0,4430.0,3668.6044921875,217843500,2026-04-15 06:41:16.664219+00:00
2020-03-24,4450.0,4995.0,4450.0,4500.0,3726.572509765625,253971000,2026-04-15 06:41:16.664219+00:00
2020-03-26,4650.0,5395.0,4650.0,5280.0,4372.5126953125,331633000,2026-04-15 06:41:16.664219+00:00
2020-03-27,5360.0,5895.0,5355.0,5510.0,4562.98193359375,269683000,2026-04-15 06:41:16.664219+00:00
2020-03-30,5480.0,5555.0,5155.0,5495.0,4550.56005859375,159964500,2026-04-15 06:41:16.664219+00:00
2020-03-31,5660.0,5710.0,5485.0,5525.0,4575.4033203125,182638500,2026-04-15 06:41:16.664219+00:00
2020-04-01,5560.0,5750.0,5425.0,5480.0,4538.13818359375,152831500,2026-04-15 06:41:16.664219+00:00
2020-04-02,5470.0,5470.0,5360.0,5410.0,4480.16943359375,136623500,2026-04-15 06:41:16.664219+00:00
2020-04-03,5460.0,5530.0,5365.0,5495.0,4550.56005859375,110506000,2026-04-15 06:41:16.664219+00:00
2020-04-06,5520.0,5740.0,5495.0,5735.0,4749.310546875,78184000,2026-04-15 06:41:16.664219+00:00
2020-04-07,5735.0,6100.0,5580.0,5655.0,4683.0595703125,149153500,2026-04-15 06:41:16.664219+00:00
2020-04-08,5655.0,5660.0,5480.0,5635.0,4666.49755859375,106111500,2026-04-15 06:41:16.664219+00:00
2020-04-09,5600.0,5695.0,5500.0,5595.0,4633.3720703125,89997000,2026-04-15 06:41:16.664219+00:00
2020-04-13,5540.0,5615.0,5480.0,5500.0,4554.70068359375,58043000,2026-04-15 06:41:16.664219+00:00
2020-04-14,5505.0,5590.0,5445.0,5515.0,4567.1220703125,95796000,2026-04-15 06:41:16.664219+00:00
2020-04-15,5515.0,5630.0,5445.0,5485.0,4542.279296875,95342000,2026-04-15 06:41:16.664219+00:00
2020-04-16,5485.0,5520.0,5185.0,5240.0,4339.38720703125,176990500,2026-04-15 06:41:16.664219+00:00
2020-04-17,5300.0,5445.0,5280.0,5425.0,4492.5908203125,160935500,2026-04-15 06:41:16.664219+00:00
2020-04-20,5430.0,5500.0,5330.0,5355.0,4434.6220703125,90744000,2026-04-15 06:41:16.664219+00:00
2020-04-21,5355.0,5355.0,5160.0,5160.0,4347.00732421875,73431000,2026-04-15 06:41:16.664219+00:00
2020-04-22,5160.0,5235.0,5045.0,5145.0,4334.3720703125,107263500,2026-04-15 06:41:16.664219+00:00
2020-04-23,5180.0,5245.0,5120.0,5120.0,4313.31005859375,105419500,2026-04-15 06:41:16.664219+00:00
2020-04-24,5120.0,5140.0,4920.0,4920.0,4144.822265625,131149500,2026-04-15 06:41:16.664219+00:00
2020-04-27,4940.0,5020.0,4855.0,4960.0,4178.51904296875,151103500,2026-04-15 06:41:16.664219+00:00
2020-04-28,4960.0,4975.0,4805.0,4830.0,4069.001220703125,180488000,2026-04-15 06:41:16.664219+00:00
2020-04-29,4825.0,4850.0,4800.0,4850.0,4085.849609375,121161000,2026-04-15 06:41:16.664219+00:00
2020-04-30,4880.0,5250.0,4880.0,5170.0,4355.431640625,174081000,2026-04-15 06:41:16.664219+00:00
2020-05-04,5150.0,5300.0,5000.0,5220.0,4397.55419921875,114497500,2026-04-15 06:41:16.664219+00:00
2020-05-05,5220.0,5340.0,5200.0,5285.0,4452.31396484375,118643500,2026-04-15 06:41:16.664219+00:00
2020-05-06,5315.0,5370.0,5300.0,5355.0,4511.2841796875,86395500,2026-04-15 06:41:16.664219+00:00
2020-05-08,5345.0,5400.0,5150.0,5245.0,4418.6162109375,123028000,2026-04-15 06:41:16.664219+00:00
2020-05-11,5245.0,5325.0,5245.0,5295.0,4460.73876953125,40615500,2026-04-15 06:41:16.664219+00:00
2020-05-12,5340.0,5340.0,5030.0,5220.0,4397.55419921875,118660000,2026-04-15 06:41:16.664219+00:00
2020-05-13,5160.0,5170.0,5085.0,5110.0,4304.8857421875,94973000,2026-04-15 06:41:16.664219+00:00
2020-05-14,5070.0,5110.0,4905.0,4920.0,4144.822265625,131268000,2026-04-15 06:41:16.664219+00:00
2020-05-15,4920.0,4995.0,4680.0,4785.0,4031.091552734375,205790000,2026-04-15 06:41:16.664219+00:00
2020-05-18,4800.0,4845.0,4750.0,4765.0,4014.24267578125,139997500,2026-04-15 06:41:16.664219+00:00
2020-05-19,4840.0,4960.0,4680.0,4680.0,3942.635009765625,128504500,2026-04-15 06:41:16.664219+00:00
2020-05-20,4720.0,4800.0,4690.0,4765.0,4014.24267578125,119158000,2026-04-15 06:41:16.664219+00:00
2020-05-26,4775.0,5000.0,4775.0,4970.0,4186.943359375,176076500,2026-04-15 06:41:16.664219+00:00
2020-05-27,4970.0,5000.0,4855.0,4965.0,4182.7314453125,151753500,2026-04-15 06:41:16.664219+00:00
2020-05-28,5000.0,5320.0,5000.0,5295.0,4460.73876953125,229233000,2026-04-15 06:41:16.664219+00:00
2020-05-29,5295.0,5295.0,5190.0,5190.0,4372.28076171875,399414000,2026-04-15 06:41:16.664219+00:00
2020-06-02,5260.0,5500.0,5240.0,5360.0,4515.49658203125,181369500,2026-04-15 06:41:16.664219+00:00
2020-06-03,5410.0,5780.0,5400.0,5780.0,4869.32275390625,279673500,2026-04-15 06:41:16.664219+00:00
2020-06-04,5780.0,5990.0,5600.0,5790.0,4877.7470703125,236158500,2026-04-15 06:41:16.664219+00:00
2020-06-05,5790.0,5855.0,5585.0,5725.0,4822.9892578125,88157500,2026-04-15 06:41:16.664219+00:00
2020-06-08,5755.0,5925.0,5755.0,5900.0,4970.41650390625,173557500,2026-04-15 06:41:16.664219+00:00
2020-06-09,5940.0,5995.0,5795.0,5805.0,4890.38427734375,100110000,2026-04-15 06:41:16.664219+00:00
2020-06-10,5800.0,5865.0,5595.0,5800.0,4886.17236328125,115382500,2026-04-15 06:41:16.664219+00:00
2020-06-11,5750.0,5810.0,5605.0,5680.0,4785.078125,85187500,2026-04-15 06:41:16.664219+00:00
2020-06-12,5680.0,5680.0,5480.0,5670.0,4776.654296875,96044000,2026-04-15 06:41:16.664219+00:00
2020-06-15,5680.0,5710.0,5500.0,5500.0,4633.4384765625,100844500,2026-04-15 06:41:16.664219+00:00
2020-06-16,5580.0,5795.0,5580.0,5760.0,4852.47314453125,91518500,2026-04-15 06:41:16.664219+00:00
2020-06-17,5800.0,5800.0,5680.0,5720.0,4818.7763671875,79800000,2026-04-15 06:41:16.664219+00:00
2020-06-18,5720.0,5740.0,5585.0,5585.0,4705.0458984375,68032000,2026-04-15 06:41:16.664219+00:00
2020-06-19,5600.0,5650.0,5545.0,5575.0,4696.62158203125,110071000,2026-04-15 06:41:16.664219+00:00
2020-06-22,5595.0,5660.0,5530.0,5540.0,4667.1357421875,51590500,2026-04-15 06:41:16.664219+00:00
2020-06-23,5570.0,5660.0,5520.0,5620.0,4734.53125,69954000,2026-04-15 06:41:16.664219+00:00
2020-06-24,5650.0,5760.0,5640.0,5705.0,4806.13916015625,57333000,2026-04-15 06:41:16.664219+00:00
2020-06-25,5700.0,5745.0,5640.0,5725.0,4822.9892578125,51415000,2026-04-15 06:41:16.664219+00:00
2020-06-26,5720.0,5760.0,5640.0,5645.0,4755.5927734375,57467500,2026-04-15 06:41:16.664219+00:00
2020-06-29,5640.0,5695.0,5585.0,5675.0,4780.8662109375,48796500,2026-04-15 06:41:16.664219+00:00
2020-06-30,5700.0,5740.0,5660.0,5695.0,4797.71533203125,74474000,2026-04-15 06:41:16.664219+00:00
2020-07-01,5700.0,5800.0,5675.0,5800.0,4886.17236328125,63959000,2026-04-15 06:41:16.664219+00:00
2020-07-02,5775.0,5870.0,5760.0,5870.0,4945.1435546875,75585500,2026-04-15 06:41:16.664219+00:00
2020-07-03,5870.0,5905.0,5840.0,5870.0,4945.1435546875,52219000,2026-04-15 06:41:16.664219+00:00
2020-07-06,5860.0,5935.0,5850.0,5935.0,4999.9013671875,67800000,2026-04-15 06:41:16.664219+00:00
2020-07-07,5940.0,5995.0,5900.0,5990.0,5046.23583984375,74168000,2026-04-15 06:41:16.664219+00:00
2020-07-08,5990.0,6265.0,5980.0,6200.0,5223.1484375,106444500,2026-04-15 06:41:16.664219+00:00
2020-07-09,6210.0,6240.0,6030.0,6100.0,5138.90478515625,93543500,2026-04-15 06:41:16.664219+00:00
2020-07-10,6100.0,6240.0,6080.0,6200.0,5223.1484375,67224000,2026-04-15 06:41:16.664219+00:00
2020-07-13,6230.0,6240.0,6140.0,6175.0,5202.08740234375,86006000,2026-04-15 06:41:16.664219+00:00
2020-07-14,6175.0,6200.0,6110.0,6200.0,5223.1484375,45616500,2026-04-15 06:41:16.664219+00:00
2020-07-15,6200.0,6240.0,6150.0,6150.0,5181.0263671875,61468000,2026-04-15 06:41:16.664219+00:00
2020-07-16,6150.0,6200.0,6140.0,6180.0,5206.29931640625,66520500,2026-04-15 06:41:16.664219+00:00
2020-07-17,6135.0,6180.0,6040.0,6120.0,5155.75341796875,73348000,2026-04-15 06:41:16.664219+00:00
2020-07-20,6120.0,6160.0,6060.0,6140.0,5172.6025390625,59794500,2026-04-15 06:41:16.664219+00:00
2020-07-21,6100.0,6235.0,6100.0,6200.0,5223.1484375,84159500,2026-04-15 06:41:16.664219+00:00
2020-07-22,6210.0,6250.0,6130.0,6180.0,5206.29931640625,44725500,2026-04-15 06:41:16.664219+00:00
2020-07-23,6180.0,6215.0,6140.0,6200.0,5223.1484375,84026500,2026-04-15 06:41:16.664219+00:00
2020-07-24,6200.0,6200.0,6100.0,6100.0,5138.90478515625,58366500,2026-04-15 06:41:16.664219+00:00
2020-07-27,6100.0,6140.0,6000.0,6100.0,5138.90478515625,41972500,2026-04-15 06:41:16.664219+00:00
2020-07-28,6120.0,6200.0,6060.0,6185.0,5210.51171875,65279000,2026-04-15 06:41:16.664219+00:00
2020-07-29,6185.0,6185.0,6100.0,6135.0,5168.39013671875,50262500,2026-04-15 06:41:16.664219+00:00
2020-07-30,6135.0,6240.0,6055.0,6240.0,5256.84619140625,80533500,2026-04-15 06:41:16.664219+00:00
2020-08-03,6220.0,6235.0,5825.0,6130.0,5164.17724609375,137079000,2026-04-15 06:41:16.664219+00:00
2020-08-04,6155.0,6220.0,6130.0,6210.0,5231.5732421875,79357000,2026-04-15 06:41:16.664219+00:00
2020-08-05,6200.0,6220.0,6100.0,6205.0,5227.36181640625,49393000,2026-04-15 06:41:16.664219+00:00
2020-08-06,6215.0,6295.0,6185.0,6260.0,5273.69580078125,55258500,2026-04-15 06:41:16.664219+00:00
2020-08-07,6265.0,6285.0,6160.0,6180.0,5206.29931640625,43621000,2026-04-15 06:41:16.664219+00:00
2020-08-10,6180.0,6200.0,6105.0,6120.0,5155.75341796875,37774500,2026-04-15 06:41:16.664219+00:00
2020-08-11,6140.0,6200.0,6130.0,6175.0,5202.08740234375,38795500,2026-04-15 06:41:16.664219+00:00
2020-08-12,6175.0,6260.0,6160.0,6260.0,5273.69580078125,35612000,2026-04-15 06:41:16.664219+00:00
2020-08-13,6260.0,6300.0,6180.0,6300.0,5307.3935546875,48581000,2026-04-15 06:41:16.664219+00:00
2020-08-14,6300.0,6405.0,6240.0,6405.0,5395.85009765625,57316000,2026-04-15 06:41:16.664219+00:00
2020-08-18,6405.0,6425.0,6300.0,6360.0,5357.9404296875,81563500,2026-04-15 06:41:16.664219+00:00
2020-08-19,6360.0,6410.0,6310.0,6330.0,5332.66650390625,58793500,2026-04-15 06:41:16.664219+00:00
2020-08-24,6340.0,6380.0,6280.0,6315.0,5320.029296875,66882500,2026-04-15 06:41:16.664219+00:00
2020-08-25,6320.0,6380.0,6305.0,6365.0,5362.15234375,49211000,2026-04-15 06:41:16.664219+00:00
2020-08-26,6385.0,6390.0,6305.0,6340.0,5341.09130859375,42983000,2026-04-15 06:41:16.664219+00:00
2020-08-27,6365.0,6600.0,6340.0,6600.0,5560.1259765625,68326000,2026-04-15 06:41:16.664219+00:00
2020-08-28,6560.0,6600.0,6425.0,6495.0,5471.6708984375,52292500,2026-04-15 06:41:16.664219+00:00
2020-08-31,6500.0,6540.0,6275.0,6275.0,5286.3330078125,97032000,2026-04-15 06:41:16.664219+00:00
2020-09-01,6280.0,6520.0,6240.0,6520.0,5492.73095703125,67446000,2026-04-15 06:41:16.664219+00:00
2020-09-02,6520.0,6560.0,6365.0,6435.0,5421.123046875,66065000,2026-04-15 06:41:16.664219+00:00
2020-09-03,6465.0,6500.0,6300.0,6500.0,5475.8818359375,68208500,2026-04-15 06:41:16.664219+00:00
2020-09-04,6450.0,6450.0,6265.0,6380.0,5374.7890625,80613500,2026-04-15 06:41:16.664219+00:00
2020-09-07,6335.0,6360.0,6200.0,6285.0,5294.75634765625,64249500,2026-04-15 06:41:16.664219+00:00
2020-09-08,6285.0,6360.0,6285.0,6335.0,5336.87939453125,39649000,2026-04-15 06:41:16.664219+00:00
2020-09-09,6300.0,6320.0,6210.0,6245.0,5261.05908203125,49285000,2026-04-15 06:41:16.664219+00:00
2020-09-10,6220.0,6220.0,5810.0,5810.0,4894.5966796875,175735000,2026-04-15 06:41:16.664219+00:00
2020-09-11,5800.0,5975.0,5620.0,5905.0,4974.62841796875,403032500,2026-04-15 06:41:16.664219+00:00
2020-09-14,6000.0,6115.0,5985.0,6050.0,5096.78271484375,138115000,2026-04-15 06:41:16.664219+00:00
2020-09-15,6040.0,6100.0,5860.0,5860.0,4936.71826171875,170087000,2026-04-15 06:41:16.664219+00:00
2020-09-16,5860.0,5870.0,5745.0,5750.0,4844.0498046875,158565500,2026-04-15 06:41:16.664219+00:00
2020-09-17,5750.0,5855.0,5665.0,5755.0,4848.26171875,138796000,2026-04-15 06:41:16.664219+00:00
2020-09-18,5700.0,5735.0,5570.0,5630.0,4742.9560546875,316912000,2026-04-15 06:41:16.664219+00:00
2020-09-21,5640.0,5735.0,5595.0,5605.0,4721.89501953125,112443000,2026-04-15 06:41:16.664219+00:00
2020-09-22,5520.0,5565.0,5430.0,5450.0,4591.31689453125,163442500,2026-04-15 06:41:16.664219+00:00
2020-09-23,5450.0,5585.0,5425.0,5505.0,4637.65087890625,100517000,2026-04-15 06:41:16.664219+00:00
2020-09-24,5430.0,5535.0,5390.0,5445.0,4587.10400390625,88618500,2026-04-15 06:41:16.664219+00:00
2020-09-25,5480.0,5625.0,5460.0,5610.0,4726.10791015625,100705000,2026-04-15 06:41:16.664219+00:00
2020-09-28,5650.0,5695.0,5500.0,5515.0,4646.0751953125,93522000,2026-04-15 06:41:16.664219+00:00
2020-09-29,5575.0,5635.0,5460.0,5505.0,4637.65087890625,117778500,2026-04-15 06:41:16.664219+00:00
2020-09-30,5565.0,5565.0,5420.0,5420.0,4566.04296875,107377000,2026-04-15 06:41:16.664219+00:00
2020-10-01,5485.0,5570.0,5480.0,5570.0,4692.40966796875,56893000,2026-04-15 06:41:16.664219+00:00
2020-10-02,5560.0,5565.0,5440.0,5505.0,4637.65087890625,66848000,2026-04-15 06:41:16.664219+00:00
2020-10-05,5515.0,5560.0,5460.0,5520.0,4650.28759765625,58291000,2026-04-15 06:41:16.664219+00:00
2020-10-06,5630.0,5715.0,5600.0,5700.0,4801.92724609375,141955500,2026-04-15 06:41:16.664219+00:00
2020-10-07,5600.0,5755.0,5580.0,5755.0,4848.26171875,89937500,2026-04-15 06:41:16.664219+00:00
2020-10-08,5790.0,5800.0,5710.0,5780.0,4869.32275390625,77384500,2026-04-15 06:41:16.664219+00:00
2020-10-09,5750.0,5775.0,5720.0,5775.0,4865.11083984375,54250500,2026-04-15 06:41:16.664219+00:00
2020-10-12,5840.0,5875.0,5830.0,5855.0,4932.50634765625,82918500,2026-04-15 06:41:16.664219+00:00
2020-10-13,5840.0,5860.0,5770.0,5855.0,4932.50634765625,48250500,2026-04-15 06:41:16.664219+00:00
2020-10-14,5840.0,5900.0,5810.0,5900.0,4970.41650390625,83117500,2026-04-15 06:41:16.664219+00:00
2020-10-15,5875.0,5880.0,5760.0,5785.0,4873.5341796875,82067000,2026-04-15 06:41:16.664219+00:00
2020-10-16,5785.0,5790.0,5730.0,5760.0,4852.47314453125,89051500,2026-04-15 06:41:16.664219+00:00
2020-10-19,5750.0,5900.0,5710.0,5900.0,4970.41650390625,56871500,2026-04-15 06:41:16.664219+00:00
2020-10-20,5880.0,5880.0,5785.0,5805.0,4890.38427734375,74995500,2026-04-15 06:41:16.664219+00:00
2020-10-21,5860.0,5865.0,5730.0,5780.0,4869.32275390625,77944000,2026-04-15 06:41:16.664219+00:00
2020-10-22,5740.0,5800.0,5705.0,5800.0,4886.17236328125,96872500,2026-04-15 06:41:16.664219+00:00
2020-10-23,5840.0,5840.0,5750.0,5770.0,4860.8984375,66328000,2026-04-15 06:41:16.664219+00:00
2020-10-26,5725.0,5835.0,5725.0,5815.0,4898.80810546875,70452500,2026-04-15 06:41:16.664219+00:00
2020-10-27,5815.0,5830.0,5755.0,5790.0,4877.7470703125,89482000,2026-04-15 06:41:16.664219+00:00
2020-11-02,5760.0,5825.0,5720.0,5820.0,4903.02099609375,151006500,2026-04-15 06:41:16.664219+00:00
2020-11-03,5840.0,5895.0,5835.0,5890.0,4961.9921875,78152000,2026-04-15 06:41:16.664219+00:00
2020-11-04,5900.0,5940.0,5785.0,5820.0,4903.02099609375,78626000,2026-04-15 06:41:16.664219+00:00
2020-11-05,5900.0,6180.0,5900.0,6150.0,5181.0263671875,161090000,2026-04-15 06:41:16.664219+00:00
2020-11-06,6160.0,6300.0,6060.0,6300.0,5307.3935546875,137303500,2026-04-15 06:41:16.664219+00:00
2020-11-09,6300.0,6400.0,6215.0,6285.0,5294.75634765625,82739500,2026-04-15 06:41:16.664219+00:00
2020-11-10,6395.0,6600.0,6380.0,6480.0,5459.03369140625,191073500,2026-04-15 06:41:16.664219+00:00
2020-11-11,6540.0,6565.0,6480.0,6540.0,5509.57958984375,131383500,2026-04-15 06:41:16.664219+00:00
2020-11-12,6410.0,6495.0,6405.0,6420.0,5408.48681640625,83082500,2026-04-15 06:41:16.664219+00:00
2020-11-13,6420.0,6450.0,6320.0,6390.0,5383.21337890625,82374500,2026-04-15 06:41:16.664219+00:00
2020-11-16,6485.0,6485.0,6385.0,6480.0,5459.03369140625,54905000,2026-04-15 06:41:16.664219+00:00
2020-11-17,6500.0,6565.0,6490.0,6550.0,5518.0048828125,119784000,2026-04-15 06:41:16.664219+00:00
2020-11-18,6550.0,6575.0,6540.0,6570.0,5534.85302734375,99789000,2026-04-15 06:41:16.664219+00:00
2020-11-19,6520.0,6640.0,6515.0,6615.0,5572.76318359375,147346500,2026-04-15 06:41:16.664219+00:00
2020-11-20,6640.0,6650.0,6550.0,6600.0,5560.1259765625,68468500,2026-04-15 06:41:16.664219+00:00
2020-11-23,6600.0,6610.0,6550.0,6600.0,5560.1259765625,75265500,2026-04-15 06:41:16.664219+00:00
2020-11-24,6600.0,6600.0,6545.0,6565.0,5530.64111328125,72349500,2026-04-15 06:41:16.664219+00:00
2020-11-25,6580.0,6585.0,6380.0,6410.0,5400.0625,170140500,2026-04-15 06:41:16.664219+00:00
2020-11-26,6350.0,6490.0,6300.0,6480.0,5459.03369140625,64339000,2026-04-15 06:41:16.664219+00:00
2020-11-27,6480.0,6490.0,6380.0,6385.0,5379.0009765625,87361500,2026-04-15 06:41:16.664219+00:00
2020-11-30,6385.0,6400.0,6135.0,6205.0,5227.36181640625,393091500,2026-04-15 06:41:16.664219+00:00
2020-12-01,6220.0,6435.0,6220.0,6395.0,5387.42431640625,114563500,2026-04-15 06:41:16.664219+00:00
2020-12-02,6460.0,6485.0,6340.0,6450.0,5433.75927734375,93897500,2026-04-15 06:41:16.664219+00:00
2020-12-03,6500.0,6525.0,6425.0,6460.0,5442.18359375,98210000,2026-04-15 06:41:16.664219+00:00
2020-12-04,6460.0,6465.0,6360.0,6390.0,5383.21337890625,64995500,2026-04-15 06:41:16.664219+00:00
2020-12-07,6500.0,6580.0,6480.0,6520.0,5492.73095703125,96636000,2026-04-15 06:41:16.664219+00:00
2020-12-08,6520.0,6520.0,6425.0,6490.0,5467.45849609375,70561500,2026-04-15 06:41:16.664219+00:00
2020-12-10,6590.0,6600.0,6540.0,6575.0,5555.84423828125,151420500,2026-04-15 06:41:16.664219+00:00
2020-12-11,6600.0,6780.0,6595.0,6735.0,5691.04296875,214160000,2026-04-15 06:41:16.664219+00:00
2020-12-14,6800.0,6830.0,6795.0,6820.0,5762.86767578125,179785500,2026-04-15 06:41:16.664219+00:00
2020-12-15,6830.0,6900.0,6605.0,6790.0,5737.517578125,164024500,2026-04-15 06:41:16.664219+00:00
2020-12-16,6860.0,6950.0,6840.0,6950.0,5872.71728515625,138674000,2026-04-15 06:41:16.664219+00:00
2020-12-17,6965.0,7000.0,6820.0,6935.0,5860.04248046875,91920000,2026-04-15 06:41:16.664219+00:00
2020-12-18,6935.0,6935.0,6755.0,6800.0,5745.96826171875,147238500,2026-04-15 06:41:16.664219+00:00
2020-12-21,6890.0,6890.0,6800.0,6830.0,5771.318359375,93692500,2026-04-15 06:41:16.664219+00:00
2020-12-22,6740.0,6820.0,6710.0,6715.0,5674.1435546875,61790500,2026-04-15 06:41:16.664219+00:00
2020-12-23,6905.0,6905.0,6620.0,6725.0,5682.59375,76948000,2026-04-15 06:41:16.664219+00:00
2020-12-28,6790.0,6820.0,6660.0,6780.0,5729.06787109375,60234000,2026-04-15 06:41:16.664219+00:00
2020-12-29,6775.0,6810.0,6740.0,6765.0,5716.39404296875,34212500,2026-04-15 06:41:16.664219+00:00
2020-12-30,6800.0,6800.0,6700.0,6770.0,5720.619140625,52675500,2026-04-15 06:41:16.664219+00:00
2021-01-04,6800.0,6855.0,6720.0,6835.0,5775.54296875,47937000,2026-04-15 06:41:16.664219+00:00
2021-01-05,6860.0,7090.0,6850.0,7090.0,5991.0166015625,104831000,2026-04-15 06:41:16.664219+00:00
2021-01-06,7050.0,7075.0,6880.0,6945.0,5868.49267578125,89753500,2026-04-15 06:41:16.664219+00:00
2021-01-07,7000.0,7050.0,6910.0,6965.0,5885.392578125,71360000,2026-04-15 06:41:16.664219+00:00
2021-01-08,7035.0,7080.0,6975.0,7050.0,5957.21630859375,75033500,2026-04-15 06:41:16.664219+00:00
2021-01-11,7150.0,7360.0,7145.0,7345.0,6206.49072265625,169034500,2026-04-15 06:41:16.664219+00:00
2021-01-12,7345.0,7380.0,7160.0,7160.0,6050.16650390625,95235000,2026-04-15 06:41:16.664219+00:00
2021-01-13,7245.0,7275.0,7070.0,7120.0,6016.36669921875,76581500,2026-04-15 06:41:16.664219+00:00
2021-01-14,7050.0,7090.0,6995.0,7020.0,5931.8671875,89319500,2026-04-15 06:41:16.664219+00:00
2021-01-15,7095.0,7100.0,6840.0,6955.0,5876.9423828125,89853500,2026-04-15 06:41:16.664219+00:00
2021-01-18,6955.0,7125.0,6845.0,7120.0,6016.36669921875,86343000,2026-04-15 06:41:16.664219+00:00
2021-01-19,7120.0,7120.0,7005.0,7095.0,5995.24169921875,73777000,2026-04-15 06:41:16.664219+00:00
2021-01-20,7165.0,7295.0,7070.0,7095.0,5995.24169921875,107216000,2026-04-15 06:41:16.664219+00:00
2021-01-21,7280.0,7300.0,7060.0,7075.0,5978.34228515625,66428000,2026-04-15 06:41:16.664219+00:00
2021-01-22,7075.0,7160.0,7075.0,7080.0,5982.5673828125,80829000,2026-04-15 06:41:16.664219+00:00
2021-01-25,7200.0,7200.0,7000.0,7035.0,5944.5419921875,76836500,2026-04-15 06:41:16.664219+00:00
2021-01-26,6955.0,7000.0,6820.0,6820.0,5762.86767578125,98658000,2026-04-15 06:41:16.664219+00:00
2021-01-27,6820.0,6930.0,6705.0,6790.0,5737.517578125,97920000,2026-04-15 06:41:16.664219+00:00
2021-01-28,6790.0,6925.0,6790.0,6900.0,5830.4677734375,104627000,2026-04-15 06:41:16.664219+00:00
2021-01-29,6900.0,7000.0,6760.0,6760.0,5712.16796875,132762500,2026-04-15 06:41:16.664219+00:00
2021-02-01,6760.0,6920.0,6595.0,6820.0,5762.86767578125,113129000,2026-04-15 06:41:16.664219+00:00
2021-02-02,6965.0,6980.0,6800.0,6800.0,5745.96826171875,86741000,2026-04-15 06:41:16.664219+00:00
2021-02-03,7000.0,7000.0,6825.0,6825.0,5767.09326171875,67291000,2026-04-15 06:41:16.664219+00:00
2021-02-04,6920.0,7000.0,6835.0,6855.0,5792.44287109375,80950500,2026-04-15 06:41:16.664219+00:00
2021-02-05,6870.0,6950.0,6855.0,6915.0,5843.14208984375,51602000,2026-04-15 06:41:16.664219+00:00
2021-02-08,7050.0,7055.0,6880.0,6920.0,5847.36767578125,45604000,2026-04-15 06:41:16.664219+00:00
2021-02-09,7000.0,7030.0,6955.0,6980.0,5898.06689453125,75574000,2026-04-15 06:41:16.664219+00:00
2021-02-10,7050.0,7050.0,6900.0,6920.0,5847.36767578125,44984500,2026-04-15 06:41:16.664219+00:00
2021-02-11,6985.0,6985.0,6840.0,6880.0,5813.568359375,36926000,2026-04-15 06:41:16.664219+00:00
2021-02-15,6830.0,6890.0,6720.0,6800.0,5745.96826171875,83922000,2026-04-15 06:41:16.664219+00:00
2021-02-16,6880.0,6945.0,6830.0,6940.0,5864.267578125,47221000,2026-04-15 06:41:16.664219+00:00
2021-02-17,6890.0,6960.0,6850.0,6900.0,5830.4677734375,66011500,2026-04-15 06:41:16.664219+00:00
2021-02-18,6850.0,6900.0,6735.0,6735.0,5691.04296875,91204000,2026-04-15 06:41:16.664219+00:00
2021-02-19,6780.0,6850.0,6760.0,6825.0,5767.09326171875,70487500,2026-04-15 06:41:16.664219+00:00
2021-02-22,6900.0,6940.0,6790.0,6790.0,5737.517578125,68913000,2026-04-15 06:41:16.664219+00:00
2021-02-23,6820.0,6845.0,6775.0,6825.0,5767.09326171875,58360000,2026-04-15 06:41:16.664219+00:00
2021-02-24,6825.0,6835.0,6725.0,6725.0,5682.59375,71869000,2026-04-15 06:41:16.664219+00:00
2021-02-25,6740.0,6770.0,6680.0,6705.0,5665.693359375,78688000,2026-04-15 06:41:16.664219+00:00
2021-02-26,6705.0,6810.0,6645.0,6710.0,5669.91796875,173631500,2026-04-15 06:41:16.664219+00:00
2021-03-01,6830.0,7045.0,6800.0,7045.0,5952.9921875,205539000,2026-04-15 06:41:16.664219+00:00
2021-03-02,7120.0,7160.0,7000.0,7015.0,5927.642578125,81446500,2026-04-15 06:41:16.664219+00:00
2021-03-03,7065.0,7085.0,7000.0,7000.0,5914.966796875,84470000,2026-04-15 06:41:16.664219+00:00
2021-03-04,6905.0,7000.0,6720.0,6720.0,5678.369140625,120802500,2026-04-15 06:41:16.664219+00:00
2021-03-05,6720.0,6925.0,6720.0,6800.0,5745.96826171875,111871500,2026-04-15 06:41:16.664219+00:00
2021-03-08,6950.0,6950.0,6720.0,6720.0,5678.369140625,90883000,2026-04-15 06:41:16.664219+00:00
2021-03-09,6700.0,6715.0,6600.0,6605.0,5581.19384765625,135582000,2026-04-15 06:41:16.664219+00:00
2021-03-10,6720.0,6720.0,6620.0,6705.0,5665.693359375,50302000,2026-04-15 06:41:16.664219+00:00
2021-03-12,6875.0,6880.0,6715.0,6765.0,5716.39404296875,74328000,2026-04-15 06:41:16.664219+00:00
2021-03-15,6815.0,6820.0,6665.0,6665.0,5631.89453125,57416000,2026-04-15 06:41:16.664219+00:00
2021-03-16,6710.0,6710.0,6620.0,6625.0,5598.09423828125,70755500,2026-04-15 06:41:16.664219+00:00
2021-03-17,6650.0,6665.0,6605.0,6610.0,5585.419921875,71474500,2026-04-15 06:41:16.664219+00:00
2021-03-18,6620.0,6720.0,6610.0,6705.0,5665.693359375,70067500,2026-04-15 06:41:16.664219+00:00
2021-03-19,6770.0,6770.0,6625.0,6760.0,5712.16796875,125853000,2026-04-15 06:41:16.664219+00:00
2021-03-22,6640.0,6680.0,6610.0,6620.0,5593.86962890625,67523500,2026-04-15 06:41:16.664219+00:00
2021-03-23,6720.0,6720.0,6555.0,6565.0,5547.39453125,127762500,2026-04-15 06:41:16.664219+00:00
2021-03-24,6515.0,6550.0,6420.0,6440.0,5441.77001953125,152050000,2026-04-15 06:41:16.664219+00:00
2021-03-25,6400.0,6440.0,6330.0,6370.0,5382.62060546875,119101500,2026-04-15 06:41:16.664219+00:00
2021-03-26,6370.0,6445.0,6300.0,6415.0,5420.64501953125,134467500,2026-04-15 06:41:16.664219+00:00
2021-03-29,6410.0,6515.0,6360.0,6360.0,5374.17041015625,113370500,2026-04-15 06:41:16.664219+00:00
2021-03-30,6370.0,6455.0,6370.0,6395.0,5403.744140625,83115500,2026-04-15 06:41:16.664219+00:00
2021-03-31,6390.0,6395.0,6145.0,6215.0,5251.64599609375,223390500,2026-04-15 06:41:16.664219+00:00
2021-04-01,6215.0,6270.0,6155.0,6225.0,5260.095703125,112286000,2026-04-15 06:41:16.664219+00:00
2021-04-05,6250.0,6290.0,6155.0,6155.0,5200.9462890625,73311500,2026-04-15 06:41:16.664219+00:00
2021-04-06,6135.0,6170.0,6080.0,6165.0,5209.396484375,80215000,2026-04-15 06:41:16.664219+00:00
2021-04-07,6155.0,6275.0,6135.0,6250.0,5281.22021484375,107908000,2026-04-15 06:41:16.664219+00:00
2021-04-08,6200.0,6215.0,6125.0,6135.0,5256.71484375,123697500,2026-04-15 06:41:16.664219+00:00
2021-04-09,6315.0,6320.0,6145.0,6200.0,5312.40966796875,116961000,2026-04-15 06:41:16.664219+00:00
2021-04-12,6295.0,6295.0,6060.0,6065.0,5196.73583984375,110411500,2026-04-15 06:41:16.664219+00:00
2021-04-13,6050.0,6060.0,5980.0,6000.0,5141.0419921875,119211500,2026-04-15 06:41:16.664219+00:00
2021-04-14,6105.0,6305.0,6060.0,6305.0,5402.37744140625,135519500,2026-04-15 06:41:16.664219+00:00
2021-04-15,6305.0,6310.0,6180.0,6280.0,5380.95703125,102686500,2026-04-15 06:41:16.664219+00:00
2021-04-16,6370.0,6370.0,6215.0,6275.0,5376.6728515625,79293500,2026-04-15 06:41:16.664219+00:00
2021-04-19,6275.0,6280.0,6230.0,6270.0,5372.38916015625,47095000,2026-04-15 06:41:16.664219+00:00
2021-04-20,6200.0,6250.0,6185.0,6235.0,5342.3984375,72721000,2026-04-15 06:41:16.664219+00:00
2021-04-21,6200.0,6225.0,6165.0,6165.0,5282.42041015625,68397000,2026-04-15 06:41:16.664219+00:00
2021-04-22,6200.0,6275.0,6180.0,6215.0,5325.26220703125,63758000,2026-04-15 06:41:16.664219+00:00
2021-04-23,6280.0,6395.0,6225.0,6390.0,5475.20947265625,108498500,2026-04-15 06:41:16.664219+00:00
2021-04-26,6395.0,6400.0,6280.0,6285.0,5385.240234375,108742000,2026-04-15 06:41:16.664219+00:00
2021-04-27,6370.0,6435.0,6355.0,6405.0,5488.0615234375,132650000,2026-04-15 06:41:16.664219+00:00
2021-04-28,6400.0,6405.0,6315.0,6320.0,5415.23095703125,87660000,2026-04-15 06:41:16.664219+00:00
2021-04-29,6460.0,6460.0,6360.0,6410.0,5492.3466796875,57355000,2026-04-15 06:41:16.664219+00:00
2021-04-30,6450.0,6450.0,6380.0,6405.0,5488.0615234375,65829500,2026-04-15 06:41:16.664219+00:00
2021-05-03,6480.0,6480.0,6345.0,6390.0,5475.20947265625,42065500,2026-04-15 06:41:16.664219+00:00
2021-05-04,6350.0,6430.0,6340.0,6400.0,5483.77734375,50123500,2026-04-15 06:41:16.664219+00:00
2021-05-05,6420.0,6430.0,6400.0,6425.0,5505.19775390625,51685000,2026-04-15 06:41:16.664219+00:00
2021-05-06,6400.0,6450.0,6400.0,6425.0,5505.19775390625,38115500,2026-04-15 06:41:16.664219+00:00
2021-05-07,6460.0,6460.0,6385.0,6400.0,5483.77734375,48864000,2026-04-15 06:41:16.664219+00:00
2021-05-10,6400.0,6420.0,6395.0,6420.0,5500.91455078125,68180500,2026-04-15 06:41:16.664219+00:00
2021-05-11,6400.0,6480.0,6305.0,6480.0,5552.3251953125,70680000,2026-04-15 06:41:16.664219+00:00
2021-05-17,6500.0,6500.0,6375.0,6500.0,5569.46142578125,129058500,2026-04-15 06:41:16.664219+00:00
2021-05-18,6400.0,6455.0,6365.0,6390.0,5475.20947265625,73563000,2026-04-15 06:41:16.664219+00:00
2021-05-19,6380.0,6400.0,6335.0,6345.0,5436.6513671875,64912500,2026-04-15 06:41:16.664219+00:00
2021-05-20,6390.0,6435.0,6350.0,6380.0,5466.64111328125,64950000,2026-04-15 06:41:16.664219+00:00
2021-05-21,6450.0,6450.0,6260.0,6360.0,5449.50439453125,92620000,2026-04-15 06:41:16.664219+00:00
2021-05-24,6355.0,6380.0,6290.0,6325.0,5419.51416015625,59210000,2026-04-15 06:41:16.664219+00:00
2021-05-25,6300.0,6440.0,6300.0,6355.0,5445.2197265625,87470000,2026-04-15 06:41:16.664219+00:00
2021-05-27,6440.0,6480.0,6270.0,6270.0,5372.38916015625,537971500,2026-04-15 06:41:16.664219+00:00
2021-05-28,6330.0,6370.0,6330.0,6340.0,5432.36767578125,102108500,2026-04-15 06:41:16.664219+00:00
2021-05-31,6360.0,6390.0,6325.0,6375.0,5462.3564453125,101442000,2026-04-15 06:41:16.664219+00:00
2021-06-02,6500.0,6515.0,6420.0,6465.0,5539.47216796875,141732500,2026-04-15 06:41:16.664219+00:00
2021-06-03,6495.0,6600.0,6430.0,6600.0,5655.14501953125,133810500,2026-04-15 06:41:16.664219+00:00
2021-06-04,6620.0,6620.0,6500.0,6580.0,5638.00927734375,62108500,2026-04-15 06:41:16.664219+00:00
2021-06-07,6560.0,6570.0,6430.0,6530.0,5595.1669921875,62576000,2026-04-15 06:41:16.664219+00:00
2021-06-08,6575.0,6575.0,6430.0,6430.0,5509.482421875,64348000,2026-04-15 06:41:16.664219+00:00
2021-06-09,6360.0,6535.0,6360.0,6530.0,5595.1669921875,77198000,2026-04-15 06:41:16.664219+00:00
2021-06-10,6555.0,6620.0,6490.0,6620.0,5672.2822265625,73262500,2026-04-15 06:41:16.664219+00:00
2021-06-11,6570.0,6580.0,6460.0,6470.0,5543.75634765625,72780500,2026-04-15 06:41:16.664219+00:00
2021-06-14,6520.0,6520.0,6400.0,6410.0,5492.3466796875,61478500,2026-04-15 06:41:16.664219+00:00
2021-06-15,6445.0,6470.0,6405.0,6470.0,5543.75634765625,87799000,2026-04-15 06:41:16.664219+00:00
2021-06-16,6420.0,6435.0,6360.0,6385.0,5470.9248046875,48984000,2026-04-15 06:41:16.664219+00:00
2021-06-17,6390.0,6390.0,6275.0,6330.0,5423.79833984375,68448500,2026-04-15 06:41:16.664219+00:00
2021-06-18,6300.0,6345.0,6280.0,6325.0,5419.51416015625,118043000,2026-04-15 06:41:16.664219+00:00
2021-06-21,6300.0,6300.0,6210.0,6250.0,5355.25244140625,60823500,2026-04-15 06:41:16.664219+00:00
2021-06-22,6250.0,6390.0,6240.0,6340.0,5432.36767578125,65824000,2026-04-15 06:41:16.664219+00:00
2021-06-23,6295.0,6340.0,6230.0,6230.0,5338.11474609375,52451000,2026-04-15 06:41:16.664219+00:00
2021-06-24,6310.0,6310.0,6200.0,6210.0,5320.9775390625,56010000,2026-04-15 06:41:16.664219+00:00
2021-06-25,6230.0,6260.0,6190.0,6190.0,5303.84130859375,68939500,2026-04-15 06:41:16.664219+00:00
2021-06-28,6100.0,6150.0,6055.0,6055.0,5188.16796875,84420500,2026-04-15 06:41:16.664219+00:00
2021-06-29,6050.0,6090.0,6040.0,6045.0,5179.599609375,53704000,2026-04-15 06:41:16.664219+00:00
2021-06-30,6000.0,6070.0,6000.0,6025.0,5162.462890625,65795000,2026-04-15 06:41:16.664219+00:00
2021-07-01,6060.0,6075.0,6000.0,6025.0,5162.462890625,58153000,2026-04-15 06:41:16.664219+00:00
2021-07-02,6070.0,6140.0,6040.0,6100.0,5226.72607421875,67392500,2026-04-15 06:41:16.664219+00:00
2021-07-05,6100.0,6130.0,6070.0,6110.0,5235.2939453125,39710500,2026-04-15 06:41:16.664219+00:00
2021-07-06,6110.0,6110.0,6055.0,6055.0,5188.16796875,34279500,2026-04-15 06:41:16.664219+00:00
2021-07-07,6180.0,6180.0,6030.0,6065.0,5196.73583984375,35595000,2026-04-15 06:41:16.664219+00:00
2021-07-08,6000.0,6040.0,5980.0,6015.0,5153.89404296875,47297000,2026-04-15 06:41:16.664219+00:00
2021-07-09,6010.0,6020.0,5990.0,6020.0,5158.1787109375,40707500,2026-04-15 06:41:16.664219+00:00
2021-07-12,6070.0,6180.0,6020.0,6170.0,5286.7041015625,65981500,2026-04-15 06:41:16.664219+00:00
2021-07-13,6170.0,6175.0,6015.0,6045.0,5179.599609375,65946500,2026-04-15 06:41:16.664219+00:00
2021-07-14,6020.0,6030.0,5980.0,5990.0,5132.47314453125,59321000,2026-04-15 06:41:16.664219+00:00
2021-07-15,6000.0,6115.0,5995.0,6115.0,5239.578125,49724000,2026-04-15 06:41:16.664219+00:00
2021-07-16,6170.0,6170.0,6055.0,6110.0,5235.2939453125,47998500,2026-04-15 06:41:16.664219+00:00
2021-07-19,6110.0,6110.0,6005.0,6005.0,5145.32568359375,47119000,2026-04-15 06:41:16.664219+00:00
2021-07-21,6050.0,6120.0,6010.0,6010.0,5149.60986328125,55009500,2026-04-15 06:41:16.664219+00:00
2021-07-22,6115.0,6155.0,6050.0,6155.0,5273.8515625,60792000,2026-04-15 06:41:16.664219+00:00
2021-07-23,6180.0,6190.0,6025.0,6035.0,5171.03076171875,79938000,2026-04-15 06:41:16.664219+00:00
2021-07-26,6040.0,6060.0,6005.0,6005.0,5145.32568359375,48171500,2026-04-15 06:41:16.664219+00:00
2021-07-27,6005.0,6060.0,6000.0,6005.0,5145.32568359375,53107500,2026-04-15 06:41:16.664219+00:00
2021-07-28,6005.0,6010.0,5970.0,5980.0,5123.90478515625,74133000,2026-04-15 06:41:16.664219+00:00
2021-07-29,6055.0,6085.0,5980.0,6040.0,5175.31494140625,84605000,2026-04-15 06:41:16.664219+00:00
2021-07-30,6040.0,6100.0,5960.0,5970.0,5115.33642578125,105685000,2026-04-15 06:41:16.664219+00:00
2021-08-02,6060.0,6065.0,5905.0,5960.0,5106.76904296875,119981500,2026-04-15 06:41:16.664219+00:00
2021-08-03,6025.0,6180.0,5985.0,6145.0,5265.28369140625,110071500,2026-04-15 06:41:16.664219+00:00
2021-08-04,6145.0,6150.0,6060.0,6120.0,5243.86279296875,41112000,2026-04-15 06:41:16.664219+00:00
2021-08-05,6170.0,6310.0,6140.0,6300.0,5398.09375,93768000,2026-04-15 06:41:16.664219+00:00
2021-08-06,6360.0,6360.0,6135.0,6160.0,5278.13623046875,67285000,2026-04-15 06:41:16.664219+00:00
2021-08-09,6135.0,6200.0,6105.0,6200.0,5312.40966796875,52858500,2026-04-15 06:41:16.664219+00:00
2021-08-10,6250.0,6300.0,6115.0,6300.0,5398.09375,60446000,2026-04-15 06:41:16.664219+00:00
2021-08-12,6120.0,6320.0,6120.0,6300.0,5398.09375,118325500,2026-04-15 06:41:16.664219+00:00
2021-08-13,6350.0,6435.0,6325.0,6410.0,5492.3466796875,86929000,2026-04-15 06:41:16.664219+00:00
2021-08-16,6420.0,6420.0,6305.0,6420.0,5500.91455078125,69282000,2026-04-15 06:41:16.664219+00:00
2021-08-18,6520.0,6760.0,6460.0,6600.0,5655.14501953125,186354500,2026-04-15 06:41:16.664219+00:00
2021-08-19,6600.0,6600.0,6530.0,6600.0,5655.14501953125,100926000,2026-04-15 06:41:16.664219+00:00
2021-08-20,6600.0,6600.0,6510.0,6600.0,5655.14501953125,120163500,2026-04-15 06:41:16.664219+00:00
2021-08-23,6515.0,6590.0,6515.0,6590.0,5646.5771484375,68253000,2026-04-15 06:41:16.664219+00:00
2021-08-24,6570.0,6600.0,6500.0,6600.0,5655.14501953125,59561500,2026-04-15 06:41:16.664219+00:00
2021-08-25,6600.0,6605.0,6585.0,6600.0,5655.14501953125,80751500,2026-04-15 06:41:16.664219+00:00
2021-08-26,6560.0,6580.0,6470.0,6560.0,5620.8720703125,74337000,2026-04-15 06:41:16.664219+00:00
2021-08-27,6490.0,6530.0,6490.0,6510.0,5578.0302734375,71572500,2026-04-15 06:41:16.664219+00:00
2021-08-30,6530.0,6580.0,6520.0,6565.0,5625.15625,74564500,2026-04-15 06:41:16.664219+00:00
2021-08-31,6520.0,6570.0,6515.0,6550.0,5612.3037109375,115373500,2026-04-15 06:41:16.664219+00:00
2021-09-01,6550.0,6600.0,6535.0,6565.0,5625.15625,67362500,2026-04-15 06:41:16.664219+00:00
2021-09-02,6525.0,6575.0,6455.0,6540.0,5603.73583984375,53257000,2026-04-15 06:41:16.664219+00:00
2021-09-03,6560.0,6600.0,6515.0,6600.0,5655.14501953125,35764500,2026-04-15 06:41:16.664219+00:00
2021-09-06,6600.0,6605.0,6550.0,6575.0,5633.724609375,36780000,2026-04-15 06:41:16.664219+00:00
2021-09-07,6595.0,6605.0,6570.0,6570.0,5629.4404296875,53902000,2026-04-15 06:41:16.664219+00:00
2021-09-08,6550.0,6595.0,6420.0,6440.0,5518.0517578125,77888000,2026-04-15 06:41:16.664219+00:00
2021-09-09,6410.0,6570.0,6410.0,6570.0,5629.4404296875,110074000,2026-04-15 06:41:16.664219+00:00
2021-09-10,6495.0,6565.0,6495.0,6520.0,5586.59814453125,41483500,2026-04-15 06:41:16.664219+00:00
2021-09-13,6560.0,6560.0,6525.0,6555.0,5616.58837890625,29929000,2026-04-15 06:41:16.664219+00:00
2021-09-14,6590.0,6595.0,6495.0,6545.0,5608.02001953125,51990500,2026-04-15 06:41:16.664219+00:00
2021-09-15,6545.0,6550.0,6485.0,6495.0,5565.17724609375,44514000,2026-04-15 06:41:16.664219+00:00
2021-09-16,6580.0,6580.0,6480.0,6500.0,5569.46142578125,58672500,2026-04-15 06:41:16.664219+00:00
2021-09-17,6490.0,6535.0,6480.0,6520.0,5586.59814453125,117540000,2026-04-15 06:41:16.664219+00:00
2021-09-20,6570.0,6590.0,6510.0,6585.0,5642.29296875,73157500,2026-04-15 06:41:16.664219+00:00
2021-09-21,6510.0,6535.0,6470.0,6490.0,5560.89306640625,57115500,2026-04-15 06:41:16.664219+00:00
2021-09-22,6500.0,6580.0,6500.0,6555.0,5616.58837890625,68722000,2026-04-15 06:41:16.664219+00:00
2021-09-23,6555.0,6590.0,6545.0,6580.0,5638.00927734375,60998500,2026-04-15 06:41:16.664219+00:00
2021-09-24,6500.0,6585.0,6500.0,6585.0,5642.29296875,60539500,2026-04-15 06:41:16.664219+00:00
2021-09-27,6585.0,6595.0,6555.0,6580.0,5638.00927734375,55052500,2026-04-15 06:41:16.664219+00:00
2021-09-28,6540.0,6560.0,6500.0,6520.0,5586.59814453125,80186000,2026-04-15 06:41:16.664219+00:00
2021-09-29,6520.0,6580.0,6515.0,6580.0,5638.00927734375,74079000,2026-04-15 06:41:16.664219+00:00
2021-09-30,6600.0,7000.0,6595.0,7000.0,5997.88232421875,156848000,2026-04-15 06:41:16.664219+00:00
2021-10-01,6900.0,6900.0,6710.0,6760.0,5792.23974609375,103954500,2026-04-15 06:41:16.664219+00:00
2021-10-04,6740.0,6960.0,6740.0,6960.0,5963.60791015625,74719000,2026-04-15 06:41:16.664219+00:00
2021-10-05,6910.0,6945.0,6860.0,6945.0,5950.755859375,54986500,2026-04-15 06:41:16.664219+00:00
2021-10-06,6980.0,7180.0,6970.0,7180.0,6152.11279296875,174312000,2026-04-15 06:41:16.664219+00:00
2021-10-07,7175.0,7175.0,7080.0,7160.0,6134.97607421875,107263500,2026-04-15 06:41:16.664219+00:00
2021-10-08,7200.0,7300.0,7175.0,7290.0,6246.36572265625,94643500,2026-04-15 06:41:16.664219+00:00
2021-10-11,7240.0,7290.0,7230.0,7255.0,6216.37646484375,47201000,2026-04-15 06:41:16.664219+00:00
2021-10-12,7255.0,7320.0,7245.0,7320.0,6272.07080078125,91067000,2026-04-15 06:41:16.664219+00:00
2021-10-13,7400.0,8250.0,7400.0,7525.0,6447.72314453125,210893300,2026-04-15 06:41:16.664219+00:00
2021-10-14,7600.0,7900.0,7600.0,7750.0,6640.5126953125,138811900,2026-04-15 06:41:16.664219+00:00
2021-10-15,7800.0,7875.0,7450.0,7650.0,6554.82861328125,142378200,2026-04-15 06:41:16.664219+00:00
2021-10-18,7650.0,7675.0,7475.0,7525.0,6447.72314453125,116644300,2026-04-15 06:41:16.664219+00:00
2021-10-19,7475.0,7525.0,7350.0,7500.0,6426.30126953125,134601200,2026-04-15 06:41:16.664219+00:00
2021-10-21,7500.0,7550.0,7350.0,7400.0,6340.6181640625,106120100,2026-04-15 06:41:16.664219+00:00
2021-10-22,7450.0,7550.0,7425.0,7525.0,6447.72314453125,96730700,2026-04-15 06:41:16.664219+00:00
2021-10-25,7400.0,7525.0,7400.0,7525.0,6447.72314453125,60329800,2026-04-15 06:41:16.664219+00:00
2021-10-26,7600.0,7600.0,7500.0,7525.0,6447.72314453125,70103000,2026-04-15 06:41:16.664219+00:00
2021-10-27,7575.0,7575.0,7425.0,7450.0,6383.46044921875,57067000,2026-04-15 06:41:16.664219+00:00
2021-10-28,7350.0,7425.0,7350.0,7375.0,6319.19677734375,75271900,2026-04-15 06:41:16.664219+00:00
2021-10-29,7450.0,7475.0,7375.0,7475.0,6404.88134765625,60639200,2026-04-15 06:41:16.664219+00:00
2021-11-01,7550.0,7550.0,7400.0,7400.0,6340.6181640625,38593400,2026-04-15 06:41:16.664219+00:00
2021-11-02,7375.0,7425.0,7250.0,7300.0,6254.93408203125,90535400,2026-04-15 06:41:16.664219+00:00
2021-11-03,7300.0,7400.0,7250.0,7350.0,6297.7763671875,61621500,2026-04-15 06:41:16.664219+00:00
2021-11-04,7425.0,7475.0,7375.0,7375.0,6319.19677734375,61081400,2026-04-15 06:41:16.664219+00:00
2021-11-05,7475.0,7475.0,7375.0,7450.0,6383.46044921875,43120400,2026-04-15 06:41:16.664219+00:00
2021-11-08,7500.0,7600.0,7450.0,7575.0,6490.56494140625,85441700,2026-04-15 06:41:16.664219+00:00
2021-11-09,7600.0,7675.0,7575.0,7675.0,6576.24951171875,101785800,2026-04-15 06:41:16.664219+00:00
2021-11-10,7675.0,7675.0,7575.0,7650.0,6554.82861328125,47503900,2026-04-15 06:41:16.664219+00:00
2021-11-11,7700.0,7750.0,7600.0,7675.0,6576.24951171875,55790000,2026-04-15 06:41:16.664219+00:00
2021-11-12,7750.0,7750.0,7525.0,7525.0,6447.72314453125,52590100,2026-04-15 06:41:16.664219+00:00
2021-11-15,7625.0,7625.0,7500.0,7500.0,6426.30126953125,67344200,2026-04-15 06:41:16.664219+00:00
2021-11-16,7400.0,7475.0,7325.0,7475.0,6404.88134765625,98616900,2026-04-15 06:41:16.664219+00:00
2021-11-17,7500.0,7575.0,7425.0,7575.0,6512.345703125,61968100,2026-04-15 06:41:16.664219+00:00
2021-11-18,7425.0,7500.0,7400.0,7400.0,6361.89501953125,78839600,2026-04-15 06:41:16.664219+00:00
2021-11-19,7425.0,7450.0,7375.0,7425.0,6383.388671875,68203700,2026-04-15 06:41:16.664219+00:00
2021-11-22,7425.0,7525.0,7400.0,7475.0,6426.37451171875,66328300,2026-04-15 06:41:16.664219+00:00
2021-11-23,7400.0,7500.0,7400.0,7475.0,6426.37451171875,43477500,2026-04-15 06:41:16.664219+00:00
2021-11-24,7575.0,7575.0,7425.0,7475.0,6426.37451171875,35181400,2026-04-15 06:41:16.664219+00:00
2021-11-25,7450.0,7525.0,7425.0,7425.0,6383.388671875,40216100,2026-04-15 06:41:16.664219+00:00
2021-11-26,7400.0,7450.0,7250.0,7275.0,6254.4306640625,113288400,2026-04-15 06:41:16.664219+00:00
2021-11-29,7275.0,7425.0,7175.0,7400.0,6361.89501953125,87907900,2026-04-15 06:41:16.664219+00:00
2021-11-30,7325.0,7425.0,7275.0,7275.0,6254.4306640625,144923700,2026-04-15 06:41:16.664219+00:00
2021-12-01,7275.0,7450.0,7275.0,7300.0,6275.923828125,76538100,2026-04-15 06:41:16.664219+00:00
2021-12-02,7375.0,7500.0,7300.0,7500.0,6447.8662109375,66831000,2026-04-15 06:41:16.664219+00:00
2021-12-03,7525.0,7525.0,7350.0,7375.0,6340.40234375,63283700,2026-04-15 06:41:16.664219+00:00
2021-12-06,7450.0,7475.0,7350.0,7350.0,6318.90966796875,56944100,2026-04-15 06:41:16.664219+00:00
2021-12-07,7450.0,7475.0,7350.0,7350.0,6318.90966796875,51258200,2026-04-15 06:41:16.664219+00:00
2021-12-08,7450.0,7475.0,7400.0,7425.0,6383.388671875,74775000,2026-04-15 06:41:16.664219+00:00
2021-12-09,7400.0,7450.0,7350.0,7350.0,6318.90966796875,54886400,2026-04-15 06:41:16.664219+00:00
2021-12-10,7325.0,7375.0,7275.0,7375.0,6340.40234375,91092400,2026-04-15 06:41:16.664219+00:00
2021-12-13,7375.0,7400.0,7300.0,7300.0,6275.923828125,59977100,2026-04-15 06:41:16.664219+00:00
2021-12-14,7300.0,7375.0,7275.0,7300.0,6275.923828125,49763600,2026-04-15 06:41:16.664219+00:00
2021-12-15,7300.0,7375.0,7275.0,7300.0,6275.923828125,52477600,2026-04-15 06:41:16.664219+00:00
2021-12-16,7375.0,7400.0,7275.0,7275.0,6254.4306640625,95171400,2026-04-15 06:41:16.664219+00:00
2021-12-17,7325.0,7500.0,7300.0,7500.0,6447.8662109375,107096800,2026-04-15 06:41:16.664219+00:00
2021-12-20,7350.0,7400.0,7325.0,7375.0,6340.40234375,74753000,2026-04-15 06:41:16.664219+00:00
2021-12-21,7325.0,7400.0,7325.0,7375.0,6340.40234375,52386100,2026-04-15 06:41:16.664219+00:00
2021-12-22,7425.0,7425.0,7325.0,7325.0,6297.416015625,33232000,2026-04-15 06:41:16.664219+00:00
2021-12-23,7325.0,7350.0,7300.0,7300.0,6275.923828125,37136400,2026-04-15 06:41:16.664219+00:00
2021-12-24,7300.0,7350.0,7300.0,7300.0,6275.923828125,30802100,2026-04-15 06:41:16.664219+00:00
2021-12-27,7300.0,7350.0,7300.0,7350.0,6318.90966796875,20722100,2026-04-15 06:41:16.664219+00:00
2021-12-28,7375.0,7400.0,7325.0,7350.0,6318.90966796875,39343800,2026-04-15 06:41:16.664219+00:00
2021-12-29,7350.0,7375.0,7300.0,7300.0,6275.923828125,42079500,2026-04-15 06:41:16.664219+00:00
2021-12-30,7350.0,7350.0,7300.0,7300.0,6275.923828125,49954700,2026-04-15 06:41:16.664219+00:00
2022-01-03,7325.0,7400.0,7300.0,7325.0,6297.416015625,54287400,2026-04-15 06:41:16.664219+00:00
2022-01-04,7325.0,7450.0,7325.0,7400.0,6361.89501953125,70624000,2026-04-15 06:41:16.664219+00:00
2022-01-05,7450.0,7525.0,7375.0,7450.0,6404.88134765625,76164900,2026-04-15 06:41:16.664219+00:00
2022-01-06,7500.0,7525.0,7425.0,7475.0,6426.37451171875,63657100,2026-04-15 06:41:16.664219+00:00
2022-01-07,7550.0,7700.0,7500.0,7650.0,6576.82470703125,143433300,2026-04-15 06:41:16.664219+00:00
2022-01-10,7575.0,7650.0,7550.0,7600.0,6533.837890625,45351900,2026-04-15 06:41:16.664219+00:00
2022-01-11,7650.0,7700.0,7625.0,7700.0,6619.81005859375,110334600,2026-04-15 06:41:16.664219+00:00
2022-01-12,7700.0,7700.0,7650.0,7700.0,6619.81005859375,62606000,2026-04-15 06:41:16.664219+00:00
2022-01-13,7700.0,7750.0,7650.0,7700.0,6619.81005859375,50025200,2026-04-15 06:41:16.664219+00:00
2022-01-14,7700.0,7850.0,7650.0,7850.0,6748.76806640625,65898700,2026-04-15 06:41:16.664219+00:00
2022-01-17,7900.0,7900.0,7700.0,7750.0,6662.79638671875,63902600,2026-04-15 06:41:16.664219+00:00
2022-01-18,7775.0,7775.0,7550.0,7675.0,6598.3173828125,71476300,2026-04-15 06:41:16.664219+00:00
2022-01-19,7650.0,7725.0,7575.0,7675.0,6598.3173828125,60389700,2026-04-15 06:41:16.664219+00:00
2022-01-20,7725.0,7775.0,7625.0,7775.0,6684.28857421875,59925500,2026-04-15 06:41:16.664219+00:00
2022-01-21,7775.0,7950.0,7700.0,7950.0,6834.73828125,63370500,2026-04-15 06:41:16.664219+00:00
2022-01-24,7825.0,7850.0,7775.0,7800.0,6705.78125,40278300,2026-04-15 06:41:16.664219+00:00
2022-01-25,7675.0,7775.0,7625.0,7775.0,6684.28857421875,106796900,2026-04-15 06:41:16.664219+00:00
2022-01-26,7700.0,7750.0,7650.0,7700.0,6619.81005859375,53350200,2026-04-15 06:41:16.664219+00:00
2022-01-27,7625.0,7800.0,7625.0,7800.0,6705.78125,71945100,2026-04-15 06:41:16.664219+00:00
2022-01-28,7800.0,7825.0,7700.0,7775.0,6684.28857421875,70595000,2026-04-15 06:41:16.664219+00:00
2022-01-31,7775.0,7775.0,7625.0,7625.0,6555.3310546875,68122000,2026-04-15 06:41:16.664219+00:00
2022-02-02,7775.0,7800.0,7675.0,7800.0,6705.78125,65308100,2026-04-15 06:41:16.664219+00:00
2022-02-03,7800.0,7825.0,7700.0,7725.0,6641.30224609375,35100600,2026-04-15 06:41:16.664219+00:00
2022-02-04,7750.0,7800.0,7700.0,7725.0,6641.30224609375,39324700,2026-04-15 06:41:16.664219+00:00
2022-02-07,7775.0,7800.0,7700.0,7800.0,6705.78125,56813200,2026-04-15 06:41:16.664219+00:00
2022-02-08,7750.0,7850.0,7725.0,7725.0,6641.30224609375,61883100,2026-04-15 06:41:16.664219+00:00
2022-02-09,7850.0,7950.0,7800.0,7950.0,6834.73828125,108922200,2026-04-15 06:41:16.664219+00:00
2022-02-10,7950.0,7950.0,7750.0,7750.0,6662.79638671875,93277000,2026-04-15 06:41:16.664219+00:00
2022-02-11,7675.0,7825.0,7650.0,7825.0,6727.27392578125,71968800,2026-04-15 06:41:16.664219+00:00
2022-02-14,7750.0,7775.0,7700.0,7700.0,6619.81005859375,57710700,2026-04-15 06:41:16.664219+00:00
2022-02-15,7750.0,7875.0,7725.0,7875.0,6770.25927734375,55617000,2026-04-15 06:41:16.664219+00:00
2022-02-16,7850.0,7975.0,7825.0,7975.0,6856.2314453125,77055100,2026-04-15 06:41:16.664219+00:00
2022-02-17,7850.0,7925.0,7800.0,7900.0,6791.7529296875,48704600,2026-04-15 06:41:16.664219+00:00
2022-02-18,7950.0,7950.0,7850.0,7925.0,6813.24560546875,56813400,2026-04-15 06:41:16.664219+00:00
2022-02-21,7925.0,7975.0,7900.0,7950.0,6834.73828125,43821700,2026-04-15 06:41:16.664219+00:00
2022-02-22,7900.0,7950.0,7850.0,7900.0,6791.7529296875,80095500,2026-04-15 06:41:16.664219+00:00
2022-02-23,7900.0,8100.0,7875.0,8050.0,6920.7099609375,99240300,2026-04-15 06:41:16.664219+00:00
2022-02-24,8125.0,8150.0,7925.0,8000.0,6877.72412109375,124947700,2026-04-15 06:41:16.664219+00:00
2022-02-25,7950.0,8175.0,7925.0,8050.0,6920.7099609375,135899900,2026-04-15 06:41:16.664219+00:00
2022-03-01,8000.0,8175.0,8000.0,8050.0,6920.7099609375,136616800,2026-04-15 06:41:16.664219+00:00
2022-03-02,8225.0,8225.0,7975.0,7975.0,6856.2314453125,100301000,2026-04-15 06:41:16.664219+00:00
2022-03-04,7975.0,8025.0,7900.0,7900.0,6791.7529296875,132983400,2026-04-15 06:41:16.664219+00:00
2022-03-07,7800.0,7850.0,7700.0,7700.0,6619.81005859375,130990900,2026-04-15 06:41:16.664219+00:00
2022-03-08,7700.0,7850.0,7650.0,7650.0,6576.82470703125,119256500,2026-04-15 06:41:16.664219+00:00
2022-03-09,7700.0,7950.0,7650.0,7850.0,6748.76806640625,132814500,2026-04-15 06:41:16.664219+00:00
2022-03-10,7925.0,7975.0,7800.0,7925.0,6813.24560546875,86484000,2026-04-15 06:41:16.664219+00:00
2022-03-11,7725.0,7950.0,7725.0,7950.0,6834.73828125,61053900,2026-04-15 06:41:16.664219+00:00
2022-03-14,8050.0,8100.0,7950.0,8075.0,6942.203125,78432100,2026-04-15 06:41:16.664219+00:00
2022-03-15,8150.0,8200.0,8075.0,8150.0,7006.68212890625,111214500,2026-04-15 06:41:16.664219+00:00
2022-03-16,8275.0,8275.0,8075.0,8200.0,7049.66796875,149761300,2026-04-15 06:41:16.664219+00:00
2022-03-17,8300.0,8300.0,8000.0,8000.0,6877.72412109375,132439400,2026-04-15 06:41:16.664219+00:00
2022-03-18,8000.0,8100.0,7900.0,7900.0,6791.7529296875,143981700,2026-04-15 06:41:16.664219+00:00
2022-03-21,7800.0,7950.0,7800.0,7900.0,6791.7529296875,85485500,2026-04-15 06:41:16.664219+00:00
2022-03-22,7900.0,7950.0,7875.0,7925.0,6813.24560546875,60010900,2026-04-15 06:41:16.664219+00:00
2022-03-23,7925.0,7950.0,7825.0,7900.0,6791.7529296875,82208000,2026-04-15 06:41:16.664219+00:00
2022-03-24,7850.0,7950.0,7800.0,7925.0,6813.24560546875,95245100,2026-04-15 06:41:16.664219+00:00
2022-03-25,7900.0,7950.0,7900.0,7950.0,6834.73828125,85101200,2026-04-15 06:41:16.664219+00:00
2022-03-28,7825.0,7900.0,7800.0,7900.0,6895.8408203125,83911500,2026-04-15 06:41:16.664219+00:00
2022-03-29,7875.0,7900.0,7825.0,7850.0,6852.19677734375,62180600,2026-04-15 06:41:16.664219+00:00
2022-03-30,7900.0,7900.0,7825.0,7875.0,6874.0185546875,71430600,2026-04-15 06:41:16.664219+00:00
2022-03-31,7925.0,8000.0,7875.0,7975.0,6961.3076171875,112691900,2026-04-15 06:41:16.664219+00:00
2022-04-01,8075.0,8075.0,7850.0,7925.0,6917.6630859375,105575400,2026-04-15 06:41:16.664219+00:00
2022-04-04,7925.0,7925.0,7825.0,7900.0,6895.8408203125,57321200,2026-04-15 06:41:16.664219+00:00
2022-04-05,7900.0,7900.0,7850.0,7900.0,6895.8408203125,48528300,2026-04-15 06:41:16.664219+00:00
2022-04-06,7825.0,7850.0,7750.0,7750.0,6764.90771484375,119263000,2026-04-15 06:41:16.664219+00:00
2022-04-07,7725.0,7825.0,7700.0,7750.0,6764.90771484375,68619400,2026-04-15 06:41:16.664219+00:00
2022-04-08,7800.0,7875.0,7775.0,7850.0,6852.19677734375,69791600,2026-04-15 06:41:16.664219+00:00
2022-04-11,7825.0,7875.0,7725.0,7725.0,6743.0849609375,62776200,2026-04-15 06:41:16.664219+00:00
2022-04-12,7725.0,7800.0,7700.0,7800.0,6808.55126953125,73471300,2026-04-15 06:41:16.664219+00:00
2022-04-13,7800.0,7850.0,7750.0,7800.0,6808.55126953125,57622100,2026-04-15 06:41:16.664219+00:00
2022-04-14,7800.0,7800.0,7700.0,7700.0,6721.26318359375,93342900,2026-04-15 06:41:16.664219+00:00
2022-04-18,7700.0,7725.0,7625.0,7700.0,6721.26318359375,68464700,2026-04-15 06:41:16.664219+00:00
2022-04-19,7700.0,7700.0,7625.0,7625.0,6655.79638671875,98632000,2026-04-15 06:41:16.664219+00:00
2022-04-20,7725.0,7725.0,7625.0,7650.0,6677.61767578125,124388800,2026-04-15 06:41:16.664219+00:00
2022-04-21,7800.0,7925.0,7750.0,7925.0,6917.6630859375,129323400,2026-04-15 06:41:16.664219+00:00
2022-04-22,7850.0,7925.0,7800.0,7875.0,6874.0185546875,85956100,2026-04-15 06:41:16.664219+00:00
2022-04-25,7875.0,8000.0,7825.0,8000.0,6983.1298828125,91279600,2026-04-15 06:41:16.664219+00:00
2022-04-26,7925.0,8125.0,7925.0,8125.0,7092.24169921875,128360900,2026-04-15 06:41:16.664219+00:00
2022-04-27,8075.0,8200.0,8075.0,8200.0,7157.708984375,89463100,2026-04-15 06:41:16.664219+00:00
2022-04-28,8250.0,8250.0,8075.0,8125.0,7092.24169921875,133730600,2026-04-15 06:41:16.664219+00:00
2022-05-09,7875.0,7900.0,7600.0,7600.0,6633.97314453125,456796600,2026-04-15 06:41:16.664219+00:00
2022-05-10,7250.0,7600.0,7250.0,7525.0,6568.5068359375,268445700,2026-04-15 06:41:16.664219+00:00
2022-05-11,7525.0,7700.0,7450.0,7650.0,6677.61767578125,156535200,2026-04-15 06:41:16.664219+00:00
2022-05-12,7525.0,7550.0,7275.0,7275.0,6350.28466796875,240529600,2026-04-15 06:41:16.664219+00:00
2022-05-13,7250.0,7475.0,7250.0,7325.0,6393.927734375,212968600,2026-04-15 06:41:16.664219+00:00
2022-05-17,7275.0,7475.0,7275.0,7400.0,6459.3955078125,159657600,2026-04-15 06:41:16.664219+00:00
2022-05-18,7500.0,7575.0,7375.0,7575.0,6612.1513671875,153514300,2026-04-15 06:41:16.664219+00:00
2022-05-19,7400.0,7475.0,7375.0,7450.0,6503.0400390625,140908900,2026-04-15 06:41:16.664219+00:00
2022-05-20,7425.0,7475.0,7400.0,7400.0,6459.3955078125,86520200,2026-04-15 06:41:16.664219+00:00
2022-05-23,7450.0,7475.0,7350.0,7375.0,6437.5732421875,71603500,2026-04-15 06:41:16.664219+00:00
2022-05-24,7325.0,7475.0,7325.0,7350.0,6415.75146484375,108710800,2026-04-15 06:41:16.664219+00:00
2022-05-25,7400.0,7450.0,7350.0,7375.0,6437.5732421875,76747400,2026-04-15 06:41:16.664219+00:00
2022-05-27,7525.0,7575.0,7475.0,7575.0,6612.1513671875,84336900,2026-04-15 06:41:16.664219+00:00
2022-05-30,7575.0,7600.0,7475.0,7575.0,6612.1513671875,105411400,2026-04-15 06:41:16.664219+00:00
2022-05-31,7600.0,7750.0,7525.0,7750.0,6764.90771484375,286292700,2026-04-15 06:41:16.664219+00:00
2022-06-02,7625.0,7675.0,7525.0,7575.0,6612.1513671875,149226300,2026-04-15 06:41:16.664219+00:00
2022-06-03,7600.0,7675.0,7575.0,7600.0,6633.97314453125,80563100,2026-04-15 06:41:16.664219+00:00
2022-06-06,7550.0,7575.0,7425.0,7450.0,6503.0400390625,81140300,2026-04-15 06:41:16.664219+00:00
2022-06-07,7300.0,7475.0,7300.0,7375.0,6437.5732421875,129242500,2026-04-15 06:41:16.664219+00:00
2022-06-08,7500.0,7600.0,7425.0,7600.0,6633.97314453125,108910500,2026-04-15 06:41:16.664219+00:00
2022-06-09,7500.0,7575.0,7500.0,7500.0,6546.6845703125,107828300,2026-04-15 06:41:16.664219+00:00
2022-06-10,7400.0,7450.0,7350.0,7350.0,6415.75146484375,111768600,2026-04-15 06:41:16.664219+00:00
2022-06-13,7300.0,7400.0,7275.0,7350.0,6415.75146484375,85539500,2026-04-15 06:41:16.664219+00:00
2022-06-14,7300.0,7400.0,7250.0,7400.0,6459.3955078125,80865100,2026-04-15 06:41:16.664219+00:00
2022-06-15,7300.0,7375.0,7300.0,7325.0,6393.927734375,130367100,2026-04-15 06:41:16.664219+00:00
2022-06-16,7400.0,7600.0,7375.0,7575.0,6612.1513671875,132666300,2026-04-15 06:41:16.664219+00:00
2022-06-17,7425.0,7550.0,7425.0,7500.0,6546.6845703125,117839400,2026-04-15 06:41:16.664219+00:00
2022-06-20,7600.0,7650.0,7500.0,7625.0,6655.79638671875,88138700,2026-04-15 06:41:16.664219+00:00
2022-06-21,7600.0,7650.0,7550.0,7650.0,6677.61767578125,44295700,2026-04-15 06:41:16.664219+00:00
2022-06-22,7625.0,7650.0,7500.0,7500.0,6546.6845703125,53041800,2026-04-15 06:41:16.664219+00:00
2022-06-23,7450.0,7575.0,7450.0,7525.0,6568.5068359375,60443000,2026-04-15 06:41:16.664219+00:00
2022-06-24,7600.0,7600.0,7475.0,7475.0,6524.86279296875,57956600,2026-04-15 06:41:16.664219+00:00
2022-06-27,7475.0,7500.0,7350.0,7350.0,6415.75146484375,76354100,2026-04-15 06:41:16.664219+00:00
2022-06-28,7300.0,7400.0,7300.0,7300.0,6372.1064453125,146078100,2026-04-15 06:41:16.664219+00:00
2022-06-29,7325.0,7400.0,7275.0,7275.0,6350.28466796875,98517800,2026-04-15 06:41:16.664219+00:00
2022-06-30,7300.0,7400.0,7250.0,7250.0,6328.4619140625,101343900,2026-04-15 06:41:16.664219+00:00
2022-07-01,7300.0,7325.0,7250.0,7250.0,6328.4619140625,68738800,2026-04-15 06:41:16.664219+00:00
2022-07-04,7250.0,7275.0,7000.0,7050.0,6153.88330078125,102238600,2026-04-15 06:41:16.664219+00:00
2022-07-05,7100.0,7325.0,7100.0,7250.0,6328.4619140625,69172900,2026-04-15 06:41:16.664219+00:00
2022-07-06,7300.0,7325.0,7175.0,7300.0,6372.1064453125,66801100,2026-04-15 06:41:16.664219+00:00
2022-07-07,7225.0,7250.0,7100.0,7100.0,6197.5283203125,86126800,2026-04-15 06:41:16.664219+00:00
2022-07-08,7125.0,7175.0,7075.0,7150.0,6241.171875,64312400,2026-04-15 06:41:16.664219+00:00
2022-07-11,7200.0,7200.0,7125.0,7125.0,6219.35009765625,36830800,2026-04-15 06:41:16.664219+00:00
2022-07-12,7175.0,7250.0,7150.0,7175.0,6262.99560546875,34269000,2026-04-15 06:41:16.664219+00:00
2022-07-13,7100.0,7125.0,7000.0,7000.0,6110.23828125,71988200,2026-04-15 06:41:16.664219+00:00
2022-07-14,7025.0,7100.0,7000.0,7025.0,6132.0615234375,83316300,2026-04-15 06:41:16.664219+00:00
2022-07-15,7100.0,7100.0,7000.0,7000.0,6110.23828125,57419900,2026-04-15 06:41:16.664219+00:00
2022-07-18,7025.0,7150.0,7025.0,7150.0,6241.171875,60077700,2026-04-15 06:41:16.664219+00:00
2022-07-19,7100.0,7175.0,7100.0,7175.0,6262.99560546875,59641000,2026-04-15 06:41:16.664219+00:00
2022-07-20,7200.0,7400.0,7175.0,7400.0,6459.3955078125,105792900,2026-04-15 06:41:16.664219+00:00
2022-07-21,7400.0,7400.0,7250.0,7400.0,6459.3955078125,64337100,2026-04-15 06:41:16.664219+00:00
2022-07-22,7400.0,7400.0,7300.0,7325.0,6393.927734375,38956500,2026-04-15 06:41:16.664219+00:00
2022-07-25,7350.0,7375.0,7300.0,7300.0,6372.1064453125,31247600,2026-04-15 06:41:16.664219+00:00
2022-07-26,7250.0,7375.0,7250.0,7300.0,6372.1064453125,44379900,2026-04-15 06:41:16.664219+00:00
2022-07-27,7325.0,7350.0,7275.0,7325.0,6393.927734375,58465500,2026-04-15 06:41:16.664219+00:00
2022-07-28,7375.0,7450.0,7325.0,7350.0,6415.75146484375,86909700,2026-04-15 06:41:16.664219+00:00
2022-07-29,7400.0,7475.0,7350.0,7350.0,6415.75146484375,131553000,2026-04-15 06:41:16.664219+00:00
2022-08-01,7350.0,7500.0,7350.0,7500.0,6546.6845703125,104841600,2026-04-15 06:41:16.664219+00:00
2022-08-02,7600.0,7625.0,7500.0,7600.0,6633.97314453125,106466900,2026-04-15 06:41:16.664219+00:00
2022-08-03,7625.0,7625.0,7575.0,7625.0,6655.79638671875,60170600,2026-04-15 06:41:16.664219+00:00
2022-08-04,7675.0,7800.0,7650.0,7800.0,6808.55126953125,164221000,2026-04-15 06:41:16.664219+00:00
2022-08-05,7825.0,7875.0,7725.0,7875.0,6874.0185546875,118734200,2026-04-15 06:41:16.664219+00:00
2022-08-08,7875.0,7925.0,7750.0,7875.0,6874.0185546875,84328900,2026-04-15 06:41:16.664219+00:00
2022-08-09,7875.0,7975.0,7875.0,7900.0,6895.8408203125,92875800,2026-04-15 06:41:16.664219+00:00
2022-08-10,7800.0,7900.0,7725.0,7900.0,6895.8408203125,104376300,2026-04-15 06:41:16.664219+00:00
2022-08-11,7850.0,7950.0,7825.0,7950.0,6939.48681640625,73204700,2026-04-15 06:41:16.664219+00:00
2022-08-12,7925.0,7975.0,7850.0,7925.0,6917.6630859375,59381200,2026-04-15 06:41:16.664219+00:00
2022-08-15,7950.0,7975.0,7900.0,7950.0,6939.48681640625,81411000,2026-04-15 06:41:16.664219+00:00
2022-08-16,7950.0,7975.0,7850.0,7975.0,6961.3076171875,83556700,2026-04-15 06:41:16.664219+00:00
2022-08-18,7900.0,8025.0,7875.0,8000.0,6983.1298828125,86136900,2026-04-15 06:41:16.664219+00:00
2022-08-19,8050.0,8050.0,7900.0,7900.0,6895.8408203125,58194900,2026-04-15 06:41:16.664219+00:00
2022-08-22,7850.0,8000.0,7825.0,8000.0,6983.1298828125,97293300,2026-04-15 06:41:16.664219+00:00
2022-08-23,8000.0,8000.0,7900.0,7900.0,6895.8408203125,71671800,2026-04-15 06:41:16.664219+00:00
2022-08-24,7950.0,8025.0,7900.0,7950.0,6939.48681640625,108892400,2026-04-15 06:41:16.664219+00:00
2022-08-25,8000.0,8100.0,7900.0,8075.0,7048.5966796875,99503500,2026-04-15 06:41:16.664219+00:00
2022-08-26,8025.0,8125.0,8000.0,8000.0,6983.1298828125,80472400,2026-04-15 06:41:16.664219+00:00
2022-08-29,8000.0,8150.0,7950.0,8150.0,7114.0634765625,57762100,2026-04-15 06:41:16.664219+00:00
2022-08-30,8100.0,8275.0,8075.0,8175.0,7135.8857421875,124467000,2026-04-15 06:41:16.664219+00:00
2022-08-31,8075.0,8225.0,8050.0,8200.0,7157.708984375,137659900,2026-04-15 06:41:16.664219+00:00
2022-09-01,8150.0,8250.0,8125.0,8150.0,7114.0634765625,74960800,2026-04-15 06:41:16.664219+00:00
2022-09-02,8150.0,8225.0,8150.0,8225.0,7179.53076171875,71430600,2026-04-15 06:41:16.664219+00:00
2022-09-05,8225.0,8300.0,8200.0,8275.0,7223.17578125,62906000,2026-04-15 06:41:16.664219+00:00
2022-09-06,8300.0,8350.0,8250.0,8275.0,7223.17578125,67079900,2026-04-15 06:41:16.664219+00:00
2022-09-07,8250.0,8375.0,8250.0,8375.0,7310.46484375,117931700,2026-04-15 06:41:16.664219+00:00
2022-09-08,8400.0,8500.0,8350.0,8350.0,7288.64208984375,132777400,2026-04-15 06:41:16.664219+00:00
2022-09-09,8500.0,8500.0,8275.0,8375.0,7310.46484375,91234600,2026-04-15 06:41:16.664219+00:00
2022-09-12,8325.0,8425.0,8325.0,8375.0,7310.46484375,52395300,2026-04-15 06:41:16.664219+00:00
2022-09-13,8375.0,8575.0,8375.0,8525.0,7441.39794921875,124485200,2026-04-15 06:41:16.664219+00:00
2022-09-14,8375.0,8650.0,8375.0,8500.0,7419.57568359375,116642400,2026-04-15 06:41:16.664219+00:00
2022-09-15,8500.0,8875.0,8500.0,8750.0,7637.798828125,190404800,2026-04-15 06:41:16.664219+00:00
2022-09-16,8700.0,8725.0,8450.0,8450.0,7375.931640625,363127600,2026-04-15 06:41:16.664219+00:00
2022-09-19,8475.0,8750.0,8450.0,8650.0,7550.51025390625,102530600,2026-04-15 06:41:16.664219+00:00
2022-09-20,8550.0,8650.0,8550.0,8550.0,7463.220703125,89238400,2026-04-15 06:41:16.664219+00:00
2022-09-21,8525.0,8600.0,8425.0,8475.0,7397.75390625,90933700,2026-04-15 06:41:16.664219+00:00
2022-09-22,8375.0,8525.0,8375.0,8475.0,7397.75390625,61908500,2026-04-15 06:41:16.664219+00:00
2022-09-23,8375.0,8475.0,8375.0,8375.0,7310.46484375,60567600,2026-04-15 06:41:16.664219+00:00
2022-09-26,8200.0,8500.0,8200.0,8425.0,7354.1083984375,106228200,2026-04-15 06:41:16.664219+00:00
2022-09-27,8375.0,8450.0,8300.0,8300.0,7244.9970703125,89567100,2026-04-15 06:41:16.664219+00:00
2022-09-28,8250.0,8425.0,8250.0,8325.0,7266.8203125,89153400,2026-04-15 06:41:16.664219+00:00
2022-09-29,8325.0,8450.0,8325.0,8375.0,7310.46484375,62643700,2026-04-15 06:41:16.664219+00:00
2022-09-30,8375.0,8575.0,8275.0,8550.0,7463.220703125,176524800,2026-04-15 06:41:16.664219+00:00
2022-10-03,8450.0,8525.0,8450.0,8500.0,7419.57568359375,115079600,2026-04-15 06:41:16.664219+00:00
2022-10-04,8525.0,8625.0,8525.0,8550.0,7463.220703125,80524500,2026-04-15 06:41:16.664219+00:00
2022-10-05,8525.0,8550.0,8425.0,8450.0,7375.931640625,63788000,2026-04-15 06:41:16.664219+00:00
2022-10-06,8475.0,8500.0,8425.0,8425.0,7354.1083984375,43967400,2026-04-15 06:41:16.664219+00:00
2022-10-07,8325.0,8375.0,8200.0,8200.0,7157.708984375,112043400,2026-04-15 06:41:16.664219+00:00
2022-10-10,8150.0,8375.0,8125.0,8300.0,7244.9970703125,80238200,2026-04-15 06:41:16.664219+00:00
2022-10-11,8200.0,8300.0,8150.0,8250.0,7201.35302734375,64060000,2026-04-15 06:41:16.664219+00:00
2022-10-12,8200.0,8325.0,8175.0,8325.0,7266.8203125,47569700,2026-04-15 06:41:16.664219+00:00
2022-10-13,8275.0,8375.0,8275.0,8275.0,7223.17578125,62282800,2026-04-15 06:41:16.664219+00:00
2022-10-14,8300.0,8350.0,8250.0,8250.0,7201.35302734375,70642900,2026-04-15 06:41:16.664219+00:00
2022-10-17,8250.0,8300.0,8175.0,8250.0,7201.35302734375,56387500,2026-04-15 06:41:16.664219+00:00
2022-10-18,8275.0,8475.0,8250.0,8300.0,7244.9970703125,85665300,2026-04-15 06:41:16.664219+00:00
2022-10-19,8250.0,8350.0,8225.0,8275.0,7223.17578125,66753500,2026-04-15 06:41:16.664219+00:00
2022-10-20,8250.0,8500.0,8250.0,8500.0,7419.57568359375,91812300,2026-04-15 06:41:16.664219+00:00
2022-10-21,8450.0,8725.0,8450.0,8650.0,7550.51025390625,122777800,2026-04-15 06:41:16.664219+00:00
2022-10-24,8750.0,8900.0,8725.0,8900.0,7768.7314453125,89416500,2026-04-15 06:41:16.664219+00:00
2022-10-25,8825.0,8875.0,8700.0,8700.0,7594.15478515625,84696300,2026-04-15 06:41:16.664219+00:00
2022-10-26,8625.0,8650.0,8550.0,8550.0,7463.220703125,98962100,2026-04-15 06:41:16.664219+00:00
2022-10-27,8550.0,8700.0,8550.0,8700.0,7594.15478515625,77003400,2026-04-15 06:41:16.664219+00:00
2022-10-28,8650.0,8750.0,8650.0,8750.0,7637.798828125,84980600,2026-04-15 06:41:16.664219+00:00
2022-10-31,8850.0,8850.0,8775.0,8800.0,7681.4443359375,138922800,2026-04-15 06:41:16.664219+00:00
2022-11-01,9000.0,9000.0,8725.0,8800.0,7681.4443359375,118118400,2026-04-15 06:41:16.664219+00:00
2022-11-02,8800.0,8825.0,8725.0,8750.0,7637.798828125,68323600,2026-04-15 06:41:16.664219+00:00
2022-11-03,8700.0,8825.0,8700.0,8800.0,7681.4443359375,81856300,2026-04-15 06:41:16.664219+00:00
2022-11-04,8775.0,8800.0,8675.0,8775.0,7659.62060546875,84458300,2026-04-15 06:41:16.664219+00:00
2022-11-07,8725.0,8850.0,8675.0,8850.0,7725.0869140625,94794000,2026-04-15 06:41:16.664219+00:00
2022-11-08,8850.0,8875.0,8725.0,8750.0,7637.798828125,42525500,2026-04-15 06:41:16.664219+00:00
2022-11-09,8675.0,8875.0,8675.0,8875.0,7746.9111328125,96599500,2026-04-15 06:41:16.664219+00:00
2022-11-10,8725.0,8800.0,8725.0,8800.0,7681.4443359375,89463000,2026-04-15 06:41:16.664219+00:00
2022-11-11,8900.0,8925.0,8825.0,8850.0,7725.0869140625,59597900,2026-04-15 06:41:16.664219+00:00
2022-11-14,8875.0,8900.0,8750.0,8750.0,7637.798828125,49208200,2026-04-15 06:41:16.664219+00:00
2022-11-15,8775.0,8850.0,8750.0,8800.0,7681.4443359375,59092900,2026-04-15 06:41:16.664219+00:00
2022-11-16,8625.0,8675.0,8550.0,8600.0,7506.86474609375,143424800,2026-04-15 06:41:16.664219+00:00
2022-11-17,8625.0,8825.0,8600.0,8725.0,7615.97705078125,72679800,2026-04-15 06:41:16.664219+00:00
2022-11-18,8725.0,8900.0,8725.0,8825.0,7703.265625,83556900,2026-04-15 06:41:16.664219+00:00
2022-11-21,8875.0,8900.0,8725.0,8725.0,7615.97705078125,35901000,2026-04-15 06:41:16.664219+00:00
2022-11-22,8900.0,8950.0,8850.0,8900.0,7768.7314453125,84684200,2026-04-15 06:41:16.664219+00:00
2022-11-23,8900.0,8975.0,8875.0,8875.0,7746.9111328125,84642100,2026-04-15 06:41:16.664219+00:00
2022-11-24,8975.0,9000.0,8950.0,9000.0,7856.02197265625,53520800,2026-04-15 06:41:16.664219+00:00
2022-11-25,9000.0,9000.0,8900.0,8975.0,7834.19775390625,75048300,2026-04-15 06:41:16.664219+00:00
2022-11-28,9050.0,9100.0,8975.0,9025.0,7877.8447265625,96209700,2026-04-15 06:41:16.664219+00:00
2022-11-29,8975.0,9075.0,8925.0,8975.0,7834.19775390625,91562100,2026-04-15 06:41:16.664219+00:00
2022-11-30,8875.0,9400.0,8850.0,9300.0,8117.8876953125,644359600,2026-04-15 06:41:16.664219+00:00
2022-12-01,9275.0,9350.0,9000.0,9000.0,7856.02197265625,155775400,2026-04-15 06:41:16.664219+00:00
2022-12-02,8900.0,8975.0,8900.0,8900.0,7799.06103515625,130982100,2026-04-15 06:41:16.664219+00:00
2022-12-05,8800.0,8900.0,8775.0,8775.0,7689.5244140625,114656300,2026-04-15 06:41:16.664219+00:00
2022-12-06,8725.0,8750.0,8575.0,8675.0,7601.89453125,180553800,2026-04-15 06:41:16.664219+00:00
2022-12-07,8500.0,8575.0,8450.0,8450.0,7404.7275390625,229308700,2026-04-15 06:41:16.664219+00:00
2022-12-08,8375.0,8575.0,8350.0,8500.0,7448.54248046875,172590100,2026-04-15 06:41:16.664219+00:00
2022-12-09,8500.0,8600.0,8450.0,8575.0,7514.26416015625,90851300,2026-04-15 06:41:16.664219+00:00
2022-12-12,8525.0,8700.0,8475.0,8700.0,7623.8017578125,102851800,2026-04-15 06:41:16.664219+00:00
2022-12-13,8625.0,8700.0,8550.0,8700.0,7623.8017578125,104580200,2026-04-15 06:41:16.664219+00:00
2022-12-14,8600.0,8700.0,8525.0,8625.0,7558.080078125,118164300,2026-04-15 06:41:16.664219+00:00
2022-12-15,8575.0,8600.0,8500.0,8500.0,7448.54248046875,113255700,2026-04-15 06:41:16.664219+00:00
2022-12-16,8425.0,8650.0,8400.0,8600.0,7536.17236328125,181516700,2026-04-15 06:41:16.664219+00:00
2022-12-19,8650.0,8700.0,8600.0,8650.0,7579.98779296875,67482900,2026-04-15 06:41:16.664219+00:00
2022-12-20,8550.0,8650.0,8550.0,8575.0,7514.26416015625,41243700,2026-04-15 06:41:16.664219+00:00
2022-12-21,8600.0,8700.0,8575.0,8675.0,7601.89453125,33617700,2026-04-15 06:41:16.664219+00:00
2022-12-22,8650.0,8675.0,8575.0,8575.0,7514.26416015625,59591500,2026-04-15 06:41:16.664219+00:00
2022-12-23,8525.0,8575.0,8500.0,8500.0,7448.54248046875,47393000,2026-04-15 06:41:16.664219+00:00
2022-12-26,8500.0,8625.0,8500.0,8575.0,7514.26416015625,20495900,2026-04-15 06:41:16.664219+00:00
2022-12-27,8600.0,8650.0,8575.0,8600.0,7536.17236328125,27193800,2026-04-15 06:41:16.664219+00:00
2022-12-28,8650.0,8650.0,8550.0,8650.0,7579.98779296875,40420200,2026-04-15 06:41:16.664219+00:00
2022-12-29,8525.0,8600.0,8500.0,8575.0,7514.26416015625,47020900,2026-04-15 06:41:16.664219+00:00
2022-12-30,8575.0,8650.0,8550.0,8550.0,7492.357421875,44681400,2026-04-15 06:41:16.664219+00:00
2023-01-02,8575.0,8600.0,8500.0,8550.0,7492.357421875,10653900,2026-04-15 06:41:16.664219+00:00
2023-01-03,8550.0,8600.0,8525.0,8550.0,7492.357421875,27399100,2026-04-15 06:41:16.664219+00:00
2023-01-04,8525.0,8575.0,8350.0,8350.0,7317.09716796875,90918800,2026-04-15 06:41:16.664219+00:00
2023-01-05,8350.0,8375.0,8150.0,8250.0,7229.46728515625,128838500,2026-04-15 06:41:16.664219+00:00
2023-01-06,8100.0,8325.0,8100.0,8300.0,7273.283203125,69286600,2026-04-15 06:41:16.664219+00:00
2023-01-09,8325.0,8450.0,8325.0,8450.0,7404.7275390625,86916900,2026-04-15 06:41:16.664219+00:00
2023-01-10,8400.0,8425.0,8150.0,8175.0,7163.7451171875,101759100,2026-04-15 06:41:16.664219+00:00
2023-01-11,8050.0,8150.0,8000.0,8125.0,7119.9306640625,96069100,2026-04-15 06:41:16.664219+00:00
2023-01-12,8150.0,8275.0,8125.0,8175.0,7163.7451171875,103804600,2026-04-15 06:41:16.664219+00:00
2023-01-13,8150.0,8175.0,8025.0,8050.0,7054.20849609375,119748200,2026-04-15 06:41:16.664219+00:00
2023-01-16,8050.0,8200.0,8050.0,8150.0,7141.837890625,105710700,2026-04-15 06:41:16.664219+00:00
2023-01-17,8175.0,8375.0,8150.0,8325.0,7295.1904296875,88695900,2026-04-15 06:41:16.664219+00:00
2023-01-18,8200.0,8325.0,8175.0,8300.0,7273.283203125,96814600,2026-04-15 06:41:16.664219+00:00
2023-01-19,8350.0,8350.0,8250.0,8325.0,7295.1904296875,66391800,2026-04-15 06:41:16.664219+00:00
2023-01-20,8275.0,8325.0,8250.0,8300.0,7273.283203125,96859500,2026-04-15 06:41:16.664219+00:00
2023-01-24,8300.0,8350.0,8225.0,8225.0,7207.56005859375,42474500,2026-04-15 06:41:16.664219+00:00
2023-01-25,8300.0,8300.0,8200.0,8200.0,7185.6533203125,66124500,2026-04-15 06:41:16.664219+00:00
2023-01-26,8225.0,8475.0,8225.0,8475.0,7426.63525390625,77582300,2026-04-15 06:41:16.664219+00:00
2023-01-27,8700.0,8850.0,8550.0,8700.0,7623.8017578125,196804700,2026-04-15 06:41:16.664219+00:00
2023-01-30,8725.0,8775.0,8575.0,8700.0,7623.8017578125,68544300,2026-04-15 06:41:16.664219+00:00
2023-01-31,8625.0,8675.0,8475.0,8475.0,7426.63525390625,200589000,2026-04-15 06:41:16.664219+00:00
2023-02-01,8575.0,8575.0,8450.0,8500.0,7448.54248046875,77396200,2026-04-15 06:41:16.664219+00:00
2023-02-02,8425.0,8525.0,8400.0,8450.0,7404.7275390625,99109500,2026-04-15 06:41:16.664219+00:00
2023-02-03,8550.0,8700.0,8500.0,8700.0,7623.8017578125,71716700,2026-04-15 06:41:16.664219+00:00
2023-02-06,8750.0,8750.0,8650.0,8725.0,7645.71044921875,117757700,2026-04-15 06:41:16.664219+00:00
2023-02-07,8775.0,8850.0,8750.0,8850.0,7755.2470703125,116014700,2026-04-15 06:41:16.664219+00:00
2023-02-08,8825.0,8850.0,8800.0,8825.0,7733.33935546875,54495500,2026-04-15 06:41:16.664219+00:00
2023-02-09,8825.0,8900.0,8800.0,8900.0,7799.06103515625,72381700,2026-04-15 06:41:16.664219+00:00
2023-02-10,8875.0,8900.0,8700.0,8825.0,7733.33935546875,62060900,2026-04-15 06:41:16.664219+00:00
2023-02-13,8875.0,8900.0,8775.0,8875.0,7777.15576171875,63775000,2026-04-15 06:41:16.664219+00:00
2023-02-14,8850.0,8950.0,8825.0,8950.0,7842.876953125,81678200,2026-04-15 06:41:16.664219+00:00
2023-02-15,8875.0,8900.0,8750.0,8875.0,7777.15576171875,38037000,2026-04-15 06:41:16.664219+00:00
2023-02-16,8825.0,8850.0,8700.0,8700.0,7623.8017578125,66040400,2026-04-15 06:41:16.664219+00:00
2023-02-17,8775.0,8850.0,8725.0,8725.0,7645.71044921875,43588900,2026-04-15 06:41:16.664219+00:00
2023-02-20,8725.0,8825.0,8700.0,8750.0,7667.61669921875,40077000,2026-04-15 06:41:16.664219+00:00
2023-02-21,8775.0,8800.0,8700.0,8700.0,7623.8017578125,25390500,2026-04-15 06:41:16.664219+00:00
2023-02-22,8700.0,8750.0,8625.0,8675.0,7601.89453125,38671900,2026-04-15 06:41:16.664219+00:00
2023-02-23,8625.0,8750.0,8625.0,8725.0,7645.71044921875,53412300,2026-04-15 06:41:16.664219+00:00
2023-02-24,8775.0,8850.0,8675.0,8675.0,7601.89453125,44123400,2026-04-15 06:41:16.664219+00:00
2023-02-27,8675.0,8775.0,8650.0,8775.0,7689.5244140625,59983900,2026-04-15 06:41:16.664219+00:00
2023-02-28,8775.0,8775.0,8675.0,8750.0,7667.61669921875,106349400,2026-04-15 06:41:16.664219+00:00
2023-03-01,8725.0,8750.0,8600.0,8600.0,7536.17236328125,67034700,2026-04-15 06:41:16.664219+00:00
2023-03-02,8600.0,8700.0,8600.0,8625.0,7558.080078125,56672000,2026-04-15 06:41:16.664219+00:00
2023-03-03,8650.0,8675.0,8475.0,8475.0,7426.63525390625,95376900,2026-04-15 06:41:16.664219+00:00
2023-03-06,8550.0,8550.0,8400.0,8400.0,7360.91259765625,92652000,2026-04-15 06:41:16.664219+00:00
2023-03-07,8350.0,8475.0,8350.0,8425.0,7382.8203125,106115600,2026-04-15 06:41:16.664219+00:00
2023-03-08,8400.0,8575.0,8400.0,8575.0,7514.26416015625,79350900,2026-04-15 06:41:16.664219+00:00
2023-03-09,8650.0,8650.0,8550.0,8575.0,7514.26416015625,54201400,2026-04-15 06:41:16.664219+00:00
2023-03-10,8500.0,8550.0,8450.0,8450.0,7404.7275390625,59580100,2026-04-15 06:41:16.664219+00:00
2023-03-13,8450.0,8625.0,8450.0,8550.0,7492.357421875,82077700,2026-04-15 06:41:16.664219+00:00
2023-03-14,8425.0,8475.0,8325.0,8325.0,7295.1904296875,90495300,2026-04-15 06:41:16.664219+00:00
2023-03-15,8450.0,8475.0,8325.0,8325.0,7295.1904296875,86747400,2026-04-15 06:41:16.664219+00:00
2023-03-16,8300.0,8350.0,8250.0,8300.0,7273.283203125,105894000,2026-04-15 06:41:16.664219+00:00
2023-03-17,8375.0,8450.0,8325.0,8375.0,7339.00537109375,198558600,2026-04-15 06:41:16.664219+00:00
2023-03-20,8400.0,8475.0,8375.0,8400.0,7360.91259765625,37277900,2026-04-15 06:41:16.664219+00:00
2023-03-21,8400.0,8500.0,8375.0,8500.0,7448.54248046875,91617400,2026-04-15 06:41:16.664219+00:00
2023-03-24,8700.0,8825.0,8625.0,8825.0,7733.33935546875,145603600,2026-04-15 06:41:16.664219+00:00
2023-03-27,8825.0,8825.0,8700.0,8700.0,7623.8017578125,110692800,2026-04-15 06:41:16.664219+00:00
2023-03-28,8800.0,8800.0,8675.0,8675.0,7601.89453125,98296600,2026-04-15 06:41:16.664219+00:00
2023-03-29,8675.0,8800.0,8625.0,8800.0,7865.5703125,101068200,2026-04-15 06:41:16.664219+00:00
2023-03-30,8900.0,8900.0,8800.0,8825.0,7887.91552734375,118912100,2026-04-15 06:41:16.664219+00:00
2023-03-31,8825.0,8850.0,8725.0,8750.0,7820.87890625,97146900,2026-04-15 06:41:16.664219+00:00
2023-04-03,8825.0,8825.0,8750.0,8800.0,7865.5703125,60288900,2026-04-15 06:41:16.664219+00:00
2023-04-04,8825.0,8825.0,8650.0,8775.0,7843.22412109375,60975800,2026-04-15 06:41:16.664219+00:00
2023-04-05,8775.0,8800.0,8725.0,8725.0,7798.53466796875,36922100,2026-04-15 06:41:16.664219+00:00
2023-04-06,8700.0,8775.0,8700.0,8750.0,7820.87890625,45489400,2026-04-15 06:41:16.664219+00:00
2023-04-10,8725.0,8800.0,8700.0,8800.0,7865.5703125,32996000,2026-04-15 06:41:16.664219+00:00
2023-04-11,8825.0,8825.0,8750.0,8825.0,7887.91552734375,44554300,2026-04-15 06:41:16.664219+00:00
2023-04-12,8900.0,8900.0,8825.0,8900.0,7954.95166015625,91903600,2026-04-15 06:41:16.664219+00:00
2023-04-13,8950.0,8950.0,8875.0,8925.0,7977.2978515625,51726500,2026-04-15 06:41:16.664219+00:00
2023-04-14,9000.0,9000.0,8950.0,9000.0,8044.3330078125,110354200,2026-04-15 06:41:16.664219+00:00
2023-04-17,9025.0,9050.0,8900.0,9025.0,8066.67822265625,83946900,2026-04-15 06:41:16.664219+00:00
2023-04-18,9050.0,9175.0,9025.0,9125.0,8156.060546875,91178700,2026-04-15 06:41:16.664219+00:00
2023-04-26,9125.0,9200.0,9000.0,9200.0,8223.0966796875,186928200,2026-04-15 06:41:16.664219+00:00
2023-04-27,9100.0,9175.0,9075.0,9150.0,8178.4052734375,54842400,2026-04-15 06:41:16.664219+00:00
2023-04-28,9100.0,9125.0,9050.0,9050.0,8089.02294921875,145775300,2026-04-15 06:41:16.664219+00:00
2023-05-02,9100.0,9100.0,8900.0,9050.0,8089.02294921875,83645900,2026-04-15 06:41:16.664219+00:00
2023-05-03,9050.0,9050.0,8875.0,8925.0,7977.2978515625,83728800,2026-04-15 06:41:16.664219+00:00
2023-05-04,8925.0,9025.0,8875.0,9000.0,8044.3330078125,67565000,2026-04-15 06:41:16.664219+00:00
2023-05-05,9000.0,9050.0,8950.0,9000.0,8044.3330078125,64815100,2026-04-15 06:41:16.664219+00:00
2023-05-08,9000.0,9075.0,8950.0,9000.0,8044.3330078125,84754500,2026-04-15 06:41:16.664219+00:00
2023-05-09,8950.0,8975.0,8900.0,8925.0,7977.2978515625,40929600,2026-04-15 06:41:16.664219+00:00
2023-05-10,8925.0,8950.0,8900.0,8925.0,7977.2978515625,45322600,2026-04-15 06:41:16.664219+00:00
2023-05-11,8900.0,8900.0,8800.0,8825.0,7887.91552734375,81993900,2026-04-15 06:41:16.664219+00:00
2023-05-12,8750.0,8875.0,8725.0,8800.0,7865.5703125,96525600,2026-04-15 06:41:16.664219+00:00
2023-05-15,8875.0,8875.0,8725.0,8775.0,7843.22412109375,64830300,2026-04-15 06:41:16.664219+00:00
2023-05-16,8800.0,8825.0,8700.0,8700.0,7776.18798828125,49497000,2026-04-15 06:41:16.664219+00:00
2023-05-17,8775.0,8850.0,8750.0,8775.0,7843.22412109375,69996100,2026-04-15 06:41:16.664219+00:00
2023-05-19,8900.0,9000.0,8825.0,9000.0,8044.3330078125,123592500,2026-04-15 06:41:16.664219+00:00
2023-05-22,9000.0,9075.0,8925.0,9000.0,8044.3330078125,91000000,2026-04-15 06:41:16.664219+00:00
2023-05-23,9050.0,9150.0,9025.0,9125.0,8156.060546875,102980500,2026-04-15 06:41:16.664219+00:00
2023-05-24,9200.0,9200.0,9025.0,9025.0,8066.67822265625,77392900,2026-04-15 06:41:16.664219+00:00
2023-05-25,9100.0,9150.0,9050.0,9050.0,8089.02294921875,76325700,2026-04-15 06:41:16.664219+00:00
2023-05-26,9175.0,9200.0,9100.0,9150.0,8178.4052734375,55675900,2026-04-15 06:41:16.664219+00:00
2023-05-29,9250.0,9250.0,9075.0,9150.0,8178.4052734375,79148200,2026-04-15 06:41:16.664219+00:00
2023-05-30,9200.0,9325.0,9150.0,9250.0,8267.7861328125,97189500,2026-04-15 06:41:16.664219+00:00
2023-05-31,9300.0,9325.0,9050.0,9050.0,8089.02294921875,722827900,2026-04-15 06:41:16.664219+00:00
2023-06-05,9150.0,9325.0,9100.0,9200.0,8223.0966796875,163535600,2026-04-15 06:41:16.664219+00:00
2023-06-06,9050.0,9200.0,9050.0,9150.0,8178.4052734375,74872200,2026-04-15 06:41:16.664219+00:00
2023-06-07,9125.0,9175.0,9075.0,9100.0,8133.71435546875,87492200,2026-04-15 06:41:16.664219+00:00
2023-06-08,9075.0,9125.0,9075.0,9125.0,8156.060546875,53188400,2026-04-15 06:41:16.664219+00:00
2023-06-09,9175.0,9175.0,9100.0,9100.0,8133.71435546875,44632400,2026-04-15 06:41:16.664219+00:00
2023-06-12,9150.0,9150.0,9100.0,9150.0,8178.4052734375,38082300,2026-04-15 06:41:16.664219+00:00
2023-06-13,9175.0,9175.0,9100.0,9150.0,8178.4052734375,45552600,2026-04-15 06:41:16.664219+00:00
2023-06-14,9100.0,9125.0,9050.0,9075.0,8111.36865234375,72223700,2026-04-15 06:41:16.664219+00:00
2023-06-15,9100.0,9100.0,9050.0,9050.0,8089.02294921875,59073000,2026-04-15 06:41:16.664219+00:00
2023-06-16,9100.0,9100.0,8975.0,9050.0,8089.02294921875,112769400,2026-04-15 06:41:16.664219+00:00
2023-06-19,9000.0,9050.0,9000.0,9000.0,8044.3330078125,32330600,2026-04-15 06:41:16.664219+00:00
2023-06-20,9025.0,9050.0,8950.0,9050.0,8089.02294921875,54990100,2026-04-15 06:41:16.664219+00:00
2023-06-21,9050.0,9125.0,9000.0,9125.0,8156.060546875,42676300,2026-04-15 06:41:16.664219+00:00
2023-06-22,9125.0,9150.0,9050.0,9050.0,8089.02294921875,48291100,2026-04-15 06:41:16.664219+00:00
2023-06-23,9025.0,9150.0,9025.0,9050.0,8089.02294921875,47813500,2026-04-15 06:41:16.664219+00:00
2023-06-26,9025.0,9125.0,9025.0,9075.0,8111.36865234375,36389900,2026-04-15 06:41:16.664219+00:00
2023-06-27,9050.0,9150.0,9050.0,9150.0,8178.4052734375,36225100,2026-04-15 06:41:16.664219+00:00
2023-07-03,9025.0,9075.0,9025.0,9075.0,8111.36865234375,108855900,2026-04-15 06:41:16.664219+00:00
2023-07-04,9150.0,9150.0,9050.0,9050.0,8089.02294921875,35049300,2026-04-15 06:41:16.664219+00:00
2023-07-05,9050.0,9075.0,9025.0,9050.0,8089.02294921875,44609200,2026-04-15 06:41:16.664219+00:00
2023-07-06,9050.0,9100.0,9025.0,9075.0,8111.36865234375,52532400,2026-04-15 06:41:16.664219+00:00
2023-07-07,9025.0,9100.0,9025.0,9025.0,8066.67822265625,37641300,2026-04-15 06:41:16.664219+00:00
2023-07-10,9100.0,9100.0,9050.0,9050.0,8089.02294921875,28981500,2026-04-15 06:41:16.664219+00:00
2023-07-11,9100.0,9100.0,9025.0,9025.0,8066.67822265625,43703500,2026-04-15 06:41:16.664219+00:00
2023-07-12,9075.0,9175.0,9050.0,9175.0,8200.7509765625,61566500,2026-04-15 06:41:16.664219+00:00
2023-07-13,9200.0,9225.0,9125.0,9125.0,8156.060546875,65230900,2026-04-15 06:41:16.664219+00:00
2023-07-14,9175.0,9200.0,9125.0,9200.0,8223.0966796875,55554500,2026-04-15 06:41:16.664219+00:00
2023-07-17,9200.0,9250.0,9175.0,9175.0,8200.7509765625,62550100,2026-04-15 06:41:16.664219+00:00
2023-07-18,9200.0,9250.0,9100.0,9150.0,8178.4052734375,52924600,2026-04-15 06:41:16.664219+00:00
2023-07-20,9200.0,9225.0,9125.0,9150.0,8178.4052734375,83476600,2026-04-15 06:41:16.664219+00:00
2023-07-21,9150.0,9175.0,9125.0,9150.0,8178.4052734375,42667800,2026-04-15 06:41:16.664219+00:00
2023-07-24,9200.0,9200.0,9100.0,9100.0,8133.71435546875,62061200,2026-04-15 06:41:16.664219+00:00
2023-07-25,9175.0,9300.0,9150.0,9150.0,8178.4052734375,122802700,2026-04-15 06:41:16.664219+00:00
2023-07-26,9175.0,9350.0,9125.0,9350.0,8357.16796875,113868700,2026-04-15 06:41:16.664219+00:00
2023-07-27,9400.0,9400.0,9225.0,9225.0,8245.44140625,77848400,2026-04-15 06:41:16.664219+00:00
2023-07-28,9200.0,9225.0,9125.0,9125.0,8156.060546875,74510200,2026-04-15 06:41:16.664219+00:00
2023-07-31,9175.0,9200.0,9100.0,9125.0,8156.060546875,80868000,2026-04-15 06:41:16.664219+00:00
2023-08-01,9175.0,9175.0,9100.0,9125.0,8156.060546875,49756400,2026-04-15 06:41:16.664219+00:00
2023-08-02,9125.0,9200.0,9125.0,9200.0,8223.0966796875,60629900,2026-04-15 06:41:16.664219+00:00
2023-08-03,9150.0,9300.0,9150.0,9250.0,8267.7861328125,64596100,2026-04-15 06:41:16.664219+00:00
2023-08-04,9250.0,9275.0,9125.0,9150.0,8178.4052734375,52675900,2026-04-15 06:41:16.664219+00:00
2023-08-07,9150.0,9275.0,9150.0,9275.0,8290.1318359375,55589300,2026-04-15 06:41:16.664219+00:00
2023-08-08,9275.0,9300.0,9200.0,9200.0,8223.0966796875,43373400,2026-04-15 06:41:16.664219+00:00
2023-08-09,9275.0,9400.0,9250.0,9400.0,8401.859375,77056800,2026-04-15 06:41:16.664219+00:00
2023-08-10,9400.0,9425.0,9350.0,9400.0,8401.859375,76738100,2026-04-15 06:41:16.664219+00:00
2023-08-11,9425.0,9450.0,9375.0,9400.0,8401.859375,68898600,2026-04-15 06:41:16.664219+00:00
2023-08-14,9325.0,9350.0,9225.0,9350.0,8357.16796875,75495400,2026-04-15 06:41:16.664219+00:00
2023-08-15,9325.0,9375.0,9300.0,9300.0,8312.4775390625,59303700,2026-04-15 06:41:16.664219+00:00
2023-08-16,9275.0,9325.0,9250.0,9300.0,8312.4775390625,53440000,2026-04-15 06:41:16.664219+00:00
2023-08-18,9250.0,9350.0,9250.0,9250.0,8267.7861328125,79328900,2026-04-15 06:41:16.664219+00:00
2023-08-21,9225.0,9250.0,9175.0,9175.0,8200.7509765625,73573000,2026-04-15 06:41:16.664219+00:00
2023-08-22,9150.0,9325.0,9150.0,9300.0,8312.4775390625,65664600,2026-04-15 06:41:16.664219+00:00
2023-08-23,9300.0,9325.0,9275.0,9300.0,8312.4775390625,63749800,2026-04-15 06:41:16.664219+00:00
2023-08-24,9250.0,9325.0,9200.0,9200.0,8223.0966796875,53725900,2026-04-15 06:41:16.664219+00:00
2023-08-25,9200.0,9275.0,9175.0,9275.0,8290.1318359375,50379000,2026-04-15 06:41:16.664219+00:00
2023-08-28,9250.0,9250.0,9200.0,9200.0,8223.0966796875,44423100,2026-04-15 06:41:16.664219+00:00
2023-08-29,9275.0,9300.0,9200.0,9250.0,8267.7861328125,45428500,2026-04-15 06:41:16.664219+00:00
2023-08-30,9300.0,9300.0,9200.0,9200.0,8223.0966796875,56227000,2026-04-15 06:41:16.664219+00:00
2023-08-31,9200.0,9225.0,9100.0,9175.0,8200.7509765625,136107200,2026-04-15 06:41:16.664219+00:00
2023-09-01,9200.0,9275.0,9175.0,9225.0,8245.44140625,42152700,2026-04-15 06:41:16.664219+00:00
2023-09-04,9225.0,9275.0,9175.0,9225.0,8245.44140625,40610600,2026-04-15 06:41:16.664219+00:00
2023-09-05,9250.0,9250.0,9200.0,9225.0,8245.44140625,42007200,2026-04-15 06:41:16.664219+00:00
2023-09-06,9200.0,9250.0,9150.0,9150.0,8178.4052734375,49318400,2026-04-15 06:41:16.664219+00:00
2023-09-07,9125.0,9175.0,9100.0,9175.0,8200.7509765625,61405200,2026-04-15 06:41:16.664219+00:00
2023-09-08,9100.0,9150.0,9050.0,9125.0,8156.060546875,80732300,2026-04-15 06:41:16.664219+00:00
2023-09-11,9075.0,9125.0,9075.0,9125.0,8156.060546875,53155900,2026-04-15 06:41:16.664219+00:00
2023-09-12,9100.0,9125.0,9075.0,9100.0,8133.71435546875,66479000,2026-04-15 06:41:16.664219+00:00
2023-09-13,9050.0,9075.0,9000.0,9075.0,8111.36865234375,69490200,2026-04-15 06:41:16.664219+00:00
2023-09-14,9000.0,9125.0,9000.0,9100.0,8133.71435546875,112757900,2026-04-15 06:41:16.664219+00:00
2023-09-15,9050.0,9100.0,9000.0,9000.0,8044.3330078125,121005300,2026-04-15 06:41:16.664219+00:00
2023-09-18,9050.0,9075.0,9000.0,9000.0,8044.3330078125,34272200,2026-04-15 06:41:16.664219+00:00
2023-09-19,9000.0,9075.0,8975.0,9075.0,8111.36865234375,33325800,2026-04-15 06:41:16.664219+00:00
2023-09-20,9125.0,9175.0,9075.0,9150.0,8178.4052734375,54305500,2026-04-15 06:41:16.664219+00:00
2023-09-21,9125.0,9150.0,9075.0,9125.0,8156.060546875,40607000,2026-04-15 06:41:16.664219+00:00
2023-09-22,9125.0,9150.0,9075.0,9075.0,8111.36865234375,42445300,2026-04-15 06:41:16.664219+00:00
2023-09-25,9075.0,9075.0,9000.0,9000.0,8044.3330078125,56132200,2026-04-15 06:41:16.664219+00:00
2023-09-26,9000.0,9025.0,8950.0,8950.0,7999.642578125,73544700,2026-04-15 06:41:16.664219+00:00
2023-09-27,8900.0,9000.0,8875.0,8875.0,7932.60693359375,84345000,2026-04-15 06:41:16.664219+00:00
2023-09-29,8825.0,8900.0,8825.0,8825.0,7887.91552734375,118960000,2026-04-15 06:41:16.664219+00:00
2023-10-02,8900.0,9100.0,8875.0,9075.0,8111.36865234375,93663000,2026-04-15 06:41:16.664219+00:00
2023-10-03,9075.0,9200.0,9025.0,9200.0,8223.0966796875,98380200,2026-04-15 06:41:16.664219+00:00
2023-10-04,9200.0,9250.0,9125.0,9200.0,8223.0966796875,112582800,2026-04-15 06:41:16.664219+00:00
2023-10-05,9200.0,9200.0,9075.0,9075.0,8111.36865234375,72855700,2026-04-15 06:41:16.664219+00:00
2023-10-06,9100.0,9100.0,9025.0,9025.0,8066.67822265625,53344400,2026-04-15 06:41:16.664219+00:00
2023-10-09,9025.0,9125.0,9025.0,9050.0,8089.02294921875,43774500,2026-04-15 06:41:16.664219+00:00
2023-10-10,9000.0,9000.0,8925.0,8925.0,7977.2978515625,71966100,2026-04-15 06:41:16.664219+00:00
2023-10-11,8925.0,9025.0,8925.0,8925.0,7977.2978515625,84305800,2026-04-15 06:41:16.664219+00:00
2023-10-12,9000.0,9100.0,9000.0,9050.0,8089.02294921875,71064500,2026-04-15 06:41:16.664219+00:00
2023-10-13,9100.0,9125.0,9025.0,9075.0,8111.36865234375,62941800,2026-04-15 06:41:16.664219+00:00
2023-10-16,9125.0,9125.0,9050.0,9100.0,8133.71435546875,29429200,2026-04-15 06:41:16.664219+00:00
2023-10-17,9050.0,9075.0,8950.0,8950.0,7999.642578125,59606000,2026-04-15 06:41:16.664219+00:00
2023-10-18,8925.0,8950.0,8850.0,8850.0,7910.2607421875,50919200,2026-04-15 06:41:16.664219+00:00
2023-10-19,8825.0,8850.0,8750.0,8750.0,7820.87890625,89509700,2026-04-15 06:41:16.664219+00:00
2023-10-20,8725.0,9025.0,8725.0,8975.0,8021.986328125,64554500,2026-04-15 06:41:16.664219+00:00
2023-10-23,8875.0,8925.0,8850.0,8850.0,7910.2607421875,50633500,2026-04-15 06:41:16.664219+00:00
2023-10-24,8775.0,8875.0,8775.0,8775.0,7843.22412109375,76963200,2026-04-15 06:41:16.664219+00:00
2023-10-25,8825.0,8925.0,8825.0,8875.0,7932.60693359375,54748400,2026-04-15 06:41:16.664219+00:00
2023-10-26,8925.0,8950.0,8725.0,8725.0,7798.53466796875,63199400,2026-04-15 06:41:16.664219+00:00
2023-10-27,8725.0,8800.0,8700.0,8700.0,7776.18798828125,52450700,2026-04-15 06:41:16.664219+00:00
2023-10-30,8700.0,8850.0,8700.0,8850.0,7910.2607421875,51958200,2026-04-15 06:41:16.664219+00:00
2023-10-31,8800.0,8825.0,8725.0,8750.0,7820.87890625,64907600,2026-04-15 06:41:16.664219+00:00
2023-11-01,8750.0,8775.0,8600.0,8600.0,7686.80712890625,67027600,2026-04-15 06:41:16.664219+00:00
2023-11-02,8725.0,8900.0,8725.0,8850.0,7910.2607421875,56050900,2026-04-15 06:41:16.664219+00:00
2023-11-03,8925.0,8950.0,8850.0,8900.0,7954.95166015625,60414100,2026-04-15 06:41:16.664219+00:00
2023-11-06,8975.0,9050.0,8950.0,9050.0,8089.02294921875,84994200,2026-04-15 06:41:16.664219+00:00
2023-11-07,9000.0,9025.0,8900.0,8975.0,8021.986328125,60648200,2026-04-15 06:41:16.664219+00:00
2023-11-08,8950.0,9000.0,8900.0,9000.0,8044.3330078125,31829300,2026-04-15 06:41:16.664219+00:00
2023-11-09,8900.0,9050.0,8900.0,9000.0,8044.3330078125,46076800,2026-04-15 06:41:16.664219+00:00
2023-11-10,8950.0,9000.0,8825.0,8825.0,7887.91552734375,50754600,2026-04-15 06:41:16.664219+00:00
2023-11-13,8875.0,8925.0,8850.0,8875.0,7932.60693359375,20827700,2026-04-15 06:41:16.664219+00:00
2023-11-14,8900.0,8950.0,8875.0,8925.0,7977.2978515625,37195700,2026-04-15 06:41:16.664219+00:00
2023-11-15,8975.0,9050.0,8950.0,9050.0,8089.02294921875,84977900,2026-04-15 06:41:16.664219+00:00
2023-11-16,9050.0,9075.0,8950.0,9075.0,8111.36865234375,48714300,2026-04-15 06:41:16.664219+00:00
2023-11-17,9025.0,9075.0,8975.0,9075.0,8111.36865234375,57050500,2026-04-15 06:41:16.664219+00:00
2023-11-20,8975.0,9025.0,8875.0,8875.0,7932.60693359375,49216000,2026-04-15 06:41:16.664219+00:00
2023-11-21,8825.0,8900.0,8775.0,8775.0,7843.22412109375,107614800,2026-04-15 06:41:16.664219+00:00
2023-11-22,8775.0,8875.0,8775.0,8875.0,7932.60693359375,40364800,2026-04-15 06:41:16.664219+00:00
2023-11-23,8850.0,8975.0,8850.0,8925.0,7977.2978515625,55542100,2026-04-15 06:41:16.664219+00:00
2023-11-24,8925.0,8975.0,8900.0,8925.0,7977.2978515625,43631900,2026-04-15 06:41:16.664219+00:00
2023-11-27,8900.0,8950.0,8875.0,8875.0,7932.60693359375,35679000,2026-04-15 06:41:16.664219+00:00
2023-11-28,8875.0,8950.0,8850.0,8875.0,7932.60693359375,69070600,2026-04-15 06:41:16.664219+00:00
2023-11-29,8900.0,8950.0,8900.0,8900.0,7954.95166015625,54715600,2026-04-15 06:41:16.664219+00:00
2023-11-30,8925.0,8975.0,8900.0,8975.0,8021.986328125,205312100,2026-04-15 06:41:16.664219+00:00
2023-12-01,8925.0,8975.0,8900.0,8950.0,7999.642578125,80566400,2026-04-15 06:41:16.664219+00:00
2023-12-04,8950.0,9025.0,8925.0,8925.0,8015.359375,54747400,2026-04-15 06:41:16.664219+00:00
2023-12-05,8950.0,8950.0,8825.0,8900.0,7992.90625,94363900,2026-04-15 06:41:16.664219+00:00
2023-12-06,8850.0,8950.0,8800.0,8800.0,7903.09912109375,81852800,2026-04-15 06:41:16.664219+00:00
2023-12-07,8750.0,8825.0,8725.0,8825.0,7925.55029296875,91322500,2026-04-15 06:41:16.664219+00:00
2023-12-08,8800.0,8850.0,8750.0,8750.0,7858.19384765625,43891600,2026-04-15 06:41:16.664219+00:00
2023-12-11,8675.0,8775.0,8675.0,8750.0,7858.19384765625,78642800,2026-04-15 06:41:16.664219+00:00
2023-12-12,8700.0,8750.0,8700.0,8700.0,7813.2900390625,87589300,2026-04-15 06:41:16.664219+00:00
2023-12-13,8700.0,8750.0,8675.0,8675.0,7790.837890625,51560500,2026-04-15 06:41:16.664219+00:00
2023-12-14,8775.0,9050.0,8750.0,9050.0,8127.6171875,115332800,2026-04-15 06:41:16.664219+00:00
2023-12-15,9125.0,9225.0,9075.0,9225.0,8284.7822265625,275013500,2026-04-15 06:41:16.664219+00:00
2023-12-18,9200.0,9225.0,9150.0,9200.0,8262.330078125,111712200,2026-04-15 06:41:16.664219+00:00
2023-12-19,9125.0,9250.0,9125.0,9250.0,8307.234375,65174500,2026-04-15 06:41:16.664219+00:00
2023-12-20,9250.0,9300.0,9225.0,9300.0,8352.1376953125,72938100,2026-04-15 06:41:16.664219+00:00
2023-12-21,9300.0,9325.0,9250.0,9325.0,8374.5908203125,88116700,2026-04-15 06:41:16.664219+00:00
2023-12-22,9275.0,9350.0,9275.0,9325.0,8374.5908203125,64449600,2026-04-15 06:41:16.664219+00:00
2023-12-27,9375.0,9400.0,9325.0,9375.0,8419.4931640625,64464700,2026-04-15 06:41:16.664219+00:00
2023-12-28,9325.0,9425.0,9325.0,9400.0,8441.9462890625,70184600,2026-04-15 06:41:16.664219+00:00
2023-12-29,9425.0,9450.0,9350.0,9400.0,8441.9462890625,79903400,2026-04-15 06:41:16.664219+00:00
2024-01-02,9400.0,9425.0,9350.0,9425.0,8464.3974609375,30545200,2026-04-15 06:41:16.664219+00:00
2024-01-03,9425.0,9425.0,9325.0,9350.0,8397.0419921875,34603300,2026-04-15 06:41:16.664219+00:00
2024-01-04,9400.0,9475.0,9375.0,9475.0,8509.302734375,56501800,2026-04-15 06:41:16.664219+00:00
2024-01-05,9500.0,9600.0,9475.0,9575.0,8599.109375,85290100,2026-04-15 06:41:16.664219+00:00
2024-01-08,9600.0,9625.0,9475.0,9575.0,8599.109375,50896000,2026-04-15 06:41:16.664219+00:00
2024-01-09,9600.0,9625.0,9575.0,9625.0,8644.0146484375,59848600,2026-04-15 06:41:16.664219+00:00
2024-01-10,9650.0,9650.0,9550.0,9550.0,8576.6591796875,52774900,2026-04-15 06:41:16.664219+00:00
2024-01-11,9625.0,9650.0,9575.0,9575.0,8599.109375,39381500,2026-04-15 06:41:16.664219+00:00
2024-01-12,9650.0,9700.0,9600.0,9700.0,8711.37109375,68253400,2026-04-15 06:41:16.664219+00:00
2024-01-15,9750.0,9750.0,9650.0,9725.0,8733.8212890625,88399500,2026-04-15 06:41:16.664219+00:00
2024-01-16,9700.0,9750.0,9675.0,9700.0,8711.37109375,44869200,2026-04-15 06:41:16.664219+00:00
2024-01-17,9750.0,9750.0,9650.0,9750.0,8756.2744140625,107706100,2026-04-15 06:41:16.664219+00:00
2024-01-18,9675.0,9750.0,9625.0,9675.0,8688.91796875,71048900,2026-04-15 06:41:16.664219+00:00
2024-01-19,9775.0,9775.0,9600.0,9625.0,8644.0146484375,63176500,2026-04-15 06:41:16.664219+00:00
2024-01-22,9600.0,9650.0,9525.0,9625.0,8644.0146484375,52868300,2026-04-15 06:41:16.664219+00:00
2024-01-23,9450.0,9600.0,9450.0,9600.0,8621.5615234375,92348600,2026-04-15 06:41:16.664219+00:00
2024-01-24,9600.0,9600.0,9475.0,9525.0,8554.205078125,84906000,2026-04-15 06:41:16.664219+00:00
2024-01-25,9450.0,9575.0,9450.0,9500.0,8531.75390625,63212700,2026-04-15 06:41:16.664219+00:00
2024-01-26,9400.0,9450.0,9300.0,9350.0,8397.0419921875,78977300,2026-04-15 06:41:16.664219+00:00
2024-01-29,9400.0,9550.0,9375.0,9550.0,8576.6591796875,73452800,2026-04-15 06:41:16.664219+00:00
2024-01-30,9500.0,9650.0,9475.0,9650.0,8666.4658203125,73136400,2026-04-15 06:41:16.664219+00:00
2024-01-31,9700.0,9700.0,9550.0,9550.0,8576.6591796875,102581200,2026-04-15 06:41:16.664219+00:00
2024-02-01,9650.0,9725.0,9575.0,9700.0,8711.37109375,104208700,2026-04-15 06:41:16.664219+00:00
2024-02-02,9775.0,9800.0,9625.0,9700.0,8711.37109375,99324000,2026-04-15 06:41:16.664219+00:00
2024-02-05,9675.0,9675.0,9525.0,9575.0,8599.109375,57983300,2026-04-15 06:41:16.664219+00:00
2024-02-06,9750.0,9750.0,9625.0,9625.0,8644.0146484375,87651000,2026-04-15 06:41:16.664219+00:00
2024-02-07,9700.0,9725.0,9650.0,9700.0,8711.37109375,92953500,2026-04-15 06:41:16.664219+00:00
2024-02-12,9750.0,9800.0,9700.0,9800.0,8801.1767578125,87949400,2026-04-15 06:41:16.664219+00:00
2024-02-13,9750.0,9800.0,9700.0,9725.0,8733.8212890625,66072400,2026-04-15 06:41:16.664219+00:00
2024-02-15,9950.0,9975.0,9850.0,9850.0,8846.08203125,164748900,2026-04-15 06:41:16.664219+00:00
2024-02-16,9975.0,10000.0,9875.0,9950.0,8935.8896484375,142277200,2026-04-15 06:41:16.664219+00:00
2024-02-19,9900.0,9975.0,9825.0,9875.0,8868.5322265625,53341300,2026-04-15 06:41:16.664219+00:00
2024-02-20,9850.0,10025.0,9850.0,10025.0,9003.24609375,63997700,2026-04-15 06:41:16.664219+00:00
2024-02-21,9950.0,10000.0,9850.0,9975.0,8958.341796875,75371600,2026-04-15 06:41:16.664219+00:00
2024-02-22,9975.0,9975.0,9875.0,9875.0,8868.5322265625,66913000,2026-04-15 06:41:16.664219+00:00
2024-02-23,9900.0,9925.0,9800.0,9825.0,8823.62890625,55192300,2026-04-15 06:41:16.664219+00:00
2024-02-26,9750.0,9875.0,9725.0,9800.0,8801.1767578125,41356000,2026-04-15 06:41:16.664219+00:00
2024-02-27,9750.0,9900.0,9750.0,9875.0,8868.5322265625,43735800,2026-04-15 06:41:16.664219+00:00
2024-02-28,9975.0,10000.0,9900.0,10000.0,8980.7939453125,54043100,2026-04-15 06:41:16.664219+00:00
2024-02-29,10000.0,10000.0,9850.0,9875.0,8868.5322265625,126671200,2026-04-15 06:41:16.664219+00:00
2024-03-01,9900.0,9925.0,9800.0,9825.0,8823.62890625,51520600,2026-04-15 06:41:16.664219+00:00
2024-03-04,9800.0,9825.0,9750.0,9750.0,8756.2744140625,43822900,2026-04-15 06:41:16.664219+00:00
2024-03-05,9900.0,9900.0,9775.0,9800.0,8801.1767578125,61952900,2026-04-15 06:41:16.664219+00:00
2024-03-06,9900.0,10000.0,9775.0,9950.0,8935.8896484375,70242200,2026-04-15 06:41:16.664219+00:00
2024-03-07,10050.0,10175.0,10000.0,10125.0,9093.0537109375,118369300,2026-04-15 06:41:16.664219+00:00
2024-03-08,10250.0,10300.0,10125.0,10150.0,9115.5068359375,100947200,2026-04-15 06:41:16.664219+00:00
2024-03-13,10400.0,10400.0,10000.0,10000.0,8980.7939453125,141622600,2026-04-15 06:41:16.664219+00:00
2024-03-14,10050.0,10325.0,10025.0,10325.0,9272.6689453125,110681100,2026-04-15 06:41:16.664219+00:00
2024-03-15,10200.0,10300.0,10050.0,10150.0,9115.5068359375,154176800,2026-04-15 06:41:16.664219+00:00
2024-03-18,10175.0,10275.0,10150.0,10150.0,9115.5068359375,62444100,2026-04-15 06:41:16.664219+00:00
2024-03-19,10150.0,10250.0,10150.0,10175.0,9137.9580078125,55004800,2026-04-15 06:41:16.664219+00:00
2024-03-20,10100.0,10150.0,10075.0,10125.0,9093.0537109375,66269700,2026-04-15 06:41:16.664219+00:00
2024-03-21,10175.0,10225.0,10050.0,10125.0,9093.0537109375,90279400,2026-04-15 06:41:16.664219+00:00
2024-03-22,10000.0,10125.0,9950.0,10100.0,9070.6015625,91968200,2026-04-15 06:41:16.664219+00:00
2024-03-25,10075.0,10075.0,9925.0,10075.0,9256.654296875,66971000,2026-04-15 06:41:16.664219+00:00
2024-03-26,10050.0,10050.0,9950.0,10050.0,9233.6845703125,65742700,2026-04-15 06:41:16.664219+00:00
2024-03-27,10025.0,10075.0,10000.0,10075.0,9256.654296875,39514100,2026-04-15 06:41:16.664219+00:00
2024-03-28,10025.0,10100.0,9975.0,10075.0,9256.654296875,79229700,2026-04-15 06:41:16.664219+00:00
2024-04-01,10075.0,10100.0,9825.0,9850.0,9049.9296875,79248700,2026-04-15 06:41:16.664219+00:00
2024-04-02,9925.0,9950.0,9800.0,9900.0,9095.869140625,76763100,2026-04-15 06:41:16.664219+00:00
2024-04-03,9750.0,9800.0,9525.0,9525.0,8751.328125,177418400,2026-04-15 06:41:16.664219+00:00
2024-04-04,9575.0,9850.0,9575.0,9850.0,9049.9296875,75993500,2026-04-15 06:41:16.664219+00:00
2024-04-05,9950.0,9950.0,9825.0,9825.0,9026.9599609375,70428600,2026-04-15 06:41:16.664219+00:00
2024-04-16,9350.0,9575.0,9250.0,9475.0,8705.388671875,283265900,2026-04-15 06:41:16.664219+00:00
2024-04-17,9550.0,9675.0,9525.0,9525.0,8751.328125,95620700,2026-04-15 06:41:16.664219+00:00
2024-04-18,9525.0,9575.0,9450.0,9475.0,8705.388671875,127134000,2026-04-15 06:41:16.664219+00:00
2024-04-19,9350.0,9500.0,9300.0,9475.0,8705.388671875,147784300,2026-04-15 06:41:16.664219+00:00
2024-04-22,9400.0,9425.0,9350.0,9350.0,8590.5419921875,128908000,2026-04-15 06:41:16.664219+00:00
2024-04-23,9400.0,9775.0,9400.0,9725.0,8935.08203125,178833000,2026-04-15 06:41:16.664219+00:00
2024-04-24,9825.0,9950.0,9750.0,9950.0,9141.8056640625,132832700,2026-04-15 06:41:16.664219+00:00
2024-04-25,10000.0,10000.0,9700.0,9775.0,8981.021484375,104874100,2026-04-15 06:41:16.664219+00:00
2024-04-26,9700.0,9825.0,9625.0,9625.0,8843.2041015625,100932900,2026-04-15 06:41:16.664219+00:00
2024-04-29,9525.0,9850.0,9525.0,9800.0,9003.990234375,90063500,2026-04-15 06:41:16.664219+00:00
2024-04-30,10050.0,10050.0,9800.0,9800.0,9003.990234375,109623000,2026-04-15 06:41:16.664219+00:00
2024-05-02,9900.0,9900.0,9500.0,9550.0,8774.296875,97079400,2026-04-15 06:41:16.664219+00:00
2024-05-03,9750.0,9850.0,9675.0,9850.0,9049.9296875,81200400,2026-04-15 06:41:16.664219+00:00
2024-05-06,9850.0,9875.0,9775.0,9800.0,9003.990234375,53076200,2026-04-15 06:41:16.664219+00:00
2024-05-07,9700.0,9750.0,9625.0,9700.0,8912.1142578125,66746800,2026-04-15 06:41:16.664219+00:00
2024-05-08,9600.0,9700.0,9375.0,9375.0,8613.51171875,112808900,2026-04-15 06:41:16.664219+00:00
2024-05-13,9200.0,9525.0,9200.0,9525.0,8751.328125,145469900,2026-04-15 06:41:16.664219+00:00
2024-05-14,9625.0,9675.0,9525.0,9550.0,8774.296875,95363500,2026-04-15 06:41:16.664219+00:00
2024-05-15,9500.0,9600.0,9425.0,9500.0,8728.357421875,54741900,2026-04-15 06:41:16.664219+00:00
2024-05-16,9575.0,9675.0,9525.0,9600.0,8820.236328125,61126000,2026-04-15 06:41:16.664219+00:00
2024-05-17,9600.0,9850.0,9575.0,9750.0,8958.052734375,99848500,2026-04-15 06:41:16.664219+00:00
2024-05-20,9700.0,9800.0,9475.0,9475.0,8705.388671875,87890100,2026-04-15 06:41:16.664219+00:00
2024-05-21,9450.0,9575.0,9375.0,9375.0,8613.51171875,75311400,2026-04-15 06:41:16.664219+00:00
2024-05-22,9475.0,9575.0,9325.0,9425.0,8659.451171875,121712700,2026-04-15 06:41:16.664219+00:00
2024-05-27,9300.0,9375.0,9275.0,9300.0,8544.6044921875,128578500,2026-04-15 06:41:16.664219+00:00
2024-05-28,9300.0,9400.0,9300.0,9300.0,8544.6044921875,73945700,2026-04-15 06:41:16.664219+00:00
2024-05-29,9275.0,9325.0,9150.0,9150.0,8406.7861328125,117351600,2026-04-15 06:41:16.664219+00:00
2024-05-30,9000.0,9250.0,8775.0,9000.0,8268.970703125,207115100,2026-04-15 06:41:16.664219+00:00
2024-05-31,9100.0,9250.0,9025.0,9250.0,8498.6650390625,756431600,2026-04-15 06:41:16.664219+00:00
2024-06-03,9350.0,9350.0,9225.0,9275.0,8521.634765625,72197700,2026-04-15 06:41:16.664219+00:00
2024-06-04,9525.0,9525.0,9350.0,9350.0,8590.5419921875,75353100,2026-04-15 06:41:16.664219+00:00
2024-06-05,9500.0,9500.0,9300.0,9450.0,8682.4208984375,82087300,2026-04-15 06:41:16.664219+00:00
2024-06-06,9525.0,9525.0,9450.0,9475.0,8705.388671875,44991300,2026-04-15 06:41:16.664219+00:00
2024-06-07,9500.0,9500.0,9325.0,9325.0,8567.572265625,51599800,2026-04-15 06:41:16.664219+00:00
2024-06-10,9500.0,9525.0,9450.0,9525.0,8751.328125,45584700,2026-04-15 06:41:16.664219+00:00
2024-06-11,9550.0,9550.0,9300.0,9300.0,8544.6044921875,68690900,2026-04-15 06:41:16.664219+00:00
2024-06-12,9300.0,9325.0,9250.0,9250.0,8498.6650390625,49785700,2026-04-15 06:41:16.664219+00:00
2024-06-13,9475.0,9475.0,9200.0,9200.0,8452.7265625,84652200,2026-04-15 06:41:16.664219+00:00
2024-06-14,9200.0,9250.0,9100.0,9200.0,8452.7265625,52986300,2026-04-15 06:41:16.664219+00:00
2024-06-19,9250.0,9250.0,9050.0,9050.0,8314.91015625,100051000,2026-04-15 06:41:16.664219+00:00
2024-06-20,9150.0,9425.0,9100.0,9425.0,8659.451171875,81474800,2026-04-15 06:41:16.664219+00:00
2024-06-21,9475.0,9675.0,9400.0,9600.0,8820.236328125,166841200,2026-04-15 06:41:16.664219+00:00
2024-06-24,9600.0,9750.0,9575.0,9600.0,8820.236328125,79592300,2026-04-15 06:41:16.664219+00:00
2024-06-25,9600.0,9600.0,9450.0,9600.0,8820.236328125,80029000,2026-04-15 06:41:16.664219+00:00
2024-06-26,9525.0,9650.0,9450.0,9500.0,8728.357421875,77913200,2026-04-15 06:41:16.664219+00:00
2024-06-27,9575.0,9750.0,9550.0,9750.0,8958.052734375,89150700,2026-04-15 06:41:16.664219+00:00
2024-06-28,9800.0,9975.0,9775.0,9925.0,9118.837890625,166172300,2026-04-15 06:41:16.664219+00:00
2024-07-01,9850.0,9900.0,9825.0,9875.0,9072.8994140625,68634600,2026-04-15 06:41:16.664219+00:00
2024-07-02,10000.0,10000.0,9850.0,9900.0,9095.869140625,78848500,2026-04-15 06:41:16.664219+00:00
2024-07-03,9975.0,10000.0,9925.0,10000.0,9187.74609375,55860200,2026-04-15 06:41:16.664219+00:00
2024-07-04,9975.0,10000.0,9825.0,9825.0,9026.9599609375,67054000,2026-04-15 06:41:16.664219+00:00
2024-07-05,9925.0,9975.0,9875.0,9950.0,9141.8056640625,36946900,2026-04-15 06:41:16.664219+00:00
2024-07-08,10000.0,10050.0,9950.0,10050.0,9233.6845703125,72903600,2026-04-15 06:41:16.664219+00:00
2024-07-09,10100.0,10150.0,10075.0,10075.0,9256.654296875,61853200,2026-04-15 06:41:16.664219+00:00
2024-07-10,10175.0,10225.0,10050.0,10100.0,9279.6240234375,62325900,2026-04-15 06:41:16.664219+00:00
2024-07-11,10000.0,10125.0,10000.0,10075.0,9256.654296875,55908400,2026-04-15 06:41:16.664219+00:00
2024-07-12,10050.0,10100.0,10025.0,10075.0,9256.654296875,62646500,2026-04-15 06:41:16.664219+00:00
2024-07-15,10050.0,10075.0,9950.0,10050.0,9233.6845703125,36682600,2026-04-15 06:41:16.664219+00:00
2024-07-16,9975.0,10025.0,9950.0,9950.0,9141.8056640625,37192700,2026-04-15 06:41:16.664219+00:00
2024-07-17,9900.0,9950.0,9800.0,9800.0,9003.990234375,90666000,2026-04-15 06:41:16.664219+00:00
2024-07-18,9800.0,10100.0,9800.0,10100.0,9279.6240234375,65383200,2026-04-15 06:41:16.664219+00:00
2024-07-19,10050.0,10125.0,9975.0,10125.0,9302.591796875,53880300,2026-04-15 06:41:16.664219+00:00
2024-07-22,10125.0,10150.0,10100.0,10100.0,9279.6240234375,31285300,2026-04-15 06:41:16.664219+00:00
2024-07-23,10200.0,10200.0,10125.0,10175.0,9348.53125,39321100,2026-04-15 06:41:16.664219+00:00
2024-07-24,10125.0,10175.0,10075.0,10075.0,9256.654296875,24658000,2026-04-15 06:41:16.664219+00:00
2024-07-25,10225.0,10300.0,10200.0,10300.0,9463.3779296875,98088100,2026-04-15 06:41:16.664219+00:00
2024-07-26,10375.0,10400.0,10300.0,10325.0,9486.3486328125,75565800,2026-04-15 06:41:16.664219+00:00
2024-07-29,10400.0,10425.0,10175.0,10250.0,9417.439453125,69092500,2026-04-15 06:41:16.664219+00:00
2024-07-30,10300.0,10300.0,10175.0,10175.0,9348.53125,32122900,2026-04-15 06:41:16.664219+00:00
2024-07-31,10350.0,10350.0,10225.0,10275.0,9440.408203125,82519900,2026-04-15 06:41:16.664219+00:00
2024-08-01,10200.0,10375.0,10200.0,10375.0,9532.2861328125,61176200,2026-04-15 06:41:16.664219+00:00
2024-08-02,10275.0,10350.0,10200.0,10200.0,9371.5009765625,55699900,2026-04-15 06:41:16.664219+00:00
2024-08-05,10000.0,10150.0,9875.0,9875.0,9072.8994140625,126328300,2026-04-15 06:41:16.664219+00:00
2024-08-06,10075.0,10075.0,9950.0,10000.0,9187.74609375,78473900,2026-04-15 06:41:16.664219+00:00
2024-08-07,10000.0,10100.0,10000.0,10100.0,9279.6240234375,52327400,2026-04-15 06:41:16.664219+00:00
2024-08-08,10150.0,10225.0,10075.0,10225.0,9394.470703125,54162100,2026-04-15 06:41:16.664219+00:00
2024-08-09,10225.0,10250.0,10100.0,10150.0,9325.5615234375,47062400,2026-04-15 06:41:16.664219+00:00
2024-08-12,10100.0,10200.0,10075.0,10200.0,9371.5009765625,40364100,2026-04-15 06:41:16.664219+00:00
2024-08-13,10250.0,10300.0,10175.0,10300.0,9463.3779296875,55207100,2026-04-15 06:41:16.664219+00:00
2024-08-14,10300.0,10300.0,10200.0,10200.0,9371.5009765625,47999100,2026-04-15 06:41:16.664219+00:00
2024-08-15,10200.0,10300.0,10175.0,10225.0,9394.470703125,33396600,2026-04-15 06:41:16.664219+00:00
2024-08-16,10300.0,10325.0,10250.0,10325.0,9486.3486328125,40731400,2026-04-15 06:41:16.664219+00:00
2024-08-19,10325.0,10425.0,10275.0,10375.0,9532.2861328125,51054400,2026-04-15 06:41:16.664219+00:00
2024-08-20,10325.0,10450.0,10300.0,10425.0,9578.2255859375,60304400,2026-04-15 06:41:16.664219+00:00
2024-08-21,10500.0,10500.0,10425.0,10425.0,9578.2255859375,84848800,2026-04-15 06:41:16.664219+00:00
2024-08-22,10350.0,10400.0,10225.0,10325.0,9486.3486328125,56611600,2026-04-15 06:41:16.664219+00:00
2024-08-23,10325.0,10375.0,10300.0,10325.0,9486.3486328125,46651600,2026-04-15 06:41:16.664219+00:00
2024-08-26,10275.0,10375.0,10250.0,10325.0,9486.3486328125,35145600,2026-04-15 06:41:16.664219+00:00
2024-08-27,10275.0,10300.0,10175.0,10200.0,9371.5009765625,60448400,2026-04-15 06:41:16.664219+00:00
2024-08-28,10300.0,10350.0,10250.0,10350.0,9509.31640625,38489900,2026-04-15 06:41:16.664219+00:00
2024-08-29,10500.0,10500.0,10225.0,10225.0,9394.470703125,53004700,2026-04-15 06:41:16.664219+00:00
2024-08-30,10325.0,10325.0,10200.0,10325.0,9486.3486328125,158403700,2026-04-15 06:41:16.664219+00:00
2024-09-02,10375.0,10375.0,10200.0,10275.0,9440.408203125,72008600,2026-04-15 06:41:16.664219+00:00
2024-09-03,10325.0,10325.0,10150.0,10175.0,9348.53125,50950200,2026-04-15 06:41:16.664219+00:00
2024-09-04,10150.0,10300.0,10125.0,10300.0,9463.3779296875,44817000,2026-04-15 06:41:16.664219+00:00
2024-09-05,10350.0,10350.0,10250.0,10250.0,9417.439453125,39332900,2026-04-15 06:41:16.664219+00:00
2024-09-06,10225.0,10300.0,10225.0,10300.0,9463.3779296875,31541800,2026-04-15 06:41:16.664219+00:00
2024-09-09,10300.0,10350.0,10200.0,10275.0,9440.408203125,36185100,2026-04-15 06:41:16.664219+00:00
2024-09-10,10350.0,10350.0,10275.0,10350.0,9509.31640625,55093100,2026-04-15 06:41:16.664219+00:00
2024-09-11,10425.0,10425.0,10350.0,10425.0,9578.2255859375,64621300,2026-04-15 06:41:16.664219+00:00
2024-09-12,10450.0,10500.0,10375.0,10475.0,9624.1640625,70759100,2026-04-15 06:41:16.664219+00:00
2024-09-13,10400.0,10425.0,10325.0,10425.0,9578.2255859375,70057100,2026-04-15 06:41:16.664219+00:00
2024-09-17,10450.0,10500.0,10350.0,10500.0,9647.1337890625,89745000,2026-04-15 06:41:16.664219+00:00
2024-09-18,10500.0,10625.0,10450.0,10625.0,9761.9794921875,65420200,2026-04-15 06:41:16.664219+00:00
2024-09-19,10700.0,10900.0,10650.0,10900.0,10014.6435546875,140886600,2026-04-15 06:41:16.664219+00:00
2024-09-20,10900.0,10900.0,10775.0,10775.0,9899.7958984375,142194600,2026-04-15 06:41:16.664219+00:00
2024-09-23,10725.0,10950.0,10725.0,10950.0,10060.58203125,72553800,2026-04-15 06:41:16.664219+00:00
2024-09-24,10775.0,10950.0,10775.0,10800.0,9922.765625,105191100,2026-04-15 06:41:16.664219+00:00
2024-09-25,10675.0,10850.0,10525.0,10850.0,9968.7041015625,158369100,2026-04-15 06:41:16.664219+00:00
2024-09-26,10875.0,10875.0,10675.0,10700.0,9830.888671875,84960100,2026-04-15 06:41:16.664219+00:00
2024-09-27,10500.0,10750.0,10400.0,10650.0,9784.94921875,93027400,2026-04-15 06:41:16.664219+00:00
2024-09-30,10475.0,10550.0,10325.0,10325.0,9486.3486328125,144692100,2026-04-15 06:41:16.664219+00:00
2024-10-01,10400.0,10550.0,10375.0,10550.0,9693.072265625,59797700,2026-04-15 06:41:16.664219+00:00
2024-10-02,10325.0,10550.0,10325.0,10500.0,9647.1337890625,86746200,2026-04-15 06:41:16.664219+00:00
2024-10-03,10450.0,10525.0,10400.0,10450.0,9601.1943359375,60887000,2026-04-15 06:41:16.664219+00:00
2024-10-04,10400.0,10475.0,10350.0,10475.0,9624.1640625,58500400,2026-04-15 06:41:16.664219+00:00
2024-10-07,10350.0,10375.0,10250.0,10300.0,9463.3779296875,91867900,2026-04-15 06:41:16.664219+00:00
2024-10-08,10200.0,10500.0,10150.0,10400.0,9555.2548828125,99622900,2026-04-15 06:41:16.664219+00:00
2024-10-09,10400.0,10525.0,10400.0,10425.0,9578.2255859375,56835200,2026-04-15 06:41:16.664219+00:00
2024-10-10,10425.0,10500.0,10400.0,10500.0,9647.1337890625,51080000,2026-04-15 06:41:16.664219+00:00
2024-10-11,10575.0,10575.0,10375.0,10375.0,9532.2861328125,44632100,2026-04-15 06:41:16.664219+00:00
2024-10-14,10375.0,10500.0,10375.0,10500.0,9647.1337890625,31738600,2026-04-15 06:41:16.664219+00:00
2024-10-15,10550.0,10625.0,10450.0,10625.0,9761.9794921875,66635200,2026-04-15 06:41:16.664219+00:00
2024-10-16,10700.0,10725.0,10475.0,10475.0,9624.1640625,63255900,2026-04-15 06:41:16.664219+00:00
2024-10-17,10550.0,10800.0,10500.0,10725.0,9853.857421875,66993300,2026-04-15 06:41:16.664219+00:00
2024-10-18,10875.0,10875.0,10725.0,10750.0,9876.826171875,56299600,2026-04-15 06:41:16.664219+00:00
2024-10-21,10850.0,10850.0,10675.0,10675.0,9807.9189453125,36472500,2026-04-15 06:41:16.664219+00:00
2024-10-22,10475.0,10600.0,10475.0,10500.0,9647.1337890625,94799500,2026-04-15 06:41:16.664219+00:00
2024-10-23,10475.0,10650.0,10475.0,10650.0,9784.94921875,48903000,2026-04-15 06:41:16.664219+00:00
2024-10-24,10725.0,10850.0,10700.0,10700.0,9830.888671875,85341200,2026-04-15 06:41:16.664219+00:00
2024-10-25,10650.0,10750.0,10625.0,10750.0,9876.826171875,34847500,2026-04-15 06:41:16.664219+00:00
2024-10-28,10825.0,10825.0,10600.0,10600.0,9739.009765625,39061500,2026-04-15 06:41:16.664219+00:00
2024-10-29,10525.0,10575.0,10500.0,10500.0,9647.1337890625,49680100,2026-04-15 06:41:16.664219+00:00
2024-10-30,10275.0,10400.0,10275.0,10350.0,9509.31640625,114484100,2026-04-15 06:41:16.664219+00:00
2024-10-31,10325.0,10475.0,10250.0,10250.0,9417.439453125,97553400,2026-04-15 06:41:16.664219+00:00
2024-11-01,10275.0,10425.0,10275.0,10425.0,9578.2255859375,47710000,2026-04-15 06:41:16.664219+00:00
2024-11-04,10425.0,10500.0,10300.0,10375.0,9532.2861328125,49275700,2026-04-15 06:41:16.664219+00:00
2024-11-05,10300.0,10575.0,10300.0,10500.0,9647.1337890625,50296500,2026-04-15 06:41:16.664219+00:00
2024-11-06,10475.0,10500.0,10375.0,10450.0,9601.1943359375,50324900,2026-04-15 06:41:16.664219+00:00
2024-11-07,10325.0,10450.0,10175.0,10175.0,9348.53125,131579100,2026-04-15 06:41:16.664219+00:00
2024-11-08,10200.0,10225.0,10050.0,10075.0,9256.654296875,92166100,2026-04-15 06:41:16.664219+00:00
2024-11-11,9800.0,10050.0,9800.0,10050.0,9233.6845703125,128707600,2026-04-15 06:41:16.664219+00:00
2024-11-12,10100.0,10225.0,10000.0,10150.0,9325.5615234375,80378500,2026-04-15 06:41:16.664219+00:00
2024-11-13,10225.0,10250.0,10150.0,10150.0,9325.5615234375,62933100,2026-04-15 06:41:16.664219+00:00
2024-11-14,10125.0,10175.0,10050.0,10100.0,9279.6240234375,56381400,2026-04-15 06:41:16.664219+00:00
2024-11-15,10050.0,10275.0,10050.0,10175.0,9348.53125,63598200,2026-04-15 06:41:16.664219+00:00
2024-11-18,10075.0,10125.0,10000.0,10000.0,9187.74609375,65716200,2026-04-15 06:41:16.664219+00:00
2024-11-19,9900.0,10025.0,9900.0,9925.0,9118.837890625,85295300,2026-04-15 06:41:16.664219+00:00
2024-11-20,10025.0,10150.0,10000.0,10075.0,9256.654296875,58584400,2026-04-15 06:41:16.664219+00:00
2024-11-21,10000.0,10000.0,9850.0,9850.0,9095.06640625,93181200,2026-04-15 06:41:16.664219+00:00
2024-11-22,9925.0,9950.0,9850.0,9850.0,9095.06640625,58396100,2026-04-15 06:41:16.664219+00:00
2024-11-25,9950.0,10200.0,9900.0,10175.0,9395.1572265625,165369400,2026-04-15 06:41:16.664219+00:00
2024-11-26,10250.0,10250.0,10000.0,10000.0,9233.5703125,62310100,2026-04-15 06:41:16.664219+00:00
2024-11-28,9975.0,10075.0,9925.0,10000.0,9233.5703125,57443500,2026-04-15 06:41:16.664219+00:00
2024-11-29,10000.0,10100.0,9950.0,10000.0,9233.5703125,76886000,2026-04-15 06:41:16.664219+00:00
2024-12-02,10000.0,10050.0,9750.0,9750.0,9002.7314453125,87879600,2026-04-15 06:41:16.664219+00:00
2024-12-03,10025.0,10225.0,9900.0,10200.0,9418.2421875,126087100,2026-04-15 06:41:16.664219+00:00
2024-12-04,10175.0,10250.0,10050.0,10200.0,9418.2421875,97876300,2026-04-15 06:41:16.664219+00:00
2024-12-05,10250.0,10350.0,10225.0,10250.0,9464.4091796875,96904400,2026-04-15 06:41:16.664219+00:00
2024-12-06,10100.0,10175.0,10050.0,10075.0,9302.822265625,68247200,2026-04-15 06:41:16.664219+00:00
2024-12-09,10025.0,10350.0,10000.0,10350.0,9556.7451171875,64458400,2026-04-15 06:41:16.664219+00:00
2024-12-10,10325.0,10350.0,10275.0,10350.0,9556.7451171875,61230400,2026-04-15 06:41:16.664219+00:00
2024-12-11,10225.0,10425.0,10225.0,10425.0,9625.9970703125,37934300,2026-04-15 06:41:16.664219+00:00
2024-12-12,10300.0,10375.0,10175.0,10175.0,9395.1572265625,44780100,2026-04-15 06:41:16.664219+00:00
2024-12-13,10125.0,10225.0,10025.0,10050.0,9279.73828125,75126400,2026-04-15 06:41:16.664219+00:00
2024-12-16,10000.0,10125.0,10000.0,10100.0,9325.90625,57746100,2026-04-15 06:41:16.664219+00:00
2024-12-17,9950.0,10050.0,9900.0,9900.0,9141.2353515625,99845900,2026-04-15 06:41:16.664219+00:00
2024-12-18,9900.0,10025.0,9800.0,9800.0,9048.8984375,84868500,2026-04-15 06:41:16.664219+00:00
2024-12-19,9700.0,9775.0,9550.0,9675.0,8933.4794921875,104254100,2026-04-15 06:41:16.664219+00:00
2024-12-20,9650.0,9750.0,9625.0,9650.0,8910.3955078125,91576900,2026-04-15 06:41:16.664219+00:00
2024-12-23,9700.0,9850.0,9700.0,9775.0,9025.814453125,43292100,2026-04-15 06:41:16.664219+00:00
2024-12-24,9850.0,9900.0,9750.0,9750.0,9002.7314453125,32415700,2026-04-15 06:41:16.664219+00:00
2024-12-27,9800.0,9825.0,9725.0,9800.0,9048.8984375,24016700,2026-04-15 06:41:16.664219+00:00
2024-12-30,9800.0,9825.0,9675.0,9675.0,8933.4794921875,56350100,2026-04-15 06:41:16.664219+00:00
2025-01-02,9650.0,9900.0,9650.0,9900.0,9141.2353515625,38124800,2026-04-15 06:41:16.664219+00:00
2025-01-03,9850.0,9925.0,9825.0,9850.0,9095.06640625,41916000,2026-04-15 06:41:16.664219+00:00
2025-01-06,9850.0,9875.0,9650.0,9675.0,8933.4794921875,41593900,2026-04-15 06:41:16.664219+00:00
2025-01-07,9675.0,9725.0,9525.0,9525.0,8794.9755859375,71318600,2026-04-15 06:41:16.664219+00:00
2025-01-08,9675.0,9775.0,9575.0,9675.0,8933.4794921875,55943100,2026-04-15 06:41:16.664219+00:00
2025-01-09,9750.0,9875.0,9725.0,9850.0,9095.06640625,42733800,2026-04-15 06:41:16.664219+00:00
2025-01-10,9800.0,9925.0,9725.0,9725.0,8979.646484375,72531300,2026-04-15 06:41:16.664219+00:00
2025-01-13,9625.0,9725.0,9625.0,9675.0,8933.4794921875,88270100,2026-04-15 06:41:16.664219+00:00
2025-01-14,9600.0,9725.0,9525.0,9525.0,8794.9755859375,70942600,2026-04-15 06:41:16.664219+00:00
2025-01-15,9575.0,9800.0,9550.0,9800.0,9048.8984375,77098000,2026-04-15 06:41:16.664219+00:00
2025-01-16,9850.0,9925.0,9750.0,9750.0,9002.7314453125,76979000,2026-04-15 06:41:16.664219+00:00
2025-01-17,9750.0,9900.0,9650.0,9900.0,9141.2353515625,71033100,2026-04-15 06:41:16.664219+00:00
2025-01-20,9850.0,9875.0,9625.0,9625.0,8887.310546875,112111200,2026-04-15 06:41:16.664219+00:00
2025-01-21,9600.0,9675.0,9550.0,9575.0,8841.1435546875,124547900,2026-04-15 06:41:16.664219+00:00
2025-01-22,9650.0,9675.0,9575.0,9600.0,8864.2275390625,90154800,2026-04-15 06:41:16.664219+00:00
2025-01-23,9600.0,9750.0,9600.0,9600.0,8864.2275390625,120515400,2026-04-15 06:41:16.664219+00:00
2025-01-24,9625.0,9650.0,9350.0,9350.0,8633.3876953125,152057000,2026-04-15 06:41:16.664219+00:00
2025-01-30,9150.0,9275.0,9150.0,9150.0,8448.7158203125,154645800,2026-04-15 06:41:16.664219+00:00
2025-01-31,9250.0,9500.0,9225.0,9450.0,8725.724609375,112982800,2026-04-15 06:41:16.664219+00:00
2025-02-03,9400.0,9400.0,9225.0,9350.0,8633.3876953125,90439900,2026-04-15 06:41:16.664219+00:00
2025-02-04,9350.0,9400.0,9175.0,9175.0,8471.80078125,94607700,2026-04-15 06:41:16.664219+00:00
2025-02-05,9100.0,9175.0,9100.0,9125.0,8425.6328125,98229900,2026-04-15 06:41:16.664219+00:00
2025-02-06,9075.0,9100.0,8850.0,8950.0,8264.0458984375,171477800,2026-04-15 06:41:16.664219+00:00
2025-02-07,8950.0,9350.0,8825.0,9350.0,8633.3876953125,131162200,2026-04-15 06:41:16.664219+00:00
2025-02-10,9025.0,9250.0,9025.0,9150.0,8448.7158203125,76209100,2026-04-15 06:41:16.664219+00:00
2025-02-11,9025.0,9100.0,9000.0,9075.0,8379.4658203125,71188300,2026-04-15 06:41:16.664219+00:00
2025-02-12,8950.0,9150.0,8950.0,9150.0,8448.7158203125,121172600,2026-04-15 06:41:16.664219+00:00
2025-02-13,9100.0,9150.0,9000.0,9000.0,8310.212890625,90439700,2026-04-15 06:41:16.664219+00:00
2025-02-14,9000.0,9075.0,8950.0,8975.0,8287.1298828125,116274500,2026-04-15 06:41:16.664219+00:00
2025-02-17,8975.0,9325.0,8975.0,9325.0,8610.3037109375,89096400,2026-04-15 06:41:16.664219+00:00
2025-02-18,9325.0,9575.0,9250.0,9300.0,8587.220703125,107318300,2026-04-15 06:41:16.664219+00:00
2025-02-19,9225.0,9250.0,8950.0,8950.0,8264.0458984375,154438200,2026-04-15 06:41:16.664219+00:00
2025-02-20,8975.0,9025.0,8950.0,9000.0,8310.212890625,119260800,2026-04-15 06:41:16.664219+00:00
2025-02-21,8950.0,9000.0,8925.0,9000.0,8310.212890625,106054700,2026-04-15 06:41:16.664219+00:00
2025-02-24,8925.0,8975.0,8875.0,8925.0,8240.9609375,108530300,2026-04-15 06:41:16.664219+00:00
2025-02-25,8900.0,9000.0,8825.0,8825.0,8148.62646484375,101592700,2026-04-15 06:41:16.664219+00:00
2025-02-26,8800.0,8900.0,8725.0,8775.0,8102.4580078125,117843500,2026-04-15 06:41:16.664219+00:00
2025-02-27,8800.0,8800.0,8500.0,8525.0,7871.6181640625,199991600,2026-04-15 06:41:16.664219+00:00
2025-02-28,8525.0,8675.0,8425.0,8425.0,7779.283203125,293095000,2026-04-15 06:41:16.664219+00:00
2025-03-03,8600.0,8900.0,8550.0,8800.0,8125.5419921875,192944300,2026-04-15 06:41:16.664219+00:00
2025-03-04,8900.0,8925.0,8675.0,8850.0,8171.70947265625,125418500,2026-04-15 06:41:16.664219+00:00
2025-03-05,8825.0,9175.0,8825.0,9000.0,8310.212890625,155207900,2026-04-15 06:41:16.664219+00:00
2025-03-06,9200.0,9200.0,8975.0,8975.0,8287.1298828125,96270100,2026-04-15 06:41:16.664219+00:00
2025-03-07,9000.0,9000.0,8925.0,8925.0,8240.9609375,82295300,2026-04-15 06:41:16.664219+00:00
2025-03-10,8750.0,8975.0,8725.0,8925.0,8240.9609375,97652100,2026-04-15 06:41:16.664219+00:00
2025-03-11,8950.0,9050.0,8875.0,8925.0,8240.9609375,109295600,2026-04-15 06:41:16.664219+00:00
2025-03-12,9025.0,9125.0,8975.0,9125.0,8425.6328125,87968900,2026-04-15 06:41:16.664219+00:00
2025-03-13,9150.0,9175.0,8975.0,8975.0,8287.1298828125,83030700,2026-04-15 06:41:16.664219+00:00
2025-03-14,8800.0,8925.0,8750.0,8750.0,8079.3740234375,111397800,2026-04-15 06:41:16.664219+00:00
2025-03-17,8750.0,8775.0,8550.0,8600.0,7940.87060546875,151365700,2026-04-15 06:41:16.664219+00:00
2025-03-18,8500.0,8550.0,8075.0,8300.0,7663.86328125,417305700,2026-04-15 06:41:16.664219+00:00
2025-03-19,8300.0,8400.0,8225.0,8325.0,7686.94677734375,214108200,2026-04-15 06:41:16.664219+00:00
2025-03-20,8450.0,8475.0,8350.0,8375.0,7733.115234375,152917300,2026-04-15 06:41:16.664219+00:00
2025-03-21,8275.0,8275.0,7900.0,7900.0,7518.966796875,377916400,2026-04-15 06:41:16.664219+00:00
2025-03-24,7825.0,8100.0,7625.0,7950.0,7566.5556640625,331836800,2026-04-15 06:41:16.664219+00:00
2025-03-25,8075.0,8150.0,8000.0,8050.0,7661.732421875,136341700,2026-04-15 06:41:16.664219+00:00
2025-03-26,8300.0,8650.0,8275.0,8525.0,8113.82177734375,283104600,2026-04-15 06:41:16.664219+00:00
2025-03-27,8425.0,8575.0,8375.0,8500.0,8090.02734375,122943900,2026-04-15 06:41:16.664219+00:00
2025-04-08,7400.0,8000.0,7275.0,7775.0,7399.99560546875,533073600,2026-04-15 06:41:16.664219+00:00
2025-04-09,7700.0,7950.0,7675.0,7925.0,7542.76123046875,136753900,2026-04-15 06:41:16.664219+00:00
2025-04-10,8500.0,8650.0,8175.0,8225.0,7828.29150390625,144148600,2026-04-15 06:41:16.664219+00:00
2025-04-11,8200.0,8325.0,8050.0,8275.0,7875.8798828125,82603000,2026-04-15 06:41:16.664219+00:00
2025-04-14,8250.0,8400.0,8250.0,8400.0,7994.85107421875,83319300,2026-04-15 06:41:16.664219+00:00
2025-04-15,8575.0,8600.0,8450.0,8575.0,8161.41064453125,83431800,2026-04-15 06:41:16.664219+00:00
2025-04-16,8500.0,8550.0,8425.0,8475.0,8066.2333984375,76874900,2026-04-15 06:41:16.664219+00:00
2025-04-17,8450.0,8500.0,8350.0,8500.0,8090.02734375,83540600,2026-04-15 06:41:16.664219+00:00
2025-04-21,8500.0,8500.0,8300.0,8300.0,7899.673828125,40683800,2026-04-15 06:41:16.664219+00:00
2025-04-22,8325.0,8500.0,8325.0,8500.0,8090.02734375,56537100,2026-04-15 06:41:16.664219+00:00
2025-04-23,8550.0,8725.0,8550.0,8725.0,8304.17578125,92329600,2026-04-15 06:41:16.664219+00:00
2025-04-24,8850.0,8850.0,8475.0,8475.0,8066.2333984375,143675300,2026-04-15 06:41:16.664219+00:00
2025-04-25,8650.0,8650.0,8575.0,8600.0,8185.20458984375,58297000,2026-04-15 06:41:16.664219+00:00
2025-04-28,8750.0,8775.0,8650.0,8775.0,8351.763671875,73235400,2026-04-15 06:41:16.664219+00:00
2025-04-29,8800.0,8825.0,8700.0,8725.0,8304.17578125,60315700,2026-04-15 06:41:16.664219+00:00
2025-04-30,8800.0,8925.0,8675.0,8825.0,8399.3525390625,164597500,2026-04-15 06:41:16.664219+00:00
2025-05-02,9000.0,9000.0,8850.0,8975.0,8542.1171875,92219000,2026-04-15 06:41:16.664219+00:00
2025-05-05,9000.0,9050.0,8975.0,8975.0,8542.1171875,86385600,2026-04-15 06:41:16.664219+00:00
2025-05-06,9050.0,9050.0,8975.0,9025.0,8589.7060546875,48860500,2026-04-15 06:41:16.664219+00:00
2025-05-07,9075.0,9100.0,9000.0,9075.0,8637.294921875,77382000,2026-04-15 06:41:16.664219+00:00
2025-05-08,9075.0,9200.0,8925.0,8975.0,8542.1171875,99614500,2026-04-15 06:41:16.664219+00:00
2025-05-09,9050.0,9050.0,8975.0,9000.0,8565.912109375,47167500,2026-04-15 06:41:16.664219+00:00
2025-05-14,9250.0,9300.0,9150.0,9275.0,8827.6484375,149002900,2026-04-15 06:41:16.664219+00:00
2025-05-15,9275.0,9400.0,9250.0,9275.0,8827.6484375,101401300,2026-04-15 06:41:16.664219+00:00
2025-05-16,9300.0,9325.0,9225.0,9300.0,8851.44140625,63007500,2026-04-15 06:41:16.664219+00:00
2025-05-19,9275.0,9500.0,9250.0,9500.0,9041.794921875,111597200,2026-04-15 06:41:16.664219+00:00
2025-05-20,9500.0,9675.0,9475.0,9475.0,9018.001953125,160614800,2026-04-15 06:41:16.664219+00:00
2025-05-21,9700.0,9725.0,9550.0,9700.0,9232.1494140625,169739200,2026-04-15 06:41:16.664219+00:00
2025-05-22,9800.0,9800.0,9650.0,9650.0,9184.5615234375,103113000,2026-04-15 06:41:16.664219+00:00
2025-05-23,9675.0,9700.0,9625.0,9675.0,9208.35546875,48521800,2026-04-15 06:41:16.664219+00:00
2025-05-26,9600.0,9650.0,9500.0,9625.0,9160.7666015625,56625300,2026-04-15 06:41:16.664219+00:00
2025-05-27,9550.0,9600.0,9450.0,9450.0,8994.2080078125,93212000,2026-04-15 06:41:16.664219+00:00
2025-05-28,9450.0,9550.0,9400.0,9400.0,8946.619140625,236950800,2026-04-15 06:41:16.664219+00:00
2025-06-02,9025.0,9175.0,9025.0,9100.0,8661.087890625,264428700,2026-04-15 06:41:16.664219+00:00
2025-06-03,9050.0,9125.0,8950.0,9050.0,8613.5009765625,128318100,2026-04-15 06:41:16.664219+00:00
2025-06-04,9100.0,9125.0,8950.0,8975.0,8542.1171875,93357200,2026-04-15 06:41:16.664219+00:00
2025-06-05,9000.0,9050.0,8900.0,8925.0,8494.529296875,95529000,2026-04-15 06:41:16.664219+00:00
2025-06-10,8975.0,9100.0,8950.0,9100.0,8661.087890625,80406400,2026-04-15 06:41:16.664219+00:00
2025-06-11,9100.0,9125.0,9050.0,9050.0,8613.5009765625,56632600,2026-04-15 06:41:16.664219+00:00
2025-06-12,9000.0,9125.0,9000.0,9125.0,8684.8828125,41337300,2026-04-15 06:41:16.664219+00:00
2025-06-13,9100.0,9125.0,8975.0,9025.0,8589.7060546875,83318000,2026-04-15 06:41:16.664219+00:00
2025-06-16,8925.0,9000.0,8900.0,8925.0,8494.529296875,57825000,2026-04-15 06:41:16.664219+00:00
2025-06-17,8975.0,9100.0,8975.0,9075.0,8637.294921875,54927900,2026-04-15 06:41:16.664219+00:00
2025-06-18,8950.0,9025.0,8900.0,8900.0,8470.734375,86270200,2026-04-15 06:41:16.664219+00:00
2025-06-19,8900.0,8925.0,8750.0,8775.0,8351.763671875,78879500,2026-04-15 06:41:16.664219+00:00
2025-06-20,8700.0,8875.0,8625.0,8700.0,8280.380859375,445915100,2026-04-15 06:41:16.664219+00:00
2025-06-23,8575.0,8700.0,8500.0,8625.0,8208.9990234375,87324500,2026-04-15 06:41:16.664219+00:00
2025-06-24,8725.0,8850.0,8700.0,8775.0,8351.763671875,110158900,2026-04-15 06:41:16.664219+00:00
2025-06-25,8725.0,8775.0,8475.0,8600.0,8185.20458984375,117561000,2026-04-15 06:41:16.664219+00:00
2025-06-26,8525.0,8650.0,8525.0,8650.0,8232.79296875,117281700,2026-04-15 06:41:16.664219+00:00
2025-06-30,8575.0,8825.0,8550.0,8675.0,8256.5869140625,185441800,2026-04-15 06:41:16.664219+00:00
2025-07-01,8750.0,8775.0,8600.0,8700.0,8280.380859375,82364500,2026-04-15 06:41:16.664219+00:00
2025-07-02,8575.0,8675.0,8575.0,8675.0,8256.5869140625,68545100,2026-04-15 06:41:16.664219+00:00
2025-07-03,8700.0,8750.0,8600.0,8600.0,8185.20458984375,50370800,2026-04-15 06:41:16.664219+00:00
2025-07-04,8650.0,8700.0,8550.0,8650.0,8232.79296875,43593300,2026-04-15 06:41:16.664219+00:00
2025-07-07,8625.0,8650.0,8550.0,8625.0,8208.9990234375,49936900,2026-04-15 06:41:16.664219+00:00
2025-07-08,8550.0,8600.0,8425.0,8500.0,8090.02734375,215611000,2026-04-15 06:41:16.664219+00:00
2025-07-09,8500.0,8550.0,8450.0,8500.0,8090.02734375,94459300,2026-04-15 06:41:16.664219+00:00
2025-07-10,8525.0,8650.0,8500.0,8600.0,8185.20458984375,111769400,2026-04-15 06:41:16.664219+00:00
2025-07-11,8575.0,8675.0,8575.0,8625.0,8208.9990234375,135986500,2026-04-15 06:41:16.664219+00:00
2025-07-14,8650.0,8675.0,8450.0,8525.0,8113.82177734375,125196000,2026-04-15 06:41:16.664219+00:00
2025-07-15,8600.0,8600.0,8475.0,8550.0,8137.6162109375,77219300,2026-04-15 06:41:16.664219+00:00
2025-07-16,8550.0,8600.0,8500.0,8525.0,8113.82177734375,97475300,2026-04-15 06:41:16.664219+00:00
2025-07-17,8500.0,8550.0,8500.0,8525.0,8113.82177734375,86016400,2026-04-15 06:41:16.664219+00:00
2025-07-18,8550.0,8575.0,8425.0,8425.0,8018.6455078125,80432200,2026-04-15 06:41:16.664219+00:00
2025-07-21,8450.0,8500.0,8375.0,8450.0,8042.43994140625,95383500,2026-04-15 06:41:16.664219+00:00
2025-07-22,8450.0,8475.0,8400.0,8400.0,7994.85107421875,77981700,2026-04-15 06:41:16.664219+00:00
2025-07-23,8450.0,8500.0,8400.0,8425.0,8018.6455078125,70969500,2026-04-15 06:41:16.664219+00:00
2025-07-24,8475.0,8550.0,8450.0,8500.0,8090.02734375,138256800,2026-04-15 06:41:16.664219+00:00
2025-07-25,8500.0,8525.0,8450.0,8450.0,8042.43994140625,58682800,2026-04-15 06:41:16.664219+00:00
2025-07-28,8625.0,8625.0,8475.0,8500.0,8090.02734375,99484300,2026-04-15 06:41:16.664219+00:00
2025-07-29,8500.0,8500.0,8375.0,8400.0,7994.85107421875,104240300,2026-04-15 06:41:16.664219+00:00
2025-07-30,8475.0,8475.0,8325.0,8375.0,7971.05712890625,98098100,2026-04-15 06:41:16.664219+00:00
2025-07-31,8350.0,8375.0,8250.0,8275.0,7875.8798828125,206006300,2026-04-15 06:41:16.664219+00:00
2025-08-01,8400.0,8425.0,8300.0,8300.0,7899.673828125,86196100,2026-04-15 06:41:16.664219+00:00
2025-08-04,8325.0,8350.0,8275.0,8275.0,7875.8798828125,49054500,2026-04-15 06:41:16.664219+00:00
2025-08-05,8350.0,8450.0,8325.0,8425.0,8018.6455078125,69475900,2026-04-15 06:41:16.664219+00:00
2025-08-06,8425.0,8425.0,8300.0,8300.0,7899.673828125,56325400,2026-04-15 06:41:16.664219+00:00
2025-08-07,8325.0,8350.0,8300.0,8300.0,7899.673828125,43621300,2026-04-15 06:41:16.664219+00:00
2025-08-08,8325.0,8400.0,8300.0,8300.0,7899.673828125,68378700,2026-04-15 06:41:16.664219+00:00
2025-08-11,8500.0,8550.0,8425.0,8550.0,8137.6162109375,128561300,2026-04-15 06:41:16.664219+00:00
2025-08-12,8625.0,8875.0,8575.0,8850.0,8423.1474609375,171015700,2026-04-15 06:41:16.664219+00:00
2025-08-13,8975.0,8975.0,8725.0,8925.0,8494.529296875,129083900,2026-04-15 06:41:16.664219+00:00
2025-08-14,8925.0,8950.0,8750.0,8775.0,8351.763671875,122930900,2026-04-15 06:41:16.664219+00:00
2025-08-15,8825.0,8850.0,8700.0,8700.0,8280.380859375,68754200,2026-04-15 06:41:16.664219+00:00
2025-08-19,8600.0,8600.0,8450.0,8500.0,8090.02734375,128591700,2026-04-15 06:41:16.664219+00:00
2025-08-20,8375.0,8600.0,8350.0,8525.0,8113.82177734375,202260200,2026-04-15 06:41:16.664219+00:00
2025-08-21,8550.0,8575.0,8500.0,8550.0,8137.6162109375,69470200,2026-04-15 06:41:16.664219+00:00
2025-08-22,8575.0,8575.0,8450.0,8450.0,8042.43994140625,66394100,2026-04-15 06:41:16.664219+00:00
2025-08-25,8525.0,8550.0,8475.0,8475.0,8066.2333984375,64052700,2026-04-15 06:41:16.664219+00:00
2025-08-26,8450.0,8475.0,8250.0,8250.0,7852.08544921875,326794200,2026-04-15 06:41:16.664219+00:00
2025-08-27,8250.0,8350.0,8200.0,8300.0,7899.673828125,111915700,2026-04-15 06:41:16.664219+00:00
2025-08-28,8350.0,8375.0,8275.0,8325.0,7923.46826171875,81281400,2026-04-15 06:41:16.664219+00:00
2025-08-29,8250.0,8275.0,8075.0,8075.0,7685.5263671875,236499300,2026-04-15 06:41:16.664219+00:00
2025-09-01,7650.0,8050.0,7600.0,8000.0,7614.1435546875,421127500,2026-04-15 06:41:16.664219+00:00
2025-09-02,8000.0,8175.0,8000.0,8000.0,7614.1435546875,155531500,2026-04-15 06:41:16.664219+00:00
2025-09-03,7900.0,8000.0,7900.0,7975.0,7590.349609375,212372700,2026-04-15 06:41:16.664219+00:00
2025-09-04,7975.0,8000.0,7925.0,8000.0,7614.1435546875,103534800,2026-04-15 06:41:16.664219+00:00
2025-09-08,8025.0,8025.0,7700.0,7700.0,7328.61328125,321191900,2026-04-15 06:41:16.664219+00:00
2025-09-09,7625.0,7725.0,7475.0,7525.0,7162.05419921875,595368700,2026-04-15 06:41:16.664219+00:00
2025-09-10,7550.0,7800.0,7550.0,7800.0,7423.7900390625,246849600,2026-04-15 06:41:16.664219+00:00
2025-09-11,7900.0,7975.0,7850.0,7850.0,7471.37890625,235173400,2026-04-15 06:41:16.664219+00:00
2025-09-12,7975.0,7975.0,7850.0,7925.0,7542.76123046875,156084700,2026-04-15 06:41:16.664219+00:00
2025-09-15,8000.0,8100.0,7975.0,8025.0,7637.93798828125,142567700,2026-04-15 06:41:16.664219+00:00
2025-09-16,8050.0,8075.0,7900.0,7925.0,7542.76123046875,129312900,2026-04-15 06:41:16.664219+00:00
2025-09-17,7850.0,7900.0,7800.0,7850.0,7471.37890625,183725900,2026-04-15 06:41:16.664219+00:00
2025-09-18,7850.0,7900.0,7650.0,7700.0,7328.61328125,275378700,2026-04-15 06:41:16.664219+00:00
2025-09-19,7650.0,7825.0,7650.0,7800.0,7423.7900390625,149025300,2026-04-15 06:41:16.664219+00:00
2025-09-22,7800.0,7825.0,7725.0,7725.0,7352.40771484375,92588800,2026-04-15 06:41:16.664219+00:00
2025-09-23,7750.0,7900.0,7750.0,7875.0,7495.1728515625,102606200,2026-04-15 06:41:16.664219+00:00
2025-09-24,7950.0,7950.0,7725.0,7775.0,7399.99560546875,150428400,2026-04-15 06:41:16.664219+00:00
2025-09-25,7725.0,7775.0,7700.0,7700.0,7328.61328125,147986600,2026-04-15 06:41:16.664219+00:00
2025-09-26,7575.0,7700.0,7575.0,7625.0,7257.23095703125,121657700,2026-04-15 06:41:16.664219+00:00
2025-09-29,7750.0,7800.0,7700.0,7775.0,7399.99560546875,116454700,2026-04-15 06:41:16.664219+00:00
2025-09-30,7700.0,7775.0,7625.0,7625.0,7257.23095703125,170666700,2026-04-15 06:41:16.664219+00:00
2025-10-01,7600.0,7675.0,7500.0,7500.0,7138.259765625,202433400,2026-04-15 06:41:16.664219+00:00
2025-10-02,7500.0,7600.0,7500.0,7500.0,7138.259765625,126952400,2026-04-15 06:41:16.664219+00:00
2025-10-03,7525.0,7550.0,7500.0,7525.0,7162.05419921875,76787500,2026-04-15 06:41:16.664219+00:00
2025-10-06,7500.0,7550.0,7450.0,7500.0,7138.259765625,104032400,2026-04-15 06:41:16.664219+00:00
2025-10-07,7550.0,7600.0,7500.0,7575.0,7209.64208984375,74282600,2026-04-15 06:41:16.664219+00:00
2025-10-08,7500.0,7525.0,7375.0,7375.0,7019.28857421875,168080800,2026-04-15 06:41:16.664219+00:00
2025-10-09,7375.0,7700.0,7300.0,7550.0,7185.8486328125,293567400,2026-04-15 06:41:16.664219+00:00
2025-10-10,7450.0,7450.0,7350.0,7400.0,7043.0830078125,107426000,2026-04-15 06:41:16.664219+00:00
2025-10-13,7300.0,7375.0,7300.0,7325.0,6971.70068359375,101847900,2026-04-15 06:41:16.664219+00:00
2025-10-14,7275.0,7350.0,7250.0,7250.0,6900.31787109375,151862300,2026-04-15 06:41:16.664219+00:00
2025-10-15,7250.0,7350.0,7225.0,7250.0,6900.31787109375,133206400,2026-04-15 06:41:16.664219+00:00
2025-10-16,7250.0,7325.0,7225.0,7300.0,6947.90625,120611200,2026-04-15 06:41:16.664219+00:00
2025-10-17,7300.0,7525.0,7275.0,7500.0,7138.259765625,157334400,2026-04-15 06:41:16.664219+00:00
2025-10-20,7700.0,8000.0,7625.0,7875.0,7495.1728515625,393421800,2026-04-15 06:41:16.664219+00:00
2025-10-21,8100.0,8475.0,8100.0,8475.0,8066.2333984375,529802600,2026-04-15 06:41:16.664219+00:00
2025-10-22,8700.0,8700.0,8200.0,8200.0,7804.4970703125,392957200,2026-04-15 06:41:16.664219+00:00
2025-10-23,8200.0,8350.0,8150.0,8325.0,7923.46826171875,187003900,2026-04-15 06:41:16.664219+00:00
2025-10-24,8300.0,8375.0,8275.0,8275.0,7875.8798828125,133355100,2026-04-15 06:41:16.664219+00:00
2025-10-27,8325.0,8425.0,8200.0,8350.0,7947.2626953125,182275600,2026-04-15 06:41:16.664219+00:00
2025-10-28,8350.0,8400.0,8250.0,8275.0,7875.8798828125,180270000,2026-04-15 06:41:16.664219+00:00
2025-10-29,8300.0,8600.0,8275.0,8600.0,8185.20458984375,239156800,2026-04-15 06:41:16.664219+00:00
2025-10-30,8575.0,8750.0,8475.0,8525.0,8113.82177734375,259009800,2026-04-15 06:41:16.664219+00:00
2025-10-31,8550.0,8650.0,8525.0,8525.0,8113.82177734375,177088000,2026-04-15 06:41:16.664219+00:00
2025-11-03,8650.0,8650.0,8525.0,8650.0,8232.79296875,115007100,2026-04-15 06:41:16.664219+00:00
2025-11-04,8650.0,8700.0,8625.0,8650.0,8232.79296875,155231500,2026-04-15 06:41:16.664219+00:00
2025-11-05,8625.0,8700.0,8600.0,8700.0,8280.380859375,125731500,2026-04-15 06:41:16.664219+00:00
2025-11-06,8625.0,8675.0,8550.0,8550.0,8137.6162109375,89756900,2026-04-15 06:41:16.664219+00:00
2025-11-07,8550.0,8675.0,8550.0,8675.0,8256.5869140625,75241900,2026-04-15 06:41:16.664219+00:00
2025-11-10,8675.0,8675.0,8575.0,8575.0,8161.41064453125,79897700,2026-04-15 06:41:16.664219+00:00
2025-11-11,8575.0,8600.0,8400.0,8400.0,7994.85107421875,130897600,2026-04-15 06:41:16.664219+00:00
2025-11-12,8425.0,8550.0,8400.0,8500.0,8090.02734375,85415600,2026-04-15 06:41:16.664219+00:00
2025-11-13,8400.0,8475.0,8375.0,8375.0,7971.05712890625,104113800,2026-04-15 06:41:16.664219+00:00
2025-11-14,8375.0,8500.0,8375.0,8425.0,8018.6455078125,89815300,2026-04-15 06:41:16.664219+00:00
2025-11-17,8500.0,8575.0,8475.0,8575.0,8161.41064453125,129411100,2026-04-15 06:41:16.664219+00:00
2025-11-18,8550.0,8575.0,8400.0,8400.0,7994.85107421875,119377900,2026-04-15 06:41:16.664219+00:00
2025-11-19,8350.0,8500.0,8325.0,8475.0,8066.2333984375,114209700,2026-04-15 06:41:16.664219+00:00
2025-11-20,8475.0,8600.0,8400.0,8425.0,8018.6455078125,124087400,2026-04-15 06:41:16.664219+00:00
2025-11-21,8375.0,8425.0,8350.0,8400.0,7994.85107421875,103917100,2026-04-15 06:41:16.664219+00:00
2025-11-24,8400.0,8475.0,8350.0,8475.0,8066.2333984375,279590600,2026-04-15 06:41:16.664219+00:00
2025-11-25,8475.0,8500.0,8375.0,8500.0,8090.02734375,98807700,2026-04-15 06:41:16.664219+00:00
2025-11-26,8400.0,8450.0,8375.0,8425.0,8018.6455078125,77094400,2026-04-15 06:41:16.664219+00:00
2025-11-27,8425.0,8450.0,8325.0,8325.0,7923.46826171875,71051300,2026-04-15 06:41:16.664219+00:00
2025-11-28,8325.0,8350.0,8275.0,8275.0,7875.8798828125,67559300,2026-04-15 06:41:16.664219+00:00
2025-12-01,8450.0,8450.0,8350.0,8400.0,7994.85107421875,76359200,2026-04-15 06:41:16.664219+00:00
2025-12-02,8350.0,8425.0,8350.0,8375.0,7971.05712890625,97044000,2026-04-15 06:41:16.664219+00:00
2025-12-03,8350.0,8400.0,8300.0,8300.0,7951.8955078125,103550900,2026-04-15 06:41:16.664219+00:00
2025-12-04,8325.0,8350.0,8225.0,8225.0,7880.04150390625,71410400,2026-04-15 06:41:16.664219+00:00
2025-12-05,8200.0,8300.0,8200.0,8300.0,7951.8955078125,71162300,2026-04-15 06:41:16.664219+00:00
2025-12-08,8350.0,8350.0,8250.0,8300.0,7951.8955078125,61745200,2026-04-15 06:41:16.664219+00:00
2025-12-09,8300.0,8300.0,8100.0,8100.0,7760.28369140625,113057200,2026-04-15 06:41:16.664219+00:00
2025-12-10,8100.0,8175.0,8025.0,8075.0,7736.33251953125,143418300,2026-04-15 06:41:16.664219+00:00
2025-12-11,8175.0,8200.0,7900.0,8000.0,7664.47802734375,140766000,2026-04-15 06:41:16.664219+00:00
2025-12-12,7900.0,8000.0,7850.0,8000.0,7664.47802734375,100006800,2026-04-15 06:41:16.664219+00:00
2025-12-15,7925.0,8300.0,7925.0,8300.0,7951.8955078125,143105700,2026-04-15 06:41:16.664219+00:00
2025-12-16,8375.0,8375.0,8025.0,8075.0,7736.33251953125,122332000,2026-04-15 06:41:16.664219+00:00
2025-12-17,8000.0,8125.0,7975.0,8025.0,7688.42919921875,89802700,2026-04-15 06:41:16.664219+00:00
2025-12-18,8025.0,8250.0,8025.0,8175.0,7832.13818359375,88497200,2026-04-15 06:41:16.664219+00:00
2025-12-19,8200.0,8225.0,8050.0,8050.0,7712.380859375,131069800,2026-04-15 06:41:16.664219+00:00
2025-12-22,8050.0,8175.0,8025.0,8175.0,7832.13818359375,72424200,2026-04-15 06:41:16.664219+00:00
2025-12-23,8100.0,8125.0,7975.0,8025.0,7688.42919921875,85044100,2026-04-15 06:41:16.664219+00:00
2025-12-24,8025.0,8075.0,8000.0,8025.0,7688.42919921875,71260500,2026-04-15 06:41:16.664219+00:00
2025-12-29,8025.0,8025.0,7950.0,8025.0,7688.42919921875,78399400,2026-04-15 06:41:16.664219+00:00
2025-12-30,7950.0,8175.0,7950.0,8075.0,7736.33251953125,101995600,2026-04-15 06:41:16.664219+00:00
2026-01-02,8075.0,8075.0,8000.0,8025.0,7688.42919921875,68612400,2026-04-15 06:41:16.664219+00:00
2026-01-05,8000.0,8100.0,8000.0,8075.0,7736.33251953125,73408800,2026-04-15 06:41:16.664219+00:00
2026-01-06,8175.0,8175.0,8075.0,8175.0,7832.13818359375,97624300,2026-04-15 06:41:16.664219+00:00
2026-01-07,8125.0,8175.0,8025.0,8150.0,7808.18701171875,93152500,2026-04-15 06:41:16.664219+00:00
2026-01-08,8100.0,8150.0,8050.0,8050.0,7712.380859375,79823700,2026-04-15 06:41:16.664219+00:00
2026-01-09,8125.0,8175.0,8050.0,8125.0,7784.2353515625,79484700,2026-04-15 06:41:16.664219+00:00
2026-01-12,8075.0,8100.0,8000.0,8025.0,7688.42919921875,82935700,2026-04-15 06:41:16.664219+00:00
2026-01-13,8025.0,8075.0,8000.0,8075.0,7736.33251953125,80536300,2026-04-15 06:41:16.664219+00:00
2026-01-14,8025.0,8050.0,7950.0,8000.0,7664.47802734375,105724300,2026-04-15 06:41:16.664219+00:00
2026-01-15,8000.0,8175.0,7975.0,8075.0,7736.33251953125,151753100,2026-04-15 06:41:16.664219+00:00
2026-01-19,8075.0,8125.0,7975.0,8125.0,7784.2353515625,172100000,2026-04-15 06:41:16.664219+00:00
2026-01-20,8050.0,8125.0,8000.0,8000.0,7664.47802734375,82672500,2026-04-15 06:41:16.664219+00:00
2026-01-21,7925.0,7950.0,7700.0,7700.0,7377.06005859375,301825600,2026-04-15 06:41:16.664219+00:00
2026-01-22,7700.0,7775.0,7600.0,7650.0,7329.15673828125,268025900,2026-04-15 06:41:16.664219+00:00
2026-01-23,7600.0,7675.0,7550.0,7650.0,7329.15673828125,202878600,2026-04-15 06:41:16.664219+00:00
2026-01-26,7550.0,7675.0,7525.0,7650.0,7329.15673828125,213044100,2026-04-15 06:41:16.664219+00:00
2026-01-27,7575.0,7625.0,7500.0,7500.0,7185.44775390625,259830900,2026-04-15 06:41:16.664219+00:00
2026-01-28,7050.0,7400.0,6925.0,7025.0,6730.36962890625,1027287500,2026-04-15 06:41:16.664219+00:00
2026-01-29,6675.0,7275.0,6375.0,7200.0,6898.0302734375,1432993400,2026-04-15 06:41:16.664219+00:00
2026-01-30,7200.0,7600.0,7200.0,7400.0,7089.64208984375,528434900,2026-04-15 06:41:16.664219+00:00
2026-02-02,7600.0,7600.0,7325.0,7600.0,7281.25390625,326948700,2026-04-15 06:41:16.664219+00:00
2026-02-03,7600.0,7650.0,7375.0,7650.0,7329.15673828125,206015400,2026-04-15 06:41:16.664219+00:00
2026-02-04,7650.0,7825.0,7600.0,7800.0,7472.86572265625,193370800,2026-04-15 06:41:16.664219+00:00
2026-02-05,7800.0,7925.0,7800.0,7800.0,7472.86572265625,142332400,2026-04-15 06:41:16.664219+00:00
2026-02-06,7700.0,7775.0,7600.0,7675.0,7353.1083984375,176352600,2026-04-15 06:41:16.664219+00:00
2026-02-09,7675.0,7725.0,7450.0,7500.0,7185.44775390625,174758300,2026-04-15 06:41:16.664219+00:00
2026-02-10,7500.0,7550.0,7450.0,7475.0,7161.49658203125,127704200,2026-04-15 06:41:16.664219+00:00
2026-02-11,7475.0,7525.0,7400.0,7450.0,7137.544921875,213505000,2026-04-15 06:41:16.664219+00:00
2026-02-12,7450.0,7475.0,7300.0,7325.0,7017.78759765625,237465300,2026-04-15 06:41:16.664219+00:00
2026-02-13,7325.0,7325.0,7200.0,7200.0,6898.0302734375,356015300,2026-04-15 06:41:16.664219+00:00
2026-02-18,7225.0,7375.0,7225.0,7275.0,6969.884765625,125301200,2026-04-15 06:41:16.664219+00:00
2026-02-19,7325.0,7325.0,7175.0,7175.0,6874.07861328125,133463400,2026-04-15 06:41:16.664219+00:00
2026-02-20,7175.0,7250.0,7150.0,7225.0,6921.9814453125,122959500,2026-04-15 06:41:16.664219+00:00
2026-02-23,7300.0,7350.0,7275.0,7300.0,6993.8359375,100443800,2026-04-15 06:41:16.664219+00:00
2026-02-24,7275.0,7325.0,7225.0,7225.0,6921.9814453125,159225400,2026-04-15 06:41:16.664219+00:00
2026-02-25,7275.0,7375.0,7250.0,7325.0,7017.78759765625,133278000,2026-04-15 06:41:16.664219+00:00
2026-02-26,7350.0,7375.0,7200.0,7300.0,6993.8359375,127811900,2026-04-15 06:41:16.664219+00:00
2026-02-27,7200.0,7275.0,7175.0,7175.0,6874.07861328125,193104700,2026-04-15 06:41:16.664219+00:00
2026-03-02,7075.0,7150.0,6975.0,7025.0,6730.36962890625,156182700,2026-04-15 06:41:16.664219+00:00
2026-03-03,7075.0,7125.0,7025.0,7075.0,6778.2724609375,103031100,2026-04-15 06:41:16.664219+00:00
2026-03-04,7075.0,7075.0,6825.0,6875.0,6586.66064453125,216518700,2026-04-15 06:41:16.664219+00:00
2026-03-05,6975.0,7125.0,6950.0,7100.0,6802.22412109375,110256300,2026-04-15 06:41:16.664219+00:00
2026-03-06,7075.0,7100.0,7000.0,7000.0,6706.41796875,102725700,2026-04-15 06:41:16.664219+00:00
2026-03-09,6900.0,6950.0,6825.0,6875.0,6586.66064453125,150426400,2026-04-15 06:41:16.664219+00:00
2026-03-10,6950.0,7050.0,6925.0,6975.0,6682.466796875,129977900,2026-04-15 06:41:16.664219+00:00
2026-03-11,6975.0,7000.0,6825.0,6825.0,6538.7578125,91723400,2026-04-15 06:41:16.664219+00:00
2026-03-12,6825.0,7025.0,6825.0,6900.0,6610.6123046875,98787400,2026-04-15 06:41:16.664219+00:00
2026-03-13,6850.0,7025.0,6850.0,6875.0,6586.66064453125,107940600,2026-04-15 06:41:16.664219+00:00
2026-03-16,6850.0,6875.0,6700.0,6750.0,6466.9033203125,127757500,2026-04-15 06:41:16.664219+00:00
2026-03-17,6750.0,6825.0,6750.0,6775.0,6490.8544921875,160903900,2026-04-15 06:41:16.664219+00:00
2026-03-25,6675.0,6925.0,6675.0,6900.0,6610.6123046875,314281100,2026-04-15 06:41:16.664219+00:00
2026-03-26,6900.0,6975.0,6850.0,6875.0,6586.66064453125,145934900,2026-04-15 06:41:16.664219+00:00
2026-03-27,6775.0,6850.0,6700.0,6700.0,6419.0,283556500,2026-04-15 06:41:16.664219+00:00
2026-03-30,6400.0,6500.0,6350.0,6450.0,6450.0,242278100,2026-04-15 06:41:16.664219+00:00
2026-03-31,6450.0,6550.0,6450.0,6450.0,6450.0,150657800,2026-04-15 06:41:16.664219+00:00
2026-04-01,6550.0,6650.0,6500.0,6500.0,6500.0,132798100,2026-04-15 06:41:16.664219+00:00
2026-04-02,6550.0,6600.0,6500.0,6575.0,6575.0,72725400,2026-04-15 06:41:16.664219+00:00
2026-04-06,6600.0,6625.0,6450.0,6500.0,6500.0,57914600,2026-04-15 06:41:16.664219+00:00
2026-04-07,6500.0,6525.0,6450.0,6500.0,6500.0,65168700,2026-04-15 06:41:16.664219+00:00
2026-04-08,6650.0,6850.0,6625.0,6750.0,6750.0,163594000,2026-04-15 06:41:16.664219+00:00
2026-04-09,6775.0,6800.0,6450.0,6475.0,6475.0,182409800,2026-04-15 06:41:16.664219+00:00
2026-04-10,6525.0,6700.0,6475.0,6700.0,6700.0,167336100,2026-04-15 06:41:16.664219+00:00
2026-04-13,6650.0,6700.0,6575.0,6575.0,6575.0,81955300,2026-04-15 06:41:16.664219+00:00
2026-04-14,6675.0,6800.0,6675.0,6750.0,6750.0,105010900,2026-04-15 06:41:16.664219+00:00
