Date,Open,High,Low,Close,Volume
2006-06-23,267.61859130859375,269.2604231571127,265.9767594600748,267.61859130859375,31540000
2006-06-26,262.693115234375,265.9767791748047,261.05128326416013,262.693115234375,54400000
2006-06-27,264.3348693847656,267.6185323584894,262.6930378979037,264.3348693847656,40530000
2006-06-28,259.409423828125,261.05125562450553,254.48392843898338,259.409423828125,133550000
2006-06-29,259.4094512939453,264.33494720458987,261.05128326416013,262.693115234375,87570000
2006-06-30,269.260498046875,274.18599496236664,264.33500113138336,269.260498046875,334620000
2006-07-03,280.7532958984375,280.7532958984375,269.26047092013886,280.7532958984375,298940000
2006-07-04,282.3951110839844,285.67877516635633,280.75327904279845,282.3951110839844,222200000
2006-07-05,280.7532958984375,288.96245659722223,280.7532958984375,280.7532958984375,150650000
2006-07-06,279.1114501953125,282.39511431525733,277.46961813534006,279.1114501953125,140510000
2006-07-07,288.96258544921875,288.96258544921875,282.3952539617365,288.96258544921875,151830000
2006-07-10,285.67889404296875,288.9625594917385,285.67889404296875,285.67889404296875,71180000
2006-07-11,285.67889404296875,285.67889404296875,284.0370613185839,285.67889404296875,22370000
2006-07-12,284.0370178222656,287.3206827681878,284.0370178222656,284.0370178222656,39200000
2006-07-13,280.7532958984375,284.03696017795136,279.11146375868054,280.7532958984375,88510000
2006-07-14,270.90234375,275.8278409090909,267.61867897727274,270.90234375,117110000
2006-07-17,270.9022291651312,265.97673408940153,259.409407321762,261.0512390136719,127360000
2006-07-18,257.76763916015625,262.6931354498407,256.1258070635947,257.76763916015625,179680000
2006-07-19,261.05130335327925,262.6931354498407,257.76763916015625,257.76763916015625,122050000
2006-07-20,261.0512390136719,264.33490239749165,259.409407321762,261.0512390136719,322950000
2006-07-21,264.3348693847656,264.3348693847656,259.40937492417993,264.3348693847656,134530000
2006-07-24,259.409423828125,262.69308742088606,259.409423828125,259.409423828125,143610000
2006-07-25,259.409423828125,264.3349192172666,259.409423828125,259.409423828125,99630000
2006-07-26,259.4094883845402,261.0513205895057,256.1258239746094,256.1258239746094,154460000
2006-07-27,257.7676163661627,267.6186080744237,257.7676163661627,265.9767761230469,438290000
2006-07-28,264.3348693847656,267.6185323584894,262.6930378979037,264.3348693847656,220860000
2006-07-31,274.1860046386719,275.8278370017777,267.6186751862486,274.1860046386719,338780000
2006-08-01,280.7532958984375,280.7532958984375,272.54413519965277,280.7532958984375,262800000
2006-08-02,284.0370178222656,285.6788502952267,275.82785545746026,284.0370178222656,427170000
2006-08-03,275.8278503417969,287.3206774393717,274.1860178992862,275.8278503417969,514210000
2006-08-04,275.8278503417969,279.11151522681826,272.5441854567755,275.8278503417969,205940000
2006-08-07,274.1860046386719,279.1115017279893,274.1860046386719,274.1860046386719,470810000
2006-08-08,270.90234375,277.4696732954545,270.90234375,270.90234375,175210000
2006-08-09,275.8278503417969,277.46968278430757,270.90235301426475,275.8278503417969,109080000
2006-08-10,269.260498046875,277.46965957269435,267.61866574171114,269.260498046875,284400000
2006-08-11,269.260498046875,274.18599496236664,269.260498046875,269.260498046875,129380000
2006-08-14,275.8278503417969,275.8278503417969,270.90235301426475,275.8278503417969,201750000
2006-08-15,279.1114501953125,279.1114501953125,274.1859540153952,279.1114501953125,251960000
2006-08-16,282.3951110839844,285.67877516635633,280.75327904279845,282.3951110839844,661720000
2006-08-17,282.3951110839844,282.3951110839844,282.3951110839844,282.3951110839844,0
2006-08-18,282.3951110839844,282.3951110839844,282.3951110839844,282.3951110839844,0
2006-08-21,282.3951110839844,282.3951110839844,282.3951110839844,282.3951110839844,0
2006-08-22,287.3206481933594,288.96248046875,282.3951513671875,287.3206481933594,317840000
2006-08-23,287.3207267673536,287.3207267673536,284.0370613185839,285.67889404296875,168050000
2006-08-24,288.96258544921875,292.24625119295985,280.7534210898659,288.96258544921875,728080000
2006-08-25,290.6043701171875,295.52986791578394,288.9625375176554,290.6043701171875,479570000
2006-08-28,293.887939453125,297.1716035810929,288.9624432611732,293.887939453125,402810000
2006-08-29,293.887939453125,295.52977151710894,292.24610738914106,293.887939453125,185280000
2006-08-30,295.52984619140625,297.1716786702474,292.246181233724,295.52984619140625,213880000
2006-08-31,298.81341552734375,298.81341552734375,293.8879196670029,298.81341552734375,199170000
2006-09-01,297.1716003417969,298.8134323878842,295.52976829570963,297.1716003417969,210570000
2006-09-04,302.0970764160156,302.0970764160156,293.8879167307978,302.0970764160156,189850000
2006-09-05,300.45526123046875,302.09709325905055,297.17159717330514,300.45526123046875,368160000
2006-09-06,295.52984619140625,298.8135111490886,292.246181233724,295.52984619140625,562570000
2006-09-07,292.2461853027344,297.17168280783665,292.2461853027344,292.2461853027344,158290000
2006-09-08,293.887939453125,295.52977151710894,292.24610738914106,293.887939453125,58600000
2006-09-11,293.887939453125,295.52977151710894,292.24610738914106,293.887939453125,157680000
2006-09-12,292.2461853027344,293.8880178044351,288.9625202993329,292.2461853027344,310850000
2006-09-13,295.52984619140625,298.8135111490886,293.8880137125651,295.52984619140625,157070000
2006-09-14,298.81341552734375,298.81341552734375,295.5297516204499,298.81341552734375,74090000
2006-09-15,298.81341552734375,298.81341552734375,297.1715835738968,298.81341552734375,53700000
2006-09-18,298.8134125419285,302.0970764160156,298.8134125419285,302.0970764160156,92050000
2006-09-19,303.73895263671875,305.38078481313346,302.09712046030404,303.73895263671875,290460000
2006-09-20,302.0970764160156,303.73890835305923,298.8134125419285,302.0970764160156,916460000
2006-09-21,307.02252197265625,308.66435364095923,302.09702696774735,307.02252197265625,1020760000
2006-09-22,318.51544189453125,318.51544189453125,305.3807844968186,318.51544189453125,641900000
2006-09-25,323.4410095214844,323.4410095214844,315.2318468432741,323.4410095214844,450900000
2006-09-26,315.2317810058594,323.44094196955365,313.58994881312054,315.2317810058594,180600000
2006-09-27,316.8736267089844,320.1572912344661,315.2317944462435,316.8736267089844,107290000
2006-09-28,316.8736267089844,318.5154589717252,315.2317944462435,316.8736267089844,25630000
2006-09-29,316.8736267089844,318.5154589717252,313.5899621835027,316.8736267089844,126880000
2006-10-02,311.947998046875,316.8734927528783,310.3061664782072,311.947998046875,114180000
2006-10-03,311.947998046875,311.947998046875,308.6643349095395,311.947998046875,105060000
2006-10-04,310.3062744140625,315.2317708333333,308.66444227430554,310.3062744140625,139260000
2006-10-05,310.3062744140625,315.2317708333333,308.66444227430554,310.3062744140625,225860000
2006-10-06,310.3062744140625,311.94810655381946,308.66444227430554,310.3062744140625,123460000
2006-10-09,305.3807678222656,310.3062640774635,303.7389357371997,305.3807678222656,256580000
2006-10-10,307.02252197265625,308.66435364095923,305.38069030435327,307.02252197265625,748900000
2006-10-11,307.35491943359375,309.01629737647806,305.6935414907095,307.35491943359375,142370000
2006-10-12,304.03216552734375,307.3549214347464,300.7094096199411,304.03216552734375,352110000
2006-10-13,310.6776123046875,312.33898991059493,304.0321018810578,310.6776123046875,438920000
2006-10-16,312.33905029296875,315.66180614714926,309.01629443878824,312.33905029296875,233820000
2006-10-17,318.9845275878906,318.9845275878906,310.6776388486227,318.9845275878906,348930000
2006-10-18,320.6458740234375,322.3072516090512,315.6617412665965,320.6458740234375,288650000
2006-10-19,320.6458740234375,322.3072516090512,317.3231188522102,320.6458740234375,216070000
2006-10-20,314.00042724609375,320.64593893384176,312.33904932415675,314.00042724609375,231520000
2006-10-23,314.00042724609375,314.00042724609375,314.00042724609375,314.00042724609375,0
2006-10-24,314.00042724609375,314.00042724609375,314.00042724609375,314.00042724609375,0
2006-10-25,314.00042724609375,314.00042724609375,314.00042724609375,314.00042724609375,0
2006-10-26,314.00042724609375,314.00042724609375,314.00042724609375,314.00042724609375,0
2006-10-27,314.00042724609375,314.00042724609375,314.00042724609375,314.00042724609375,0
2006-10-30,309.01629638671875,315.6618081369708,307.3549184491558,309.01629638671875,206560000
2006-10-31,309.01629638671875,314.0004301994078,309.01629638671875,309.01629638671875,361330000
2006-11-01,312.33905029296875,314.000428220059,309.01629443878824,312.33905029296875,119270000
2006-11-02,315.66168212890625,317.3230594032689,310.6775503058183,315.66168212890625,261490000
2006-11-03,314.00042724609375,318.98456101190476,314.00042724609375,314.00042724609375,160300000
2006-11-06,318.9845275878906,320.64590533574426,314.00039434432983,318.9845275878906,249450000
2006-11-07,322.3072814941406,325.63003697346164,320.6459037544801,322.3072814941406,526180000
2006-11-08,320.6458740234375,323.96862919466486,320.6458740234375,320.6458740234375,145590000
2006-11-09,332.2754821777344,332.2754821777344,320.6458403015137,332.2754821777344,278800000
2006-11-10,335.5982971191406,338.9210525361618,332.2755417021194,335.5982971191406,246720000
2006-11-13,318.9845275878906,335.59830506642663,318.9845275878906,318.9845275878906,197350000
2006-11-14,330.6141662597656,332.27554397966395,322.30727766027405,330.6141662597656,221250000
2006-11-15,332.2754821777344,333.93685958862307,328.95272735595705,332.2754821777344,284720000
2006-11-16,332.2754821777344,335.59823699951176,328.95272735595705,332.2754821777344,244120000
2006-11-17,332.2754821777344,338.9209918212891,332.2754821777344,332.2754821777344,99430000
2006-11-20,338.9211120605469,338.9211120605469,332.2756000593597,338.9211120605469,145280000
2006-11-21,338.9210495439548,342.2438049316406,335.59829415626893,342.2438049316406,146570000
2006-11-22,342.2438049316406,345.56656031932647,338.9210495439548,342.2438049316406,237220000
2006-11-23,345.5665588378906,345.5665588378906,342.2438034644494,345.5665588378906,104390000
2006-11-24,342.24385420773007,368.8259011364858,342.24385420773007,362.1803894042969,315160000
2006-11-27,362.1803894042969,368.8259011364858,355.53487767210794,362.1803894042969,140070000
2006-11-28,342.2438049316406,355.53482648238395,342.2438049316406,342.2438049316406,206470000
2006-11-29,348.88934326171875,352.21209891183037,345.5665876116072,348.88934326171875,253550000
2006-11-30,352.21209716796875,358.8576084352889,352.21209716796875,352.21209716796875,199480000
2006-12-01,358.85760498046875,358.85760498046875,355.53484937879773,358.85760498046875,91450000
2006-12-04,352.21209716796875,358.8576084352889,345.5665859006486,352.21209716796875,84870000
2006-12-05,355.53485107421875,355.53485107421875,348.8893398391866,355.53485107421875,101390000
2006-12-06,352.21209716796875,358.8576084352889,348.8893415343087,352.21209716796875,128260000
2006-12-07,345.5665588378906,352.2120695847732,342.2438034644494,345.5665588378906,141050000
2006-12-08,342.2438049316406,345.56656031932647,335.59829415626893,342.2438049316406,388020000
2006-12-11,338.9211120605469,345.5666240617341,338.9211120605469,338.9211120605469,301890000
2006-12-12,338.9211120605469,342.24386806114046,332.2756000593597,338.9211120605469,164940000
2006-12-13,345.5665588378906,345.5665588378906,335.5982927175669,345.5665588378906,171960000
2006-12-14,345.5665588378906,348.8893142113319,342.2438034644494,345.5665588378906,173290000
2006-12-15,345.5665588378906,348.8893142113319,342.2438034644494,345.5665588378906,109870000
2006-12-18,342.2438049316406,345.56656031932647,338.9210495439548,342.2438049316406,109490000
2006-12-19,332.2754821777344,342.2437466430664,325.62997253417973,332.2754821777344,281150000
2006-12-20,338.9211120605469,342.24386806114046,335.5983560599533,338.9211120605469,191880000
2006-12-21,342.2438049316406,342.2438049316406,338.9210495439548,342.2438049316406,48940000
2006-12-22,342.2438049316406,345.56656031932647,338.9210495439548,342.2438049316406,29700000
2006-12-26,338.9211120605469,342.24386806114046,338.9211120605469,338.9211120605469,121210000
2006-12-27,338.9210495439548,342.2438049316406,338.9210495439548,342.2438049316406,38850000
2006-12-28,342.2438034644494,345.5665588378906,338.9210480910081,345.5665588378906,103900000
2006-12-29,345.5665588378906,345.5665588378906,338.9210480910081,345.5665588378906,0
2007-01-02,348.88934326171875,348.88934326171875,342.2438319614956,348.88934326171875,77000000
2007-01-03,342.2438049316406,348.88931570701226,342.2438049316406,342.2438049316406,117480000
2007-01-04,345.5665588378906,345.5665588378906,338.9210480910081,345.5665588378906,134150000
2007-01-05,345.5665588378906,345.5665588378906,342.2438034644494,345.5665588378906,70200000
2007-01-08,348.88934326171875,348.88934326171875,342.2438319614956,348.88934326171875,136480000
2007-01-09,345.5665588378906,348.8893142113319,338.9210480910081,345.5665588378906,171920000
2007-01-10,338.9211207798549,338.9211207798549,318.98458426339283,325.6300964355469,424290000
2007-01-11,320.6458740234375,330.6141395371195,317.3231188522102,320.6458740234375,221160000
2007-01-12,318.9845275878906,322.30728308359784,305.6935056050619,318.9845275878906,197160000
2007-01-15,332.2754821777344,332.2754821777344,318.984462890625,332.2754821777344,165230000
2007-01-16,338.9211120605469,342.24386806114046,332.2756000593597,338.9211120605469,131040000
2007-01-17,335.5982971191406,342.243807953183,335.5982971191406,335.5982971191406,126200000
2007-01-18,345.5665588378906,345.5665588378906,335.5982927175669,345.5665588378906,93760000
2007-01-19,348.88934326171875,348.88934326171875,342.2438319614956,348.88934326171875,148170000
2007-01-22,358.85760498046875,358.85760498046875,345.56658257378473,358.85760498046875,435570000
2007-01-23,352.21209716796875,355.53485280162886,345.5665859006486,352.21209716796875,257520000
2007-01-24,352.21209716796875,355.53485280162886,342.24383026698854,352.21209716796875,206290000
2007-01-25,345.5665588378906,352.2120695847732,342.2438034644494,345.5665588378906,95520000
2007-01-26,342.2438049316406,342.2438049316406,332.27553876858315,342.2438049316406,132300000
2007-01-29,335.5982971191406,342.243807953183,332.2755417021194,335.5982971191406,244130000
2007-01-30,342.2438049316406,345.56656031932647,335.59829415626893,342.2438049316406,95730000
2007-01-31,338.9211120605469,342.24386806114046,335.5983560599533,338.9211120605469,103310000
2007-02-01,348.88934326171875,348.88934326171875,338.92107631138396,348.88934326171875,178610000
2007-02-02,362.1803894042969,362.1803894042969,348.889365939919,362.1803894042969,393720000
2007-02-05,352.21209716796875,358.8576084352889,348.8893415343087,352.21209716796875,85780000
2007-02-06,342.2438049316406,352.2120710946981,342.2438049316406,342.2438049316406,65650000
2007-02-07,345.5665588378906,345.5665588378906,338.9210480910081,345.5665588378906,136460000
2007-02-08,335.5982971191406,345.5665633702042,332.2755417021194,335.5982971191406,158670000
2007-02-09,332.2754821777344,335.59823699951176,325.62997253417973,332.2754821777344,220750000
2007-02-12,332.2754821777344,332.2754821777344,322.30721771240235,332.2754821777344,37590000
2007-02-13,332.2754821777344,332.2754821777344,328.95272735595705,332.2754821777344,48620000
2007-02-14,335.5982971191406,335.5982971191406,332.2755417021194,335.5982971191406,122840000
2007-02-15,345.5665588378906,345.5665588378906,338.9210480910081,345.5665588378906,236410000
2007-02-16,348.88934326171875,348.88934326171875,342.2438319614956,348.88934326171875,190690000
2007-02-19,345.5665588378906,345.5665588378906,342.2438034644494,345.5665588378906,16680000
2007-02-20,345.5665588378906,345.5665588378906,342.2438034644494,345.5665588378906,6750000
2007-02-21,348.88934326171875,348.88934326171875,342.2438319614956,348.88934326171875,80560000
2007-02-22,342.2438049316406,348.88931570701226,338.9210495439548,342.2438049316406,72590000
2007-02-23,335.5982971191406,342.243807953183,332.2755417021194,335.5982971191406,275790000
2007-02-26,328.9527893066406,335.59830020172427,328.9527893066406,328.9527893066406,83490000
2007-02-27,328.9527893066406,332.2755447541825,327.2914115828697,328.9527893066406,121760000
2007-02-28,327.29150390625,327.29150390625,312.3391001744924,327.29150390625,339890000
2007-03-01,328.9527893066406,333.9369224779534,325.63003385909883,328.9527893066406,159400000
2007-03-02,322.3072814941406,328.9527924527827,322.3072814941406,322.3072814941406,423780000
2007-03-05,318.9845275878906,320.64590533574426,317.32314984003705,318.9845275878906,169810000
2007-03-06,327.29150390625,327.29150390625,322.3073693289975,327.29150390625,102630000
2007-03-07,327.29150390625,328.95288209866754,323.96874752141497,327.29150390625,132480000
2007-03-08,330.6141662597656,330.6141662597656,325.6300331000707,330.6141662597656,87560000
2007-03-09,328.9527893066406,332.2755447541825,328.9527893066406,328.9527893066406,35830000
2007-03-12,338.9211120605469,340.58249006084367,330.6142220590629,338.9211120605469,139700000
2007-03-13,348.88934326171875,348.88934326171875,338.92107631138396,348.88934326171875,251260000
2007-03-14,338.9211120605469,338.9211120605469,335.5983560599533,338.9211120605469,98770000
2007-03-15,335.5982971191406,342.243807953183,335.5982971191406,335.5982971191406,71690000
2007-03-16,332.2754821777344,338.9209918212891,328.95272735595705,332.2754821777344,45910000
2007-03-20,332.2754821777344,335.59823699951176,325.62997253417973,332.2754821777344,30090000
2007-03-21,335.5982971191406,338.9210525361618,328.9527862850982,335.5982971191406,33090000
2007-03-22,345.5665588378906,348.8893142113319,338.9210480910081,345.5665588378906,191630000
2007-03-23,342.2438049316406,345.56656031932647,338.9210495439548,342.2438049316406,66520000
2007-03-26,342.2438049316406,342.2438049316406,338.9210495439548,342.2438049316406,18670000
2007-03-27,342.2438049316406,345.56656031932647,338.9210495439548,342.2438049316406,121400000
2007-03-28,342.2438049316406,342.2438049316406,338.9210495439548,342.2438049316406,56460000
2007-03-29,338.9211120605469,342.24386806114046,335.5983560599533,338.9211120605469,97860000
2007-03-30,338.9211120605469,342.24386806114046,338.9211120605469,338.9211120605469,175860000
2007-04-02,348.88934326171875,348.88934326171875,342.2438319614956,348.88934326171875,125690000
2007-04-03,362.1803894042969,362.1803894042969,348.889365939919,362.1803894042969,330880000
2007-04-04,362.1803894042969,368.8259011364858,358.8576335382024,362.1803894042969,246640000
2007-04-05,352.21209716796875,365.5031197026091,348.8893415343087,352.21209716796875,182980000
2007-04-09,355.53485107421875,358.8576066917348,348.8893398391866,355.53485107421875,129870000
2007-04-10,358.85760498046875,365.5031161838108,352.2120937771267,358.85760498046875,157620000
2007-04-11,355.53485107421875,365.50311792676695,352.2120954567027,355.53485107421875,177010000
2007-04-12,355.53485107421875,358.8576066917348,348.8893398391866,355.53485107421875,75520000
2007-04-13,352.21209716796875,355.53485280162886,348.8893415343087,352.21209716796875,80170000
2007-04-16,352.21209716796875,355.53485280162886,352.21209716796875,352.21209716796875,156850000
2007-04-17,355.53485107421875,355.53485107421875,352.2120954567027,355.53485107421875,116280000
2007-04-18,348.88934326171875,355.534854561942,345.5665876116072,348.88934326171875,133120000
2007-04-19,342.2438049316406,352.2120710946981,338.9210495439548,342.2438049316406,115320000
2007-04-20,348.8893398391866,355.53485107421875,345.5665842216706,355.53485107421875,73070000
2007-04-23,355.53485107421875,358.8576066917348,352.2120954567027,355.53485107421875,171150000
2007-04-24,355.53485107421875,355.53485107421875,352.2120954567027,355.53485107421875,88920000
2007-04-25,358.85760498046875,358.85760498046875,355.53484937879773,358.85760498046875,59190000
2007-04-26,355.53485107421875,362.1803623092509,355.53485107421875,355.53485107421875,167980000
2007-04-27,362.1803894042969,365.5031452703913,355.53487767210794,362.1803894042969,224650000
2007-04-30,352.21209716796875,362.180364068949,348.8893415343087,352.21209716796875,192140000
2007-05-01,352.21209716796875,355.53485280162886,352.21209716796875,352.21209716796875,82300000
2007-05-02,352.21209716796875,355.53485280162886,352.21209716796875,352.21209716796875,120330000
2007-05-03,352.21209716796875,362.180364068949,352.21209716796875,352.21209716796875,70310000
2007-05-04,355.53484937879773,358.85760498046875,352.2120937771267,358.85760498046875,91930000
2007-05-07,362.1803894042969,362.1803894042969,355.53487767210794,362.1803894042969,59890000
2007-05-08,358.85760498046875,362.18036058213977,355.53484937879773,358.85760498046875,71060000
2007-05-09,362.1803894042969,362.1803894042969,352.2121218060135,362.1803894042969,134050000
2007-05-10,358.85760498046875,362.18036058213977,355.53484937879773,358.85760498046875,165000000
2007-05-11,348.88934326171875,358.8576102120536,348.88934326171875,348.88934326171875,92330000
2007-05-14,362.1803894042969,365.5031452703913,352.2121218060135,362.1803894042969,213440000
2007-05-15,362.1803894042969,362.1803894042969,358.8576335382024,362.1803894042969,85380000
2007-05-16,368.82586669921875,368.82586669921875,362.1803555875211,368.82586669921875,199430000
2007-05-21,365.5030822753906,368.82583756880325,358.8575716885653,365.5030822753906,141570000
2007-05-22,365.5030822753906,368.82583756880325,362.180326981978,365.5030822753906,123530000
2007-05-23,368.82586669921875,375.4713778109164,365.50311114336995,368.82586669921875,456490000
2007-05-24,365.5030822753906,365.5030822753906,358.8575716885653,365.5030822753906,147000000
2007-05-25,355.53485107421875,358.8576066917348,352.2120954567027,355.53485107421875,215520000
2007-05-28,365.5030822753906,365.5030822753906,355.5348163951527,365.5030822753906,96840000
2007-05-29,355.53485107421875,365.50311792676695,355.53485107421875,355.53485107421875,53130000
2007-05-30,352.21209716796875,358.8576084352889,345.5665859006486,352.21209716796875,212350000
2007-05-31,355.534854561942,355.534854561942,342.2438319614956,348.88934326171875,405150000
2007-06-04,352.21209716796875,352.21209716796875,345.5665859006486,352.21209716796875,424280000
2007-06-05,358.85760498046875,358.85760498046875,348.88933817545575,358.85760498046875,310170000
2007-06-06,358.85760498046875,358.85760498046875,355.53484937879773,358.85760498046875,301230000
2007-06-07,365.5030822753906,365.5030822753906,355.5348163951527,365.5030822753906,332940000
2007-06-08,358.85760498046875,362.18036058213977,355.53484937879773,358.85760498046875,599000000
2007-06-11,359.8761291503906,366.6662447947376,353.0860135060437,359.8761291503906,309420000
2007-06-12,363.2711486816406,363.2711486816406,356.48103375301184,363.2711486816406,161110000
2007-06-13,363.2711486816406,363.2711486816406,356.48103375301184,363.2711486816406,112650000
2007-06-14,363.2711486816406,363.2711486816406,359.87609121732623,363.2711486816406,66460000
2007-06-15,363.2711486816406,363.2711486816406,359.87609121732623,363.2711486816406,296700000
2007-06-18,366.66619873046875,366.66619873046875,359.8760839391638,366.66619873046875,292620000
2007-06-19,363.2711486816406,366.666206145955,359.87609121732623,363.2711486816406,157410000
2007-06-20,363.2711486816406,363.2711486816406,359.87609121732623,363.2711486816406,124290000
2007-06-21,363.2711486816406,363.2711486816406,356.48103375301184,363.2711486816406,271230000
2007-06-22,363.2711486816406,363.2711486816406,356.48103375301184,363.2711486816406,72600000
2007-06-25,363.2711486816406,363.2711486816406,356.48103375301184,363.2711486816406,123460000
2007-06-26,363.2711486816406,363.2711486816406,359.87609121732623,363.2711486816406,160440000
2007-06-27,363.2711486816406,363.2711486816406,356.48103375301184,363.2711486816406,148770000
2007-06-28,359.8761291503906,363.2711869725641,359.8761291503906,359.8761291503906,219430000
2007-06-29,359.8761064721903,373.45633690510317,359.8761064721903,370.061279296875,759090000
2007-07-02,373.4562683105469,376.85132529518825,370.06121132590556,373.4562683105469,198660000
2007-07-03,373.4563446044922,393.8266906738281,373.4563446044922,393.8266906738281,1085570000
2007-07-04,390.431640625,397.22175611413047,387.03658288043476,390.431640625,273410000
2007-07-05,390.431640625,393.82669836956524,387.03658288043476,390.431640625,109180000
2007-07-06,387.0365295410156,387.0365295410156,376.85135771098885,387.0365295410156,318980000
2007-07-09,397.2218017578125,397.2218017578125,383.64156921908386,397.2218017578125,373960000
2007-07-10,400.6168212890625,400.6168212890625,390.43164786645923,400.6168212890625,280680000
2007-07-11,397.2218017578125,397.2218017578125,390.4316854884482,397.2218017578125,142950000
2007-07-12,393.8266906738281,400.61680603027344,393.8266906738281,393.8266906738281,128580000
2007-07-13,397.2218017578125,400.61685989249463,390.4316854884482,397.2218017578125,134830000
2007-07-16,390.431640625,400.61681385869565,390.431640625,390.431640625,60520000
2007-07-17,400.6168212890625,404.01187909659694,390.43164786645923,400.6168212890625,99710000
2007-07-18,400.6168212890625,400.6168212890625,397.22176348152806,400.6168212890625,113990000
2007-07-19,404.01190185546875,407.40695985425424,397.2217858578979,404.01190185546875,82300000
2007-07-20,420.9872741699219,424.38233283258256,407.40703951927924,420.9872741699219,321640000
2007-07-23,417.59205688476567,427.77722900390626,414.1969995117188,424.3821716308594,225720000
2007-07-24,427.77728271484375,437.9624561128162,420.9871671161954,427.77728271484375,300160000
2007-07-25,424.3822991847992,444.75264954566956,420.9872407913208,434.5674743652344,426390000
2007-07-26,434.5675088205645,434.5675088205645,417.59221550726124,420.9872741699219,277470000
2007-07-27,407.4068990567836,417.5920715332031,400.61678407250383,417.5920715332031,261680000
2007-07-30,417.59214057297004,417.59214057297004,407.40696641265373,414.19708251953125,240420000
2007-07-31,417.59210931687124,427.77728271484375,414.1970515175471,427.77728271484375,218630000
2007-08-01,407.40689086914057,420.9871205647786,404.0118334452311,407.4068908691406,364220000
2007-08-02,414.19708251953125,417.59214057297004,393.8267341988986,414.19708251953125,411970000
2007-08-03,417.5920715332031,420.987129025343,407.4068990567836,417.5920715332031,305560000
2007-08-06,434.5674743652344,444.75264954566956,420.9872407913208,434.5674743652344,366600000
2007-08-07,397.2218017578125,407.40697616185895,397.2218017578125,397.2218017578125,199240000
2007-08-08,397.22172658036396,417.5920715332031,397.22172658036396,417.5920715332031,590770000
2007-08-09,417.5920715332031,420.987129025343,407.4068990567836,417.5920715332031,127440000
2007-08-10,407.40689086914057,407.40689086914057,397.22171859741206,407.4068908691406,70780000
2007-08-13,410.80206298828125,410.80206298828125,400.6168878728693,410.80206298828125,30
2007-08-14,404.01190185546875,404.01190185546875,397.2217858578979,404.01190185546875,46050000
2007-08-15,376.85137939453125,400.61678169869083,376.85137939453125,376.85137939453125,293230000
2007-08-16,370.061279296875,370.061279296875,356.48104886396214,370.061279296875,436690000
2007-08-20,380.24652099609375,397.2218121119908,373.45640454973494,380.24652099609375,588010000
2007-08-21,376.85137939453125,387.03655181059963,376.85137939453125,376.85137939453125,219250000
2007-08-22,390.431640625,393.82669836956524,376.8514096467391,390.431640625,161410000
2007-08-23,400.6168212890625,400.6168212890625,390.43164786645923,400.6168212890625,300110000
2007-08-24,407.40689086914057,407.40689086914057,390.4316037495931,407.4068908691406,169940000
2007-08-27,407.40689086914057,410.8019482930501,404.0118334452311,407.4068908691406,123490000
2007-08-28,410.80206298828125,410.80206298828125,404.0119462446733,410.80206298828125,110790000
2007-08-29,397.2218017578125,400.61685989249463,390.4316854884482,397.2218017578125,347050000
2007-08-30,400.6168212890625,407.4069369041313,400.6168212890625,400.6168212890625,119020000
2007-08-31,407.40689086914057,410.8019482930501,400.6167760213216,407.4068908691406,176790000
2007-09-03,410.80206298828125,414.19712136008525,404.0119462446733,410.80206298828125,70450000
2007-09-04,410.80206298828125,410.80206298828125,404.0119462446733,410.80206298828125,51960000
2007-09-05,414.19708251953125,414.19708251953125,407.40696641265373,414.19708251953125,123290000
2007-09-06,410.80206298828125,410.80206298828125,404.0119462446733,410.80206298828125,40740000
2007-09-07,410.80206298828125,410.80206298828125,407.40700461647725,410.80206298828125,50960000
2007-09-10,400.6168212890625,404.01187909659694,393.8267056739936,400.6168212890625,242330000
2007-09-11,397.2218017578125,400.61685989249463,393.8267436231303,397.2218017578125,116400000
2007-09-12,397.2218017578125,404.01191802717676,393.8267436231303,397.2218017578125,172750000
2007-09-13,404.01190185546875,407.40695985425424,397.2217858578979,404.01190185546875,100630000
2007-09-14,407.40689086914057,407.40689086914057,400.6167760213216,407.4068908691406,47970000
2007-09-17,404.01190185546875,410.8020178530397,397.2217858578979,404.01190185546875,83160000
2007-09-18,404.01190185546875,404.01190185546875,397.2217858578979,404.01190185546875,58910000
2007-09-19,417.5920715332031,417.5920715332031,410.80195654892344,417.5920715332031,227920000
2007-09-20,417.5920715332031,431.1723015017626,417.5920715332031,417.5920715332031,277020000
2007-09-21,427.77728271484375,427.77728271484375,417.59210931687124,427.77728271484375,100680000
2007-09-24,427.7773575782776,434.5674743652344,424.3822991847992,434.5674743652344,100360000
2007-09-25,434.56735974409446,441.35747474009594,431.17230224609375,431.17230224609375,91980000
2007-09-26,434.5674743652344,434.5674743652344,431.172415971756,434.5674743652344,27370000
2007-09-27,434.5674743652344,441.35759115219116,434.5674743652344,434.5674743652344,73970000
2007-09-28,417.5920715332031,437.96241648604234,417.5920715332031,417.5920715332031,136150000
2007-10-01,427.77728271484375,427.77728271484375,420.9871671161954,427.77728271484375,41120000
2007-10-02,434.56743580426354,441.35755198870515,431.17237771204276,437.9624938964844,201300000
2007-10-03,437.9624938964844,451.5427262653676,434.56743580426354,437.9624938964844,377160000
2007-10-04,458.3328552246094,471.9130879720052,437.96250610351564,458.3328552246094,427230000
2007-10-05,465.123046875,468.51810561131384,458.33292940237226,465.123046875,166420000
2007-10-08,468.5180969238281,471.9131555971892,461.72797957710594,468.5180969238281,204440000
2007-10-09,465.123046875,468.51810561131384,458.33292940237226,465.123046875,97830000
2007-10-10,488.8882751464844,488.8882751464844,465.1228728824192,488.8882751464844,386390000
2007-10-11,492.2834777832031,492.2834777832031,482.09830238079206,492.2834777832031,104890000
2007-10-17,485.4933608482624,492.2834777832031,482.09830238079206,492.2834777832031,155480000
2007-10-18,482.09814453125,492.2833165988116,478.70308717539615,482.09814453125,106570000
2007-10-19,482.0983316172724,482.0983316172724,461.72797957710594,468.5180969238281,104690000
2007-10-22,451.5427019523852,458.33281777121806,444.75258613355237,448.14764404296875,109120000
2007-10-23,465.123046875,465.123046875,458.33292940237226,465.123046875,309830000
2007-10-24,468.51781816624884,471.91287481962746,451.54253489935576,454.9375915527344,211300000
2007-10-25,475.3080749511718,478.7031326293945,458.33278656005854,475.3080749511719,168550000
2007-10-26,482.09814453125,495.6783739546655,482.09814453125,482.09814453125,142440000
2007-10-29,488.8882751464844,499.0734475453695,488.8882751464844,488.8882751464844,148270000
2007-10-30,488.8882003157106,502.4684281022581,488.8882003157106,495.6783142089844,159540000
2007-10-31,495.6783142089843,495.6783142089843,488.8882003157106,495.6783142089844,61460000
2007-11-01,502.4684378604761,512.6536088981885,499.07338084790536,505.8634948730469,273690000
2007-11-02,492.2832572623475,509.25854199553186,488.8882003157106,495.6783142089844,132370000
2007-11-05,495.6784288099596,495.6784288099596,482.09819788365934,485.4932556152344,86150000
2007-11-06,485.4933608482624,495.6785362506735,482.09830238079206,492.2834777832031,65730000
2007-11-07,492.2834777832031,499.0735947181439,485.4933608482624,492.2834777832031,108290000
2007-11-08,482.09819030761713,482.09819030761713,465.12290191650385,475.3080749511719,196100000
2007-11-09,475.3080749511718,475.3080749511718,465.12290191650385,475.3080749511719,122790000
2007-11-12,461.7278442382812,465.12290191650385,454.9377288818359,461.72784423828125,158460000
2007-11-13,461.7278442382812,485.4932479858398,461.7278442382812,475.3080749511719,293080000
2007-11-14,488.8882751464844,492.2833326127794,485.4932176801894,488.8882751464844,189810000
2007-11-15,488.88825924295776,488.88825924295776,475.30802981954224,482.09814453125,93360000
2007-11-16,475.3080518983251,475.3080518983251,465.12287935764675,471.9129943847656,172050000
2007-11-19,471.9129724636884,482.09814453125,471.9129724636884,482.09814453125,138110000
2007-11-20,482.0983316172724,475.30821427055025,458.3329209037449,468.5180969238281,621610000
2007-11-21,465.1229715983073,465.1229715983073,448.1476806640625,458.3328552246094,346350000
2007-11-22,454.9377288818359,475.3080749511718,451.5426712036132,475.3080749511719,176740000
2007-11-23,475.3080749511718,482.09819030761713,458.33278656005854,461.72784423828125,289710000
2007-11-26,468.5179368712062,471.9129943847657,465.12287935764675,471.9129943847656,143940000
2007-11-27,461.7278442382812,465.12290191650385,458.33278656005854,461.72784423828125,114640000
2007-11-28,468.5179368712062,471.9129943847657,465.12287935764675,471.9129943847656,183930000
2007-11-29,482.09819788365934,485.4932556152344,475.3080824205092,485.4932556152344,322750000
2007-11-30,489.256733424227,489.256733424227,475.57123039138145,485.8353576660156,340790000
2007-12-03,485.83550941204203,496.0996398925781,482.4141325851967,496.0996398925781,281730000
2007-12-04,496.0996398925781,496.0996398925781,489.25688623888743,496.0996398925781,392810000
2007-12-05,496.0996398925781,496.0996398925781,489.25688623888743,496.0996398925781,248850000
2007-12-06,499.52081626533663,509.7849426269531,496.09944081146443,509.7849426269531,550860000
2007-12-07,509.78504475911456,516.6277970377604,506.3636686197916,513.2064208984375,451380000
2007-12-10,520.049072265625,520.049072265625,509.78494583932974,520.049072265625,135020000
2007-12-11,520.049072265625,520.049072265625,513.2063213147615,520.049072265625,166780000
2007-12-12,502.94208959631015,513.2062138737858,502.94208959631015,506.36346435546875,211110000
2007-12-13,506.3635671730809,513.2063180808253,499.52081626533663,509.7849426269531,254490000
2007-12-14,506.36346435546875,506.36346435546875,496.099340077993,506.36346435546875,148890000
2007-12-17,499.52088292439777,499.52088292439777,482.4140033721924,492.6781311035156,137280000
2007-12-18,482.41402130126954,485.8353973388672,475.57126922607426,478.9926452636719,305740000
2007-12-19,482.4139819078042,485.83535766601557,475.57123039138145,485.8353576660156,212110000
2007-12-26,489.2570242330331,502.9425354003907,485.8356464411937,502.9425354003906,214350000
2007-12-27,502.9421917192088,509.7849426269531,499.52081626533663,509.7849426269531,194980000
2007-12-28,509.7849081379093,513.2062833603114,499.5207824707031,499.5207824707031,267210000
2007-12-31,499.5207824707031,499.5207824707031,499.5207824707031,499.5207824707031,0
2008-01-02,499.5210167194235,499.5210167194235,492.6782630657328,496.0996398925781,59000000
2008-01-03,489.256733424227,492.67810918243833,478.99260614959286,485.8353576660156,206640000
2008-01-04,489.2567551930745,492.6781311035156,482.4140033721924,492.6781311035156,563740000
2008-01-07,485.83535766601557,485.83535766601557,478.99260614959286,485.8353576660156,219390000
2008-01-08,485.83531589372785,489.2566913577682,482.41394042968756,482.4139404296875,204010000
2008-01-09,478.9927557583513,496.0996398925781,478.9927557583513,496.0996398925781,432790000
2008-01-14,492.6781311035156,496.0995070139567,482.4140033721924,492.6781311035156,257530000
2008-01-15,492.67810918243833,492.67810918243833,478.99260614959286,485.8353576660156,156320000
2008-01-16,475.57140140257025,478.99277839107793,461.88589344853943,472.1500244140625,197000000
2008-01-17,472.1500244140625,478.99277839107793,455.043139471524,472.1500244140625,246910000
2008-01-18,461.88589344853943,472.1500244140625,451.6217624830163,472.1500244140625,206560000
2008-01-21,451.6216735839844,465.3071788441051,448.20029726895416,451.6216735839844,82860000
2008-01-22,437.9361359126984,437.9361359126984,403.7223752945188,431.0933837890625,418480000
2008-01-23,444.77890129376175,455.04302978515625,441.35752512996356,455.04302978515625,256240000
2008-01-24,455.043139471524,472.1500244140625,455.043139471524,472.1500244140625,252500000
2008-01-25,472.14987564086914,492.6781311035156,472.14987564086914,492.6781311035156,265830000
2008-01-28,478.9926274617513,496.0995070139567,475.57125155131024,492.6781311035156,46232500
2008-01-29,492.6781509506119,492.6781509506119,478.9926467575394,489.25677490234375,43155000
2008-01-30,489.2566913577682,489.2566913577682,472.1498140375665,482.4139404296875,63280000
2008-01-31,482.4139819078042,485.83535766601557,472.1498546331701,485.8353576660156,67277500
2008-02-01,489.256733424227,489.256733424227,478.99260614959286,485.8353576660156,70682500
2008-02-04,489.2567551930745,499.52088292439777,489.2567551930745,492.6781311035156,160312500
2008-02-05,485.8353988540756,492.6781509506119,485.8353988540756,489.25677490234375,64340000
2008-02-06,489.2566913577682,482.41394042968756,475.57118950160685,482.4139404296875,21832500
2008-02-11,478.9927996336109,485.83555391409107,458.4645367921704,468.7286682128906,45520000
2008-02-12,468.7285551591353,468.7285551591353,448.20029726895416,451.6216735839844,79762500
2008-02-13,458.4644780049797,458.4644780049797,441.3575944973312,448.2003479003906,164620000
2008-02-14,455.04315965193035,475.5714224933708,455.04315965193035,468.7286682128906,221150000
2008-02-15,458.46451646003175,472.1500244140625,458.46451646003175,472.1500244140625,114100000
2008-02-18,475.57123039138145,489.256733424227,472.1498546331701,485.8353576660156,254127500
2008-02-19,489.25677490234375,496.09952699888004,485.8353988540756,489.25677490234375,175582500
2008-02-20,492.6781311035156,492.6781311035156,485.8353792826335,492.6781311035156,142767500
2008-02-21,492.678032025899,499.5207824707031,489.25665680349687,499.5207824707031,246070000
2008-02-22,492.6781311035156,499.52088292439777,492.6781311035156,492.6781311035156,87932500
2008-02-25,496.0997798167119,502.9425354003907,492.67840202487247,502.9425354003906,161785000
2008-02-26,502.9421576931052,502.9421576931052,496.099407248301,499.5207824707031,74787500
2008-02-27,499.5209030471482,502.9422790954163,485.8353988540756,489.25677490234375,98052500
2008-02-28,485.83535766601557,485.83535766601557,478.99260614959286,485.8353576660156,78697500
2008-02-29,482.4140228058075,489.25677490234375,478.9926467575394,489.25677490234375,239882500
2008-03-03,478.9925649656472,492.67806682180856,472.1498140375665,482.4139404296875,220445000
2008-03-04,485.8353792826335,492.6781311035156,475.57125155131024,492.6781311035156,99600000
2008-03-05,496.0996398925781,496.0996398925781,482.4141325851967,496.0996398925781,145715000
2008-03-06,496.09948494064975,496.09948494064975,482.4139819078042,485.8353576660156,47957500
2008-03-10,472.1498825841671,478.99263450567673,455.0430027803929,475.5712585449219,104792500
2008-03-11,465.30712890625,468.7285048540901,455.0430010627298,465.30712890625,136135000
2008-03-12,478.9925649656472,482.41394042968756,472.1498140375665,482.4139404296875,84707500
2008-03-13,472.1498808019301,478.9926326976103,458.4643770105698,465.30712890625,169525000
2008-03-14,465.3072314080391,465.3072314080391,444.7789711988609,448.2003479003906,94057500
2008-03-17,437.9361869747899,437.9361869747899,396.87966944590335,407.143798828125,306787500
2008-03-18,410.56517528886553,413.98655174960606,386.6155400636817,407.143798828125,135127500
2008-03-19,420.82933473587036,437.93621826171875,403.722451210022,437.93621826171875,269415000
2008-03-24,424.25063166542657,431.0933837890625,413.98650347997267,431.0933837890625,54520000
2008-03-25,434.5147598508804,437.9361359126984,424.25063166542657,431.0933837890625,236615000
2008-03-26,427.67200772724453,434.5147598508804,424.25063166542657,431.0933837890625,112637500
2008-03-27,427.6719665527344,427.6719665527344,417.40783935546875,427.6719665527344,175682500
2008-03-28,424.2507305438702,444.77899169921875,424.2507305438702,444.77899169921875,141785000
2008-03-31,437.9362379807692,451.62174541766825,434.51486112154447,444.77899169921875,208330000
2008-04-01,444.7790256623299,448.20040278280936,417.4080086984942,424.2507629394531,182272500
2008-04-02,431.0933510384909,434.5147268403837,417.40784783091976,420.8292236328125,99405000
2008-04-03,424.2507021565083,424.2507021565083,403.7224423747417,413.986572265625,175502500
2008-04-04,417.4079386393229,441.3575744628906,393.4583028157552,441.3575744628906,210140000
2008-04-07,431.09336747794316,431.09336747794316,393.45823222193224,396.8796081542969,366425000
2008-04-08,393.4583235208967,393.4583235208967,379.7728166158221,386.6155700683594,135675000
2008-04-09,383.1940385298295,386.6154138738459,369.5085371537642,376.3512878417969,187262500
2008-04-10,369.5086006953798,400.3009840866615,366.08722476301523,396.8796081542969,186030000
2008-04-11,403.7223600190261,407.14373595139074,393.45823222193224,396.8796081542969,225492500
2008-04-14,386.61545897366705,390.0368347167969,379.77270748740744,390.0368347167969,102550000
2008-04-15,393.45825324624275,403.7223815917969,390.036877131058,403.7223815917969,81452500
2008-04-16,407.14379907826907,417.4079284667969,403.7224226154265,417.4079284667969,117947500
2008-04-17,424.25063166542657,431.0933837890625,417.40787954179063,431.0933837890625,205577500
2008-04-18,434.51486112154447,448.2003685584435,431.0934842623197,444.77899169921875,207367500
2008-04-21,451.62161951740893,455.0429954228439,424.2506122739296,434.5147399902344,155187500
2008-04-22,431.0933486938477,431.0933486938477,403.7223424275716,410.5650939941406,105810000
2008-04-23,410.56517528886553,413.98655174960606,400.3010459066439,407.143798828125,88570000
2008-04-24,413.98646977742516,413.98646977742516,403.7223424275716,410.5650939941406,79300000
2008-04-25,407.1437577069816,407.1437577069816,396.8796293614275,403.7223815917969,68750000
2008-04-28,403.722337689316,403.722337689316,383.1940832305373,390.0368347167969,41755000
2008-04-29,396.87967936197913,407.143809000651,393.4583028157552,400.3010559082031,57597500
2008-04-30,396.8795908610026,410.5650939941406,393.45821507771814,410.5650939941406,60267500
2008-05-05,431.0933837890625,437.9361359126984,427.67200772724453,431.0933837890625,105005000
2008-05-06,434.5147598508804,444.7788880363343,427.67200772724453,431.0933837890625,119735000
2008-05-07,431.0933640847995,434.5147399902344,424.2506122739296,434.5147399902344,42477500
2008-05-08,431.0933640847995,441.35749180110423,427.6719881793645,434.5147399902344,102915000
2008-05-09,434.5147598508804,437.9361359126984,427.67200772724453,431.0933837890625,31062500
2008-05-12,424.2506122739296,434.5147399902344,424.2506122739296,434.5147399902344,37305000
2008-05-13,437.93621826171875,444.77897167205805,434.5148415565491,437.93621826171875,99812500
2008-05-14,434.51471801757816,434.51471801757816,424.25059082031254,427.6719665527344,84685000
2008-05-15,437.9361158956693,437.9361158956693,431.0933640847995,434.5147399902344,19942500
2008-05-16,437.93609375000005,437.93609375000005,424.25059082031254,427.6719665527344,34087500
2008-05-21,420.8293049296395,420.8293049296395,410.56517554111167,417.4079284667969,128967500
2008-05-22,413.986572265625,413.986572265625,407.14381900503616,413.986572265625,92730000
2008-05-23,413.98656209309894,417.4079386393229,396.87967936197913,400.3010559082031,85275000
2008-05-26,390.0368758491848,400.30100416100544,390.0368758491848,393.458251953125,113152500
2008-05-27,383.1941833496094,393.4583132607596,379.77280671255926,383.1941833496094,127025000
2008-05-28,383.1941833496094,386.61555998665943,376.3514300755092,383.1941833496094,117847500
2008-05-29,383.1941833496094,386.61555998665943,376.3514300755092,383.1941833496094,181555000
2008-05-30,386.6154565209741,386.6154565209741,379.772705078125,379.772705078125,60180000
2008-06-02,383.1941833496094,386.61555998665943,379.77280671255926,383.1941833496094,71402500
2008-06-03,372.92999267578125,379.7727448349699,369.5086165961869,372.92999267578125,146997500
2008-06-04,372.92997099974446,376.351346880476,366.08721923828125,366.08721923828125,63477500
2008-06-05,366.08719974093964,372.92995113796655,362.6658240424262,369.5085754394531,166987500
2008-06-06,376.3513687553756,376.3513687553756,369.5086165961869,372.92999267578125,111212500
2008-06-09,355.82309159608644,366.08721923828125,355.82309159608644,366.08721923828125,77522500
2008-06-10,369.50861516988505,369.50861516988505,345.55898270517025,362.6658630371094,124242500
2008-06-11,362.66591389973956,366.0872904459635,355.82316080729163,359.2445373535156,76855000
2008-06-12,348.98040771484375,359.2445373535156,348.98040771484375,359.2445373535156,112672500
2008-06-13,364.6439514160156,368.1501432565542,357.6315677349384,364.6439514160156,58812500
2008-06-16,357.6316223144531,371.6563918169807,357.6316223144531,357.6316223144531,53297500
2008-06-17,350.6192626953125,357.63164794921875,347.1130700683594,350.6192626953125,102620000
2008-06-18,350.6192626953125,350.6192626953125,343.60687744140625,350.6192626953125,66712500
2008-06-19,347.1131286621094,350.61932188091856,340.100742224491,347.1131286621094,86967500
2008-06-20,347.1131286621094,350.61932188091856,343.6069354433002,347.1131286621094,71782500
2008-06-23,329.5821228027344,343.60689398582946,326.0759300069606,329.5821228027344,131415000
2008-06-24,326.07586669921875,329.5820588142641,319.063482469128,326.07586669921875,191915000
2008-06-25,333.08831787109375,333.08831787109375,322.5697394120066,333.08831787109375,139435000
2008-06-26,340.1006164550781,343.60680837729547,333.08823261064356,340.1006164550781,253072500
2008-06-27,329.5821228027344,336.5945083942819,326.0759300069606,329.5821228027344,103580000
2008-06-30,347.1131286621094,347.1131286621094,333.0883557868726,347.1131286621094,119597500
2008-07-01,361.13775634765625,368.15013996605734,350.61918092005465,361.13775634765625,139017500
2008-07-02,361.13775634765625,378.668715393659,361.13775634765625,361.13775634765625,161507500
2008-07-03,368.1502685546875,368.1502685546875,347.1131103515625,368.1502685546875,132317500
2008-07-04,364.6439514160156,375.16252693763147,364.6439514160156,364.6439514160156,91017500
2008-07-07,364.6439514160156,368.1501432565542,350.61918405386115,364.6439514160156,23840000
2008-07-08,361.1377491344105,385.68109130859375,357.6315573952415,385.68109130859375,216222500
2008-07-09,399.7059631347656,399.7059631347656,385.6811924984581,399.7059631347656,163502500
2008-07-10,389.1873474121094,399.70592436919344,382.17496277405337,389.1873474121094,74302500
2008-07-11,392.6936340332031,392.6936340332031,382.1750545501709,392.6936340332031,33247500
2008-07-14,392.6936340332031,396.19982719421387,382.1750545501709,392.6936340332031,25897500
2008-07-15,368.1502685546875,385.68123372395837,368.1502685546875,368.1502685546875,42710000
2008-07-16,371.65643310546875,385.6812041660525,364.6440475751769,371.65643310546875,99762500
2008-07-17,371.65643310546875,385.6812041660525,371.65643310546875,371.65643310546875,69755000
2008-07-18,375.1626281738281,385.68120653384204,371.6564353871569,375.1626281738281,54415000
2008-07-21,392.6936340332031,396.19982719421387,382.1750545501709,392.6936340332031,107580000
2008-07-22,396.1998291015625,396.1998291015625,385.6812495678927,396.1998291015625,23800000
2008-07-23,406.7182922363281,410.2244844107792,399.7059078874259,406.7182922363281,192637500
2008-07-24,406.7183667792649,434.7679093157659,406.7183667792649,427.7555236816406,250862500
2008-07-25,413.7307739257813,420.74315992452335,403.2121949276682,413.73077392578125,80612500
2008-07-28,417.2369079589843,417.2369079589843,413.7307154551273,417.2369079589844,35960000
2008-07-29,420.7431335449219,424.2493263244629,406.71836242675784,420.7431335449219,66225000
2008-07-31,424.2493591308594,438.2741313335324,420.7431660801911,424.2493591308594,104527500
2008-08-01,410.2245788574219,424.2493507841714,410.2245788574219,410.2245788574219,49625000
2008-08-04,420.7431335449219,420.7431335449219,406.71836242675784,420.7431335449219,39932500
2008-08-05,420.7431335449219,427.75551910400395,413.73074798583986,420.7431335449219,60995000
2008-08-06,424.2493591308594,434.7679382828641,420.7431660801911,424.2493591308594,78732500
2008-08-07,424.2493591308594,434.7679382828641,420.7431660801911,424.2493591308594,94050000
2008-08-08,413.7307739257813,424.2493529238944,410.2245809264102,413.73077392578125,29585000
2008-08-11,417.2369079589843,424.24929296669836,413.7307154551273,417.2369079589844,34925000
2008-08-12,417.2369861602783,420.74317932128906,392.6936340332031,392.6936340332031,40422500
2008-08-13,392.6935913085938,420.7431335449219,392.6935913085938,420.7431335449219,44947500
2008-08-14,413.7307739257813,427.7555459232654,406.7183879270392,413.73077392578125,38817500
2008-08-15,410.22450367997334,431.26165771484375,410.22450367997334,431.26165771484375,124050000
2008-08-19,417.2369079589843,434.7678704782694,417.2369079589843,417.2369079589844,71922500
2008-08-20,417.2369079589843,424.24929296669836,417.2369079589843,417.2369079589844,51162500
2008-08-21,413.7307739257813,424.2493529238944,413.7307739257813,413.73077392578125,46097500
2008-08-22,410.2245788574219,420.743157802484,410.2245788574219,410.2245788574219,27120000
2008-08-25,427.7555236816407,427.7555236816407,413.7307524133901,427.7555236816406,20980000
2008-08-26,413.7307739257813,420.74315992452335,413.7307739257813,413.73077392578125,17255000
2008-08-27,413.73084382087956,434.76800537109375,413.73084382087956,434.76800537109375,104745000
2008-08-28,441.7802734375,448.79265873015873,434.76788814484127,441.7802734375,151962500
2008-08-29,445.2863464355469,455.80492154819757,441.78015473132996,445.2863464355469,89802500
2008-09-01,448.7928185096154,462.8175940880409,448.7928185096154,455.8052062988281,150390000
2008-09-02,473.33605957031256,473.33605957031256,455.8050944010417,473.3360595703125,179015000
2008-09-03,462.8174743652344,473.3360533280806,462.8174743652344,462.8174743652344,133635000
2008-09-04,455.8052062988281,469.8299818772536,448.7928185096154,455.8052062988281,25277500
2008-09-05,455.8052062988281,466.3237879826473,438.27423682579627,455.8052062988281,138822500
2008-09-08,459.3113098144531,476.84227583790556,455.80511660976265,459.3113098144531,157897500
2008-09-09,462.81748268821025,462.81748268821025,420.7431660801911,424.2493591308594,92522500
2008-09-10,420.7431335449219,420.7431335449219,406.71836242675784,420.7431335449219,133175000
2008-09-11,403.21215820312494,420.7431216032608,392.69358016304346,403.212158203125,85605000
2008-09-12,403.2120786894352,403.2120786894352,378.66873476920875,382.1749267578125,64500000
2008-09-15,371.65643310546875,382.17501140090656,368.15024034032285,371.65643310546875,209690000
2008-09-16,354.1254242218293,396.19973205016544,350.61923190280123,389.1873474121094,124852500
2008-09-17,396.1998291015625,403.2122154573424,392.69363592367256,396.1998291015625,63472500
2008-09-18,378.66882424276383,434.7679093157659,375.16263142570125,427.7555236816406,91932500
2008-09-19,445.2863464355469,455.80492154819757,434.7677713228961,445.2863464355469,102670000
2008-09-22,455.8052062988281,466.3237879826473,448.7928185096154,455.8052062988281,157812500
2008-09-23,441.7802734375,455.80504402281747,441.7802734375,441.7802734375,142892500
2008-09-24,424.24934363365173,455.80507993698114,424.24934363365173,448.7926940917969,34525000
2008-09-25,452.2989196777344,459.31130602932717,448.792726501938,452.2989196777344,31022500
2008-09-26,445.2863464355469,452.29872984398065,441.78015473132996,445.2863464355469,54060000
2008-10-06,406.7183667792649,455.8050662181417,403.21217396220226,427.7555236816406,124347500
2008-10-07,427.7555236816407,448.7926805840164,413.7307524133901,427.7555236816406,44155000
2008-10-08,403.21215820312494,427.7555069633152,403.21215820312494,403.212158203125,38597500
2008-10-09,403.21215820312494,403.21215820312494,403.21215820312494,403.212158203125,0
2008-10-10,403.21215820312494,403.21215820312494,403.21215820312494,403.212158203125,0
2008-10-13,406.7182922363281,410.2244844107792,364.64398614291486,406.7182922363281,192295000
2008-10-14,413.73062109759474,445.2863464355469,413.73062109759474,445.2863464355469,158782500
2008-10-15,427.7555236816407,455.8050662181417,424.24933086457804,427.7555236816406,104467500
2008-10-16,385.68109130859375,403.2120500044389,385.68109130859375,385.68109130859375,181937500
2008-10-17,392.6934861403245,392.6934861403245,361.137759575477,364.6439514160156,174940000
2008-10-20,375.1626281738281,389.1873993205133,364.64404981381426,375.1626281738281,72260000
2008-10-21,392.6936340332031,403.21221351623535,385.68124771118164,392.6936340332031,52875000
2008-10-22,427.7555173478037,427.7555173478037,371.65643310546875,371.65643310546875,120320000
2008-10-23,350.6192786671291,378.66882096049943,336.5945075204439,375.1626281738281,61472500
2008-10-24,364.6439599105992,364.6439599105992,340.1006164550781,340.1006164550781,43322500
2008-10-27,308.54498291015625,322.5697548606179,308.54498291015625,308.54498291015625,61052500
2008-10-28,308.54496708622685,312.0511598940249,280.4954246238426,284.0016174316406,165315000
2008-10-29,308.54498291015625,312.05117589777166,301.53259693492544,308.54498291015625,168795000
2008-10-30,294.52014541625977,336.5944519042969,294.52014541625977,336.5944519042969,123590000
2008-10-31,357.6316375732422,392.69356282552087,350.6192525227865,378.6687927246094,140230000
2008-11-03,396.1998291015625,413.73079499101215,382.17505639000274,396.1998291015625,160672500
2008-11-04,385.68109130859375,406.71824174360796,368.15013261274856,385.68109130859375,69542500
2008-11-05,399.7059631347656,413.73073377107323,392.6935778166119,399.7059631347656,145075000
2008-11-06,389.1873474121094,392.6935397311374,364.6440011789133,389.1873474121094,51927500
2008-11-07,403.21215820312494,410.22454356317934,378.66880944293473,403.212158203125,53990000
2008-11-10,406.7182922363281,420.74306093413253,399.7059078874259,406.7182922363281,30482500
2008-11-11,406.7182922363281,406.7182922363281,392.69352353852366,406.7182922363281,43417500
2008-11-12,403.21215820312494,406.71835088315214,399.7059655230978,403.212158203125,39960000
2008-11-13,382.1749267578125,406.718270678039,375.16254278060495,382.1749267578125,56485000
2008-11-14,406.7182922363281,406.7182922363281,385.6811391896215,406.7182922363281,33582500
2008-11-17,382.1749267578125,403.2120786894352,371.65635079200115,382.1749267578125,58050000
2008-11-18,368.1502685546875,368.1502685546875,350.6193033854167,368.1502685546875,96530000
2008-11-19,385.68109130859375,385.68109130859375,354.1253656560724,385.68109130859375,93797500
2008-11-20,378.6687927246094,378.6687927246094,361.1378300984701,378.6687927246094,92990000
2008-11-21,361.13775634765625,361.13775634765625,343.6067973016535,361.13775634765625,186787500
2008-11-24,368.1502685546875,368.1502685546875,354.12549641927086,368.1502685546875,53637500
2008-11-25,371.65643310546875,378.66881863576066,364.6440475751769,371.65643310546875,50435000
2008-11-26,382.1749267578125,382.1749267578125,368.1501588033974,382.1749267578125,67052500
2008-11-27,378.6687927246094,392.69356282552087,368.1502151489258,378.6687927246094,75300000
2008-11-28,392.69356282552087,392.69356282552087,368.1502151489258,378.6687927246094,82652500
2008-12-01,378.6687927246094,392.69356282552087,364.64402262369794,378.6687927246094,79042500
2008-12-02,375.1626281738281,378.66882096049943,354.1254714538004,375.1626281738281,52512500
2008-12-03,375.1626281738281,382.17501374717074,375.1626281738281,375.1626281738281,31577500
2008-12-04,385.68109130859375,399.70585826526985,378.66870783025564,385.68109130859375,79845000
2008-12-05,392.6936340332031,392.6936340332031,378.66886138916016,392.6936340332031,56612500
2008-12-09,417.2369079589843,420.74310046284137,396.1997529358423,417.2369079589844,133162500
2008-12-10,410.2245788574219,424.2493507841714,410.2245788574219,410.2245788574219,82747500
2008-12-11,417.2369079589843,427.75548547055536,406.71833044741334,417.2369079589844,128255000
2008-12-12,413.7306936453055,413.7306936453055,389.1873474121094,389.1873474121094,37400000
2008-12-15,396.19976903521825,441.7802734375,396.19976903521825,441.7802734375,136477500
2008-12-16,434.76800537109375,438.2741989627961,424.2494245959866,434.76800537109375,55522500
2008-12-17,448.7926940917969,448.7926940917969,434.7679224014282,448.7926940917969,99505000
2008-12-18,448.7926940917969,452.298887014389,441.78030824661255,448.7926940917969,26702500
2008-12-19,448.7926940917969,455.80507993698114,441.78030824661255,448.7926940917969,49090000
2008-12-22,448.7926940917969,455.80507993698114,438.2741153240204,448.7926940917969,58557500
2008-12-23,448.7926940917969,452.298887014389,445.2865011692047,448.7926940917969,20405000
2008-12-24,441.7802734375,455.80504402281747,441.7802734375,441.7802734375,23512500
2008-12-30,455.8052062988281,466.3237879826473,448.7928185096154,455.8052062988281,34487500
2008-12-31,455.8052062988281,455.8052062988281,455.8052062988281,455.8052062988281,0
2009-01-05,490.8669738769532,490.8669738769532,455.8050471714565,490.8669738769531,76682500
2009-01-06,490.8669738769532,518.9165152413505,483.85458853585385,490.8669738769531,86082500
2009-01-07,501.3856038411459,501.3856038411459,441.78032226562505,473.3360595703125,65045000
2009-01-08,438.27404785156256,448.79262500000004,434.76785546875004,438.2740478515625,53797500
2009-01-09,420.7431335449219,441.780290222168,417.2369407653809,420.7431335449219,59930000
2009-01-12,410.2245788574219,427.7555437658587,406.7183858757345,410.2245788574219,101640000
2009-01-13,413.7307739257813,424.2493529238944,399.70600192829716,413.73077392578125,136737500
2009-01-14,410.2245788574219,420.743157802484,406.7183858757345,410.2245788574219,74107500
2009-01-15,389.1873474121094,399.70592436919344,382.17496277405337,389.1873474121094,85305000
2009-01-16,397.7097886029412,422.566650390625,394.1588083475578,422.566650390625,62925000
2009-01-19,415.46466064453125,429.6685806665665,401.26074062249603,415.46466064453125,76727500
2009-01-20,419.0156555175781,419.0156555175781,394.1587945970438,419.0156555175781,52827500
2009-01-21,390.6078796386719,411.9137639825994,387.0568989146839,390.6078796386719,192397500
2009-01-22,390.6078796386719,401.26082181063566,383.505918190696,390.6078796386719,79192500
2009-01-23,394.15869140625,394.15869140625,383.5057538006757,394.15869140625,26167500
2009-01-27,401.26068115234375,401.26068115234375,390.6077427146709,401.26068115234375,18065000
2009-01-28,390.6078796386719,404.81180253462355,390.6078796386719,390.6078796386719,33757500
2009-01-29,390.6078796386719,397.7098410866477,383.505918190696,390.6078796386719,80987500
2009-01-30,390.6078796386719,394.15886036265977,383.505918190696,390.6078796386719,27947500
2009-02-02,390.6078796386719,394.15886036265977,383.505918190696,390.6078796386719,44225000
2009-02-03,394.15869140625,394.15869140625,387.0567330025338,394.15869140625,28272500
2009-02-04,401.26068115234375,401.26068115234375,390.6077427146709,401.26068115234375,38587500
2009-02-05,394.15869140625,397.7096706081081,390.60771220439193,394.15869140625,32047500
2009-02-06,394.15869140625,404.8116290118243,387.0567330025338,394.15869140625,71415000
2009-02-09,390.6078796386719,397.7098410866477,383.505918190696,390.6078796386719,29632500
2009-02-10,376.40386962890625,387.05680933538474,372.85288972674675,376.40386962890625,54927500
2009-02-11,365.7509460449219,372.852906162299,351.54702581016767,365.7509460449219,89625000
2009-02-12,372.85296630859375,379.9549275716146,362.20002441406245,372.85296630859375,67057500
2009-02-13,376.40386962890625,383.50582943322524,369.30190982458726,376.40386962890625,58085000
2009-02-16,379.9548645019531,379.9548645019531,372.85290441780444,379.9548645019531,23660000
2009-02-17,358.64910888671875,376.40401526724935,355.0981276106126,358.64910888671875,81940000
2009-02-18,362.199951171875,365.75093108532474,347.996031518076,362.199951171875,92457500
2009-02-19,365.7509460449219,372.852906162299,362.19996598623334,365.7509460449219,61772500
2009-02-20,347.99603271484375,365.7509323431521,347.99603271484375,347.99603271484375,86685000
2009-02-23,355.0980224609375,358.6490026855469,351.54704223632814,355.0980224609375,46760000
2009-02-24,347.99603271484375,358.6489724918288,344.44505278918206,347.99603271484375,34192500
2009-02-25,355.0980263567985,358.64900662036655,333.7921447753906,333.7921447753906,134747500
2009-02-26,340.89410400390625,340.89410400390625,326.69018300374347,340.89410400390625,203025000
2009-02-27,333.7921447753906,340.8941053025266,330.24116451182266,333.7921447753906,109212500
2009-03-02,326.690185546875,337.34312637992525,326.690185546875,326.690185546875,55142500
2009-03-03,323.1392027537028,344.44508425394696,323.1392027537028,340.89410400390625,70262500
2009-03-04,340.89408563410194,369.30192610361047,337.3431055754134,365.7509460449219,159980000
2009-03-05,369.3018798828125,376.4038391113281,365.7509002685547,369.3018798828125,148077500
2009-03-06,365.7509460449219,372.852906162299,358.64898592754474,365.7509460449219,34262500
2009-03-10,383.5057373046875,383.5057373046875,365.75084205910014,383.5057373046875,116147500
2009-03-11,397.7098083496094,397.7098083496094,387.0568670545306,397.7098083496094,133940000
2009-03-12,390.6078796386719,397.7098410866477,383.505918190696,390.6078796386719,47527500
2009-03-13,401.26068115234375,404.81166063156803,394.1587221938952,401.26068115234375,105687500
2009-03-16,401.26068115234375,408.3626401107923,397.70970167311947,401.26068115234375,36767500
2009-03-17,404.811767578125,404.811767578125,390.60784590871714,404.811767578125,123345000
2009-03-18,397.7098083496094,408.3627496446882,390.60784748622353,397.7098083496094,63062500
2009-03-19,401.26074062249603,419.0156406500401,397.7097606169872,415.46466064453125,130515000
2009-03-20,419.0156555175781,422.566635649083,411.9136952545683,419.0156555175781,48397500
2009-03-23,433.2194519042969,436.77043101826655,419.0155354484183,433.2194519042969,68005000
2009-03-24,443.87237548828125,447.4233544921875,436.7704174804687,443.87237548828125,147035000
2009-03-25,447.4234313964844,454.525390625,440.32147216796875,447.4234313964844,60182500
2009-03-27,450.97442626953125,461.6273654727486,447.4234465351255,450.97442626953125,37627500
2009-03-30,436.7704772949219,454.525374745935,426.11753882431407,436.7704772949219,56115000
2009-03-31,440.32153320312494,454.5254536290322,436.77055309664814,440.321533203125,109097500
2009-04-01,450.97442626953125,458.0763857383428,440.321487066314,450.97442626953125,46275000
2009-04-02,465.1783752441406,465.1783752441406,450.97445538935773,465.1783752441406,157330000
2009-04-03,450.97442626953125,475.8312844103716,450.97442626953125,450.97442626953125,109970000
2009-04-06,458.07635498046875,468.72929346838663,447.42341649255087,458.07635498046875,75302500
2009-04-07,454.5254211425781,461.62738084793085,447.42346143722534,454.5254211425781,82950000
2009-04-08,433.2194519042969,458.0763057020844,429.66847279032726,433.2194519042969,84190000
2009-04-09,433.2194519042969,433.2194519042969,433.2194519042969,433.2194519042969,0
2009-04-13,458.07635498046875,458.07635498046875,443.87243699657824,458.07635498046875,47767500
2009-04-14,475.83123779296875,482.9331965659981,454.5253614738806,475.83123779296875,253475000
2009-04-15,479.3822937011719,486.4842536078559,465.17837388780384,479.3822937011719,84102500
2009-04-16,493.586181640625,497.1371613646583,482.9332424685252,493.586181640625,137757500
2009-04-17,493.58615154986614,514.8920285951841,493.58615154986614,507.7900695800781,132667500
2009-04-20,500.68804931640625,507.79000746273823,490.0351120969082,500.68804931640625,55837500
2009-04-22,486.4843444824219,500.6882669490619,486.4843444824219,486.4843444824219,56322500
2009-04-23,475.83123779296875,482.9331965659981,472.28025840645404,475.83123779296875,28497500
2009-04-24,482.9331970214844,493.586135191076,475.8312382417567,482.9331970214844,30782500
2009-04-27,458.07635498046875,475.8312524603319,454.5253754844961,458.07635498046875,22857500
2009-04-28,472.28033447265625,493.5862142233024,458.0764146388922,472.28033447265625,41195000
2009-04-29,472.28033447265625,482.93327434797936,472.28033447265625,472.28033447265625,40405000
2009-04-30,475.83123779296875,497.1371141120569,475.83123779296875,475.83123779296875,72955000
2009-05-01,493.586181640625,497.1371613646583,482.9332424685252,493.586181640625,40085000
2009-05-04,504.2391052246094,507.7900848388672,486.4842071533203,504.2391052246094,96350000
2009-05-05,497.13720703125,511.34112723214287,479.3823067801339,497.13720703125,94617500
2009-05-06,482.9331970214844,497.1371145809398,482.9331970214844,482.9331970214844,79777500
2009-05-07,475.83123779296875,500.6880934985716,475.83123779296875,475.83123779296875,75292500
2009-05-08,475.83123779296875,482.9331965659981,472.28025840645404,475.83123779296875,50752500
2009-05-11,479.3822801113128,486.4842398166656,454.5254211425781,454.5254211425781,110172500
2009-05-12,458.07635498046875,461.6273344764414,443.87243699657824,458.07635498046875,134105000
2009-05-13,461.6273193359375,472.2802574744591,450.9743811974158,461.6273193359375,91475000
2009-05-14,461.6273193359375,461.6273193359375,447.42340181790865,461.6273193359375,30230000
2009-05-15,461.6273193359375,468.7292780949519,454.52536057692305,461.6273193359375,43685000
2009-05-18,475.83123779296875,486.4841759525128,450.9743820873659,475.83123779296875,62312500
2009-05-19,497.13720703125,497.13720703125,482.93328683035713,497.13720703125,66137500
2009-05-20,500.68804931640625,504.23902838957224,490.0351120969082,500.68804931640625,91387500
2009-05-21,500.68804931640625,500.68804931640625,500.68804931640625,500.68804931640625,0
2009-05-22,493.586181640625,497.1371613646583,482.9332424685252,493.586181640625,33907500
2009-05-25,493.586181640625,500.68814108869157,490.03520191659175,493.586181640625,13902500
2009-05-26,479.3822937011719,500.68817342122395,475.8313137478299,479.3822937011719,32370000
2009-05-27,490.03521728515625,493.58619712055594,482.9332576143569,490.03521728515625,35222500
2009-05-28,490.03521728515625,490.03521728515625,482.9332576143569,490.03521728515625,21730000
2009-05-29,479.3822937011719,497.13719346788196,468.72935384114584,479.3822937011719,124640000
2009-06-01,486.4843444824219,490.0353250990819,479.38238324910185,486.4843444824219,84995000
2009-06-02,504.2391052246094,514.8920440673828,490.0351867675781,504.2391052246094,177885000
2009-06-03,500.68804931640625,511.3409865359043,493.58609117007427,500.68804931640625,81915000
2009-06-04,507.7900695800781,511.3410490876311,497.13713105741914,507.7900695800781,99930000
2009-06-05,529.095947265625,536.1979062893247,504.2390906826762,529.095947265625,243815000
2009-06-08,543.2999267578125,550.401886584712,532.6469870174633,543.2999267578125,164275000
2009-06-09,564.6057739257812,564.6057739257812,543.299895664431,564.6057739257812,174617500
2009-06-10,563.1617431640625,581.2117990347055,541.5016761192909,563.1617431640625,144150000
2009-06-11,559.5517578125,563.1617691532258,552.3317351310484,559.5517578125,58922500
2009-06-12,555.9415283203125,559.5515382444703,545.1114985478389,555.9415283203125,112405000
2009-06-15,555.9415283203125,559.5515382444703,552.3315183961546,555.9415283203125,105737500
2009-06-16,548.7217407226562,548.7217407226562,537.891706366288,548.7217407226562,44185000
2009-06-17,545.1116550685642,545.1116550685642,516.2315673828125,516.2315673828125,119712500
2009-06-18,509.01165771484375,519.8416929853723,498.18162244431517,509.01165771484375,93282500
2009-06-19,509.01165771484375,516.2316812285295,501.79163420115805,509.01165771484375,39070000
2009-06-22,527.0616455078125,527.0616455078125,509.0115891548052,527.0616455078125,34227500
2009-06-23,516.2315673828125,519.8415783435314,501.79152353993663,516.2315673828125,55547500
2009-06-24,527.0616455078125,527.0616455078125,519.8416229666095,527.0616455078125,68552500
2009-06-25,552.331787109375,552.331787109375,527.061705346201,552.331787109375,137437500
2009-06-26,512.6215209960938,534.2815852635343,501.79148886237346,512.6215209960938,304050000
2009-06-29,509.01165771484375,523.4517047422153,505.4016459580009,509.01165771484375,99202500
2009-06-30,509.01165771484375,516.2316812285295,501.79163420115805,509.01165771484375,71202500
2009-07-01,519.8416748046875,523.4516864352756,505.401628282335,519.8416748046875,114495000
2009-07-02,523.4516179641621,545.1116849144033,523.4516179641621,537.8916625976562,330582500
2009-07-03,523.45166015625,537.8917059536639,523.45166015625,523.45166015625,90715000
2009-07-06,512.6215209960938,527.0615638410542,509.01151028485367,512.6215209960938,43245000
2009-07-07,519.8416748046875,523.4516864352756,512.6216515435112,519.8416748046875,102945000
2009-07-08,519.8416748046875,519.8416748046875,519.8416748046875,519.8416748046875,0
2009-07-09,519.8416748046875,534.2817213270399,516.2316631740994,519.8416748046875,130030000
2009-07-10,519.8416929853723,523.4517047422153,509.01165771484375,509.01165771484375,50347500
2009-07-13,509.01165771484375,519.8416929853723,494.5716106874723,509.01165771484375,77227500
2009-07-14,509.01165771484375,519.8416929853723,505.4016459580009,509.01165771484375,50065000
2009-07-15,537.8916625976562,537.8916625976562,509.01157333066794,537.8916625976562,136127500
2009-07-16,548.7217407226562,555.9417636269017,541.5017178184107,548.7217407226562,149990000
2009-07-17,534.2816162109375,548.7216598923142,530.6716052905933,534.2816162109375,136840000
2009-07-20,534.2816162109375,534.2816162109375,534.2816162109375,534.2816162109375,0
2009-07-21,534.2816162109375,545.11164897197,523.451583449905,534.2816162109375,168640000
2009-07-22,519.8416748046875,534.2817213270399,516.2316631740994,519.8416748046875,101367500
2009-07-23,534.2816162109375,534.2816162109375,519.8415725295608,534.2816162109375,73280000
2009-07-24,534.2816162109375,541.5016380516258,530.6716052905933,534.2816162109375,125932500
2009-07-27,534.2816162109375,541.5016380516258,527.0615943702492,534.2816162109375,69055000
2009-07-28,534.2816162109375,537.8916271312817,530.6716052905933,534.2816162109375,171927500
2009-07-29,527.0616455078125,537.8916793196169,523.451634237211,527.0616455078125,45522500
2009-07-30,537.8916625976562,541.5016737560297,530.6716402809092,537.8916625976562,154247500
2009-07-31,545.11181640625,548.7218284354306,537.8917923478891,545.11181640625,190452500
2009-08-03,555.9415283203125,559.5515382444703,545.1114985478389,555.9415283203125,78417500
2009-08-04,566.77197265625,570.3819852209394,555.9419349621816,566.77197265625,117150000
2009-08-05,581.2118530273438,581.2118530273438,566.7718069893973,581.2118530273438,156017500
2009-08-06,602.8717651367188,602.8717651367188,581.211701718633,602.8717651367188,126982500
2009-08-07,595.6519165039062,602.8719397342567,595.6519165039062,595.6519165039062,33302500
2009-08-10,610.0919799804688,610.0919799804688,595.6519331170257,610.0919799804688,48535000
2009-08-11,635.3621215820312,638.9721336364746,610.0920372009277,635.3621215820312,89407500
2009-08-12,628.1420552689216,628.1420552689216,610.0919962094698,624.5320434570312,83232500
2009-08-13,624.5320434570312,638.9720907045927,620.9220316451409,624.5320434570312,21430000
2009-08-14,628.1419067382812,628.1419067382812,617.3118738634832,628.1419067382812,42775000
2009-08-18,602.8717651367188,606.4817757063996,595.6517439973568,602.8717651367188,70377500
2009-08-19,606.4819946289062,617.3120302472795,599.261970883324,606.4819946289062,82472500
2009-08-20,610.0919799804688,613.7019916963295,606.481968264608,610.0919799804688,31722500
2009-08-21,624.5320434570312,624.5320434570312,613.7020080213601,624.5320434570312,26595000
2009-08-24,620.9219970703125,638.972055124682,613.7019738485646,620.9219970703125,25527500
2009-08-25,617.3118896484375,628.1419228001645,613.7018785978618,617.3118896484375,37687500
2009-08-26,628.1419067382812,628.1419067382812,613.7018629052172,628.1419067382812,44412500
2009-08-27,624.5320434570312,628.1420552689216,613.7020080213601,624.5320434570312,47247500
2009-08-28,628.1419067382812,628.1419067382812,617.3118738634832,628.1419067382812,23142500
2009-08-31,613.7017822265625,628.1418241613052,613.7017822265625,613.7017822265625,33407500
2009-09-01,631.751953125,638.9719754464286,617.3119084821429,631.751953125,63022500
2009-09-02,617.3118896484375,628.1419228001645,606.4818564967105,617.3118896484375,51055000
2009-09-03,617.3118896484375,624.5319117495887,606.4818564967105,617.3118896484375,47240000
2009-09-04,617.3118896484375,620.9219006990131,613.7018785978618,617.3118896484375,9780000
2009-09-07,635.3621215820312,638.9721336364746,620.9220733642578,635.3621215820312,23210000
2009-09-08,635.3621215820312,638.9721336364746,628.1420974731445,635.3621215820312,27137500
2009-09-09,646.1920166015625,646.1920166015625,635.361982803771,646.1920166015625,58807500
2009-09-10,649.8021850585938,653.4121971978082,646.1921729193793,649.8021850585938,26837500
2009-09-11,638.971923828125,649.8019564353814,631.7519020899541,638.971923828125,28032500
2009-09-14,620.9219970703125,631.7520319029343,617.3119854594386,620.9219970703125,46397500
2009-09-15,628.1419067382812,638.9719396130791,617.3118738634832,628.1419067382812,52265000
2009-09-16,631.751953125,638.9719754464286,624.5319308035715,631.751953125,33842500
2009-09-17,635.3620090793919,671.4621232316301,635.3620090793919,667.8521118164062,96955000
2009-09-24,693.1221313476562,700.3421535491943,678.6820869445801,693.1221313476562,96397500
2009-09-25,660.6321411132812,678.6821996136441,657.0221294132086,660.6321411132812,57715000
2009-09-28,642.5819091796875,671.4619949855161,642.5819091796875,642.5819091796875,33472500
2009-09-29,657.0221557617188,660.6321676065634,646.1921202271849,657.0221557617188,35802500
2009-09-30,667.8521118164062,671.4621232316301,653.412066155511,667.8521118164062,55632500
2009-10-01,696.7322387695312,700.3422503693733,671.4621575706362,696.7322387695312,93842500
2009-10-02,689.5122230454247,794.2025605758818,682.2921997674621,729.2223510742188,53040000
2009-10-05,722.002197265625,722.002197265625,700.3421313476563,722.002197265625,71345000
2009-10-06,750.8823852539062,772.5424540593074,722.0022935133715,750.8823852539062,85385000
2009-10-07,758.1024541709629,772.5425009170765,700.3422671865086,711.1723022460938,123442500
2009-10-08,678.682373046875,707.5624740275931,675.0723604242852,678.682373046875,195182500
2009-10-09,685.9022827148438,689.5122947291323,675.0722466719777,685.9022827148438,213927500
2009-10-12,682.2920532226562,685.9020640862682,671.4620206318205,682.2920532226562,44470000
2009-10-13,685.9022827148438,696.7323187577097,678.6822586862664,685.9022827148438,106370000
2009-10-14,693.1221313476562,700.3421535491943,689.5121202468872,693.1221313476562,146687500
2009-10-15,689.51220703125,703.9522532517998,682.2921839209752,689.51220703125,119725000
2009-10-16,678.682373046875,685.9023982920545,675.0723604242852,678.682373046875,93432500
2009-10-19,693.1221313476562,693.1221313476562,675.072075843811,693.1221313476562,61132500
2009-10-20,689.51220703125,696.7322301415248,682.2921839209752,689.51220703125,59992500
2009-10-21,689.51220703125,693.1222185863875,678.6821723658377,689.51220703125,36295000
2009-10-22,689.51220703125,693.1222185863875,678.6821723658377,689.51220703125,73320000
2009-10-23,689.51220703125,693.1222185863875,682.2921839209752,689.51220703125,91627500
2009-10-26,689.51220703125,689.51220703125,682.2921839209752,689.51220703125,30062500
2009-10-27,678.682373046875,685.9023982920545,671.4623478016955,678.682373046875,50915000
2009-10-28,664.2421264648438,678.6821726923404,660.6321149079696,664.2421264648438,59547500
2009-10-29,660.6321411132812,660.6321411132812,606.4819656121927,660.6321411132812,223947500
2009-10-30,660.6321411132812,671.462176213499,657.0221294132086,660.6321411132812,113667500
2009-11-02,664.2421264648438,667.8521380217179,646.192068680473,664.2421264648438,45822500
2009-11-03,657.0221557617188,671.4622031410971,657.0221557617188,657.0221557617188,53547500
2009-11-04,664.2421264648438,667.8521380217179,653.4120917942213,664.2421264648438,30787500
2009-11-05,664.2421264648438,667.8521380217179,653.4120917942213,664.2421264648438,16727500
2009-11-06,682.2920532226562,682.2920532226562,667.8520097682085,682.2920532226562,37420000
2009-11-09,682.2920532226562,689.5120749498801,678.6820423590443,682.2920532226562,24652500
2009-11-10,685.9022827148438,693.122306743421,682.292270700555,685.9022827148438,50455000
2009-11-11,678.682373046875,689.5124109146443,678.682373046875,678.682373046875,41377500
2009-11-12,693.1221313476562,693.1221313476562,682.2920980453491,693.1221313476562,24725000
2009-11-13,691.6660766601562,698.9467722039474,688.0257288882607,691.6660766601562,15125000
2009-11-16,688.0256958007812,695.3063909944403,688.0256958007812,688.0256958007812,38250000
2009-11-17,695.306396484375,698.9467441099476,688.0257012332297,695.306396484375,52965000
2009-11-18,688.0256958007812,695.3063909944403,688.0256958007812,688.0256958007812,20322500
2009-11-19,684.385498046875,691.6661948346076,680.7451496530086,684.385498046875,21455000
2009-11-20,684.385498046875,691.6661948346076,680.7451496530086,684.385498046875,12230000
2009-11-23,677.1046142578125,688.0256564232611,673.4642668693297,677.1046142578125,36412500
2009-11-24,677.1046142578125,688.0256564232611,677.1046142578125,677.1046142578125,32052500
2009-11-25,684.385498046875,684.385498046875,677.1048012591423,684.385498046875,26697500
2009-11-26,680.744873046875,684.3852199615642,673.4641792174966,680.744873046875,32130000
2009-11-30,698.9466552734375,702.58700243632,662.5431836446126,698.9466552734375,107092500
2009-12-01,717.1484375,717.1484375,695.306353109137,717.1484375,134247500
2009-12-02,724.4291322969543,724.4291322969543,717.1484375,717.1484375,57652500
2009-12-03,717.1485879080636,724.4292842320034,713.5082397460938,713.5082397460938,24360000
2009-12-04,713.5079756693625,728.0693629279209,709.8676288547229,724.4290161132812,31647500
2009-12-07,724.4290919353052,724.4290919353052,706.2273559570312,706.2273559570312,20192500
2009-12-08,706.227433784929,706.227433784929,688.0256958007812,688.0256958007812,37017500
2009-12-09,684.385498046875,695.306543228474,677.1048012591423,684.385498046875,44022500
2009-12-10,691.6660766601562,702.5871199758429,684.3853811163651,691.6660766601562,56725000
2009-12-11,702.5870361328125,706.2273834702881,698.9466887953367,702.5870361328125,42972500
2009-12-14,706.2273559570312,713.5080503483408,695.3063143700668,706.2273559570312,28480000
2009-12-15,698.9466552734375,713.5080439249674,698.9466552734375,698.9466552734375,35655000
2009-12-16,702.5870361328125,713.5080781452396,698.9466887953367,702.5870361328125,20815000
2009-12-17,706.2273559570312,709.867703152686,702.5870087613764,706.2273559570312,22095000
2009-12-21,673.4642333984375,695.3063166437922,673.4642333984375,673.4642333984375,41380000
2009-12-22,680.744873046875,680.744873046875,673.4641792174966,680.744873046875,30935000
2009-12-23,688.0256958007812,688.0256958007812,677.1046530102927,688.0256958007812,9772500
2009-12-28,691.6660433976108,691.6660433976108,684.3853482039518,688.0256958007812,16760000
2009-12-29,688.0256958007812,691.6660433976108,684.3853482039518,688.0256958007812,13180000
2009-12-30,706.2273559570312,706.2273559570312,688.0256199787572,706.2273559570312,37152500
2010-01-04,735.3502807617188,735.3502807617188,702.5871494406521,735.3502807617188,77812500
2010-01-05,742.6307983398438,742.6307983398438,720.7887160357307,742.6307983398438,44442500
2010-01-06,720.7887573242188,742.630840879498,720.7887573242188,720.7887573242188,27782500
2010-01-07,724.4290161132812,724.4290161132812,702.5869352254437,724.4290161132812,38632500
2010-01-08,706.2273559570312,724.4290919353052,706.2273559570312,706.2273559570312,27427500
2010-01-11,713.5082397460938,724.4292842320034,713.5082397460938,713.5082397460938,38505000
2010-01-12,749.9114379882812,749.9114379882812,713.5079701247724,749.9114379882812,53395000
2010-01-13,728.0695190429688,742.6309094238281,724.4291714477539,728.0695190429688,48905000
2010-01-14,720.7887573242188,749.9115353979245,720.7887573242188,720.7887573242188,28395000
2010-01-15,720.7887573242188,735.3501463610716,720.7887573242188,720.7887573242188,25790000
2010-01-18,728.0695849125927,742.6309766108446,720.7888890634669,735.3502807617188,12627500
2010-01-19,724.4290161132812,749.9114438157585,724.4290161132812,724.4290161132812,30875000
2010-01-20,735.3502807617188,742.6309766108446,728.0695849125927,735.3502807617188,49412500
2010-01-21,709.8678588867188,728.0695988581731,706.227510892428,709.8678588867188,62377500
2010-01-22,702.5870361328125,706.2273834702881,691.6659941203853,702.5870361328125,63022500
2010-01-25,698.9466552734375,698.9466552734375,688.02561378479,698.9466552734375,19035000
2010-01-26,702.58700243632,706.2273495992024,695.3063081105549,698.9466552734375,87990000
2010-01-27,688.0256958007812,702.5870861880994,688.0256958007812,688.0256958007812,38155000
2010-01-28,709.8678588867188,709.8678588867188,688.0257709209736,709.8678588867188,33752500
2010-01-29,728.0695190429688,728.0695190429688,695.3063906860352,728.0695190429688,59592500
2010-02-01,706.2273559570312,717.1483975439957,702.5870087613764,706.2273559570312,38507500
2010-02-02,695.306396484375,709.8677869866656,691.6660488588024,695.306396484375,52677500
2010-02-03,695.306396484375,702.5870917355203,691.6660488588024,695.306396484375,31232500
2010-02-04,691.6660766601562,702.5871199758429,688.0257288882607,691.6660766601562,35072500
2010-02-05,662.5433349609375,677.104726938101,662.5433349609375,662.5433349609375,144220000
2010-02-08,658.9027099609375,662.5430564248101,644.3413241054471,658.9027099609375,82680000
2010-02-09,669.8240356445312,669.8240356445312,647.9819475256878,669.8240356445312,87217500
2010-02-10,662.5433349609375,677.104726938101,655.2626389723558,662.5433349609375,111352500
2010-02-11,673.4642333984375,673.4642333984375,658.902844568201,673.4642333984375,42910000
2010-02-12,673.4642333984375,677.1045806059966,669.8238861908784,673.4642333984375,32655000
2010-02-15,662.5433349609375,673.4643789438102,662.5433349609375,662.5433349609375,8075000
2010-02-16,680.744873046875,684.3852199615642,666.1834853881182,680.744873046875,25492500
2010-02-17,698.9466552734375,702.58700243632,684.3852666219075,698.9466552734375,102187500
2010-02-18,702.5870361328125,706.2273834702881,691.6659941203853,702.5870361328125,44107500
2010-02-19,706.2273559570312,709.867703152686,695.3063143700668,706.2273559570312,59805000
2010-02-22,728.0695190429688,742.6309094238281,706.2274334716798,728.0695190429688,126982500
2010-02-23,720.7887573242188,728.0694518426452,717.1484100650055,720.7887573242188,29417500
2010-02-24,735.3502807617188,735.3502807617188,713.508193214341,735.3502807617188,46500000
2010-02-25,709.8678588867188,728.0695988581731,706.227510892428,709.8678588867188,43217500
2010-03-01,698.9466552734375,717.1483910878499,698.9466552734375,698.9466552734375,54977500
2010-03-02,713.5082397460938,717.1485879080636,706.2275434221541,713.5082397460938,59565000
2010-03-03,702.5870361328125,717.1484254827153,702.5870361328125,702.5870361328125,22262500
2010-03-04,720.7887573242188,728.0694518426452,702.5870210281525,720.7887573242188,80647500
2010-03-05,728.0695190429688,735.3502142333984,717.1484762573242,728.0695190429688,27190000
2010-03-08,735.3502807617188,742.6309766108446,728.0695849125927,735.3502807617188,101510000
2010-03-09,757.1922607421875,757.1922607421875,728.0694814828727,757.1922607421875,68597500
2010-03-10,749.9114379882812,757.1921315609831,742.6307444155794,749.9114379882812,25587500
2010-03-11,757.1922607421875,771.753650371845,749.9115659273589,757.1922607421875,97727500
2010-03-12,742.6307983398438,771.7535747453278,742.6307983398438,742.6307983398438,24825000
2010-03-15,757.1922607421875,779.0343451866737,742.6308711125301,757.1922607421875,83520000
2010-03-17,771.753714725889,844.5606689453125,771.753714725889,844.5606689453125,162297500
2010-03-18,837.2798702694955,844.560564793578,793.5957031250001,793.595703125,86902500
2010-03-19,793.5957031250001,822.7184812213303,771.7536195527523,793.595703125,88387500
2010-03-22,793.5957031250001,815.4377866972478,786.3150086009175,793.595703125,25450000
2010-03-23,815.4379272460938,822.7186230250767,793.5958399091447,815.4379272460938,25870000
2010-03-24,829.9992065429689,829.9992065429689,815.4378169544957,829.9992065429688,49425000
2010-03-25,837.280029296875,837.280029296875,815.4379415760869,837.280029296875,49617500
2010-03-26,837.280029296875,851.8414211107337,829.9993333899456,837.280029296875,49207500
2010-03-29,815.4379272460938,837.2800145830427,808.1572314671107,815.4379272460938,73050000
2010-03-30,808.1571044921876,837.2798830324466,800.8764098571228,808.1571044921875,22600000
2010-03-31,800.8762817382811,829.9990556196732,786.3148947975852,800.8762817382812,56682500
2010-04-01,793.5957031250001,822.7184812213303,793.5957031250001,793.595703125,30090000
2010-04-05,815.4379415760869,844.5607252038043,815.4379415760869,837.280029296875,63510000
2010-04-06,829.9992065429689,902.8061544853344,829.9992065429689,829.9992065429688,70010000
2010-04-07,851.8413085937501,880.964088374733,829.9992237580129,851.84130859375,63040000
2010-04-08,866.4026743120852,866.4026743120852,815.4378111172567,822.718505859375,52942500
2010-04-09,808.1571044921876,829.9991883973818,808.1571044921876,808.1571044921875,24150000
2010-04-12,808.1571389222757,851.8413085937501,808.1571389222757,851.84130859375,34100000
2010-04-13,851.8412909256785,859.1219857199151,829.9992065429689,829.9992065429688,15842500
2010-04-14,844.5606689453125,851.8413643672549,837.2799735233701,844.5606689453125,21332500
2010-04-15,844.5606689453125,851.8413643672549,829.9992781014278,844.5606689453125,31015000
2010-04-16,837.280029296875,844.5607252038043,808.1572456691575,837.280029296875,23242500
2010-04-19,822.718505859375,829.9992006014934,808.1571163751383,822.718505859375,23337500
2010-04-20,851.8413085937501,851.8413085937501,822.7185288127672,851.84130859375,84177500
2010-04-21,837.280029296875,859.122117017663,837.280029296875,837.280029296875,34060000
2010-04-22,829.9992065429689,837.2799013372054,815.4378169544957,829.9992065429688,82577500
2010-04-23,829.9992065429689,829.9992065429689,815.4378169544957,829.9992065429688,21560000
2010-04-26,829.9992065429689,837.2799013372054,829.9992065429689,829.9992065429688,15572500
2010-04-27,829.9992065429689,837.2799013372054,815.4378169544957,829.9992065429688,43650000
2010-04-28,793.5957031250001,815.4377866972478,786.3150086009175,793.595703125,189310000
2010-04-29,793.5957031250001,815.4377866972478,786.3150086009175,793.595703125,105970000
2010-04-30,793.5957031250001,815.4377866972478,793.5957031250001,793.595703125,222497500
2010-05-03,800.8762817382811,800.8762817382811,786.3148947975852,800.8762817382812,73280000
2010-05-04,800.8762817382811,808.1569752086292,786.3148947975852,800.8762817382812,68060000
2010-05-05,757.1922607421875,786.3150400015024,749.9115659273589,757.1922607421875,165802500
2010-05-06,742.6307983398438,764.4728806439567,720.7887160357307,742.6307983398438,168800000
2010-05-07,717.1484375,728.0694796954315,702.5870479060914,717.1484375,166700000
2010-05-10,728.0694814828727,764.4729555570162,728.0694814828727,757.1922607421875,170602500
2010-05-11,764.4728251336848,771.7535187063866,742.6307444155794,749.9114379882812,149087500
2010-05-12,749.9114379882812,757.1921315609831,742.6307444155794,749.9114379882812,48815000
2010-05-14,764.4730834960938,771.7537795293899,749.9116914295015,764.4730834960938,90022500
2010-05-17,779.0343627929688,779.0343627929688,735.3501929167276,779.0343627929688,57930000
2010-05-18,793.5957031250001,808.1570921731652,771.7536195527523,793.595703125,155627500
2010-05-19,764.4730834960938,793.5958676292784,757.1923874627977,764.4730834960938,83387500
2010-05-20,757.1922607421875,771.753650371845,735.3501762977014,757.1922607421875,100820000
2010-05-21,742.6307983398438,749.9114924412147,724.4290630864161,742.6307983398438,97032500
2010-05-24,749.9114379882812,779.0342122790883,742.6307444155794,749.9114379882812,81047500
2010-05-25,728.0695190429688,735.3502142333984,720.788823852539,728.0695190429688,97905000
2010-05-26,764.4730834960938,764.4730834960938,728.0696033296131,764.4730834960938,79927500
2010-05-27,771.7537231445312,771.7537231445312,735.3502456377137,771.7537231445312,91890000
2010-05-31,808.1571044921876,815.4377991272523,771.7536313168638,808.1571044921875,176372500
2010-06-01,781.6118774414062,811.1066652693838,781.6118774414062,781.6118774414062,63780000
2010-06-02,803.7328491210939,811.1065449845901,781.611761530605,803.7328491210938,38995000
2010-06-03,818.4803466796876,825.8540434966217,811.1066498627534,818.4803466796875,66697500
2010-06-04,833.2277221679688,833.2277221679688,818.4803288552613,833.2277221679688,97427500
2010-06-07,811.1065063476562,818.4802018599077,774.2380287863991,811.1065063476562,53332500
2010-06-08,825.8541259765625,825.8541259765625,811.1067308698382,825.8541259765625,18865000
2010-06-09,825.8541259765625,825.8541259765625,803.733033316476,825.8541259765625,14632500
2010-06-10,803.7328491210939,833.2276325750789,788.9854573941012,803.7328491210938,25792500
2010-06-11,803.7328491210939,825.8539367115826,803.7328491210939,803.7328491210938,23995000
2010-06-14,803.7328491210939,811.1065449845901,803.7328491210939,803.7328491210938,7280000
2010-06-15,811.1065063476562,833.2275928844105,803.7328108354048,811.1065063476562,48675000
2010-06-16,833.2277221679688,840.6014188243224,825.854025511615,833.2277221679688,36692500
2010-06-17,825.8541259765625,847.975218636649,818.4804284232004,825.8541259765625,140135000
2010-06-18,840.6014404296876,855.3488341214364,818.4803498920642,840.6014404296875,138940000
2010-06-21,855.348876953125,870.0962713833512,840.6014825228987,855.348876953125,99095000
2010-06-22,862.7225341796876,877.4699279263489,855.3488373063569,862.7225341796875,74737500
2010-06-23,855.348876953125,862.7225741682381,840.6014825228987,855.348876953125,22247500
2010-06-24,833.2277221679688,862.7225087933836,833.2277221679688,833.2277221679688,22237500
2010-06-25,847.9752197265625,855.3489172894022,840.6015221637228,847.9752197265625,17182500
2010-06-28,855.348876953125,870.0962713833512,855.348876953125,855.348876953125,23612500
2010-06-29,855.348876953125,870.0962713833512,840.6014825228987,855.348876953125,29610000
2010-06-30,833.2280191373425,884.8439141281513,833.2280191373425,877.47021484375,47522500
2010-07-01,840.6014404296876,877.4699246590599,833.2277435838131,840.6014404296875,45510000
2010-07-02,825.8541259765625,847.975218636649,818.4804284232004,825.8541259765625,32860000
2010-07-05,825.8541259765625,833.2278235299246,818.4804284232004,825.8541259765625,13822500
2010-07-06,840.6014404296876,855.3488341214364,811.1066530461898,840.6014404296875,30530000
2010-07-07,855.348876953125,855.348876953125,840.6014825228987,855.348876953125,25077500
2010-07-08,847.9752197265625,870.0963124150816,847.9752197265625,847.9752197265625,50300000
2010-07-09,862.7225341796876,877.4699279263489,855.3488373063569,862.7225341796875,37857500
2010-07-12,870.0961914062499,884.8435844809321,855.3487983315678,870.09619140625,31345000
2010-07-13,870.0961914062499,884.8435844809321,870.0961914062499,870.09619140625,20750000
2010-07-14,877.47021484375,884.8439141281513,870.0965155593487,877.47021484375,37702500
2010-07-15,870.0961914062499,877.4698879435911,870.0961914062499,870.09619140625,10990000
2010-07-16,892.2173461914061,892.2173461914061,870.0962549635201,892.2173461914062,53175000
2010-07-19,877.47021484375,884.8439141281513,870.0965155593487,877.47021484375,24957500
2010-07-20,877.47021484375,877.47021484375,855.3491169905462,877.47021484375,38907500
2010-07-21,877.47021484375,884.8439141281513,870.0965155593487,877.47021484375,44420000
2010-07-22,877.47021484375,884.8439141281513,870.0965155593487,877.47021484375,28990000
2010-07-23,884.8436279296875,892.2173248291016,884.8436279296875,884.8436279296875,30435000
2010-07-26,877.47021484375,899.5913126969538,877.47021484375,877.47021484375,18632500
2010-07-27,884.8436279296875,899.5910217285157,884.8436279296875,884.8436279296875,51112500
2010-07-28,884.8436279296875,906.9647186279298,884.8436279296875,884.8436279296875,34165000
2010-07-29,914.338623046875,914.338623046875,892.2175273279989,914.338623046875,52437500
2010-07-30,877.47021484375,929.0861098345588,877.47021484375,877.47021484375,51642500
2010-08-02,877.47021484375,892.2176134125525,870.0965155593487,877.47021484375,51620000
2010-08-03,847.9752197265625,884.8437075407609,833.2278246008832,847.9752197265625,110575000
2010-08-04,847.9752197265625,870.0963124150816,833.2278246008832,847.9752197265625,47535000
2010-08-05,877.47021484375,892.2176134125525,862.7228162749475,877.47021484375,45402500
2010-08-06,884.8436279296875,892.2173248291016,870.0962341308594,884.8436279296875,23047500
2010-08-09,906.9649047851562,906.9649047851562,870.0964127207191,906.9649047851562,29055000
2010-08-10,884.8436279296875,899.5910217285157,877.4699310302735,884.8436279296875,31437500
2010-08-11,877.47021484375,892.2176134125525,862.7228162749475,877.47021484375,27060000
2010-08-12,870.0961914062499,877.4698879435911,855.3487983315678,870.09619140625,14530000
2010-08-13,884.8436279296875,892.2173248291016,870.0962341308594,884.8436279296875,24037500
2010-08-16,870.0961914062499,899.5909775556144,870.0961914062499,870.09619140625,33652500
2010-08-18,884.8436279296875,884.8436279296875,870.0962341308594,884.8436279296875,54657500
2010-08-19,877.47021484375,899.5913126969538,877.47021484375,877.47021484375,55960000
2010-08-20,884.8436279296875,899.5910217285157,877.4699310302735,884.8436279296875,30572500
2010-08-23,892.2173461914061,899.5910432673683,884.8436491154441,892.2173461914062,13170000
2010-08-24,892.2173461914061,906.9647403433303,892.2173461914061,892.2173461914062,36465000
2010-08-25,892.2173461914061,899.5910432673683,877.4699520394821,892.2173461914062,20832500
2010-08-26,877.47021484375,892.2176134125525,877.47021484375,877.47021484375,21760000
2010-08-27,870.0961914062499,884.8435844809321,855.3487983315678,870.09619140625,66232500
2010-08-30,855.348876953125,877.4699685984644,847.9751797380118,855.348876953125,34660000
2010-08-31,855.348876953125,870.0962713833512,847.9751797380118,855.348876953125,37080000
2010-09-01,892.2173461914061,899.5910432673683,862.7225578875581,892.2173461914062,43047500
2010-09-02,870.0961914062499,899.5909775556144,862.7224948689088,870.09619140625,66080000
2010-09-03,884.8436279296875,884.8436279296875,870.0962341308594,884.8436279296875,40217500
2010-09-06,892.2173461914061,892.2173461914061,877.4699520394821,892.2173461914062,52815000
2010-09-07,892.2173461914061,892.2173461914061,877.4699520394821,892.2173461914062,28272500
2010-09-15,899.5911649263822,988.0755418043871,899.5911649263822,958.5807495117188,140677500
2010-09-16,936.4593505859375,958.5804376076526,929.0856549120325,936.4593505859375,52155000
2010-09-17,958.5807495117188,958.5807495117188,943.8333533653847,958.5807495117188,42170000
2010-09-20,951.2069702148438,973.3280625454215,921.7121804407401,951.2069702148438,40667500
2010-09-21,943.8330688476562,965.9541563987733,914.338285446167,943.8330688476562,58230000
2010-09-22,921.7120361328125,958.5805175781251,921.7120361328125,921.7120361328125,49210000
2010-09-23,943.8330688476562,951.2067646980287,921.7119812965393,943.8330688476562,23255000
2010-09-24,958.5807495117188,980.70184373122,951.2070514385517,958.5807495117188,78577500
2010-09-27,988.0751953125,1002.8225862873134,973.3278043376865,988.0751953125,61030000
2010-09-28,995.4491577148438,1010.1965526439526,980.701762785735,995.4491577148438,51845000
2010-09-29,1002.8226318359375,1002.8226318359375,988.0752401912913,1002.8226318359375,54582500
2010-09-30,988.0751953125,1017.5699772621268,988.0751953125,988.0751953125,51877500
2010-10-01,1032.3173828125,1032.3173828125,1002.8226004464285,1032.3173828125,69325000
2010-10-04,1010.1966552734375,1032.3177499144617,1002.8229570597628,1010.1966552734375,67662500
2010-10-05,1002.8226318359375,1017.5700234805836,988.0752401912913,1002.8226318359375,80902500
2010-10-06,1017.5703125000001,1017.5703125000001,1002.8229166666667,1017.5703125,53687500
2010-10-07,1024.9442138671875,1024.9442138671875,1002.823115726169,1024.9442138671875,42997500
2010-10-08,1010.1966552734375,1017.5703534871122,995.449258846088,1010.1966552734375,29765000
2010-10-11,995.4491577148438,1017.570250108507,995.4491577148438,995.4491577148438,20362500
2010-10-12,995.4491577148438,1010.1965526439526,995.4491577148438,995.4491577148438,26775000
2010-10-13,1002.8226318359375,1002.8226318359375,980.7015443689683,1002.8226318359375,79412500
2010-10-14,1002.8226318359375,1017.5700234805836,995.4489360136145,1002.8226318359375,62847500
2010-10-15,980.7019653320314,1002.8230622944079,973.3282663445724,980.7019653320312,57540000
2010-10-18,973.327880859375,988.075272993608,965.9541847922585,973.327880859375,23737500
2010-10-19,995.4491577148438,995.4491577148438,973.3280653211806,995.4491577148438,26372500
2010-10-20,1002.8226318359375,1002.8226318359375,973.3278485466452,1002.8226318359375,29332500
2010-10-21,1002.8226318359375,1017.5700234805836,1002.8226318359375,1002.8226318359375,34870000
2010-10-22,1010.1966552734375,1017.5703534871122,1002.8229570597628,1010.1966552734375,74575000
2010-10-25,1017.5703125000001,1024.9440104166667,1010.1966145833334,1017.5703125,60352500
2010-10-26,1039.691162109375,1047.0648582945478,1017.5700735538563,1039.691162109375,156982500
2010-10-27,1032.3173828125,1047.0647739955357,1017.5699916294643,1032.3173828125,50765000
2010-10-28,1010.1966552734375,1024.944051700787,1010.1966552734375,1010.1966552734375,25535000
2010-10-29,1032.3173828125,1032.3173828125,1010.1962960379465,1032.3173828125,31145000
2010-11-01,1039.691162109375,1039.691162109375,1017.5700735538563,1039.691162109375,38750000
2010-11-02,1039.691162109375,1047.0648582945478,1017.5700735538563,1039.691162109375,63380000
2010-11-03,1054.438720703125,1054.438720703125,1032.317628660402,1054.438720703125,53247500
2010-11-04,1054.438720703125,1054.438720703125,1024.9439313128278,1054.438720703125,62787500
2010-11-05,1047.06494140625,1054.4386381767165,1039.6912446357835,1047.06494140625,18817500
2010-11-08,1054.438720703125,1054.438720703125,1017.5702339652535,1054.438720703125,40787500
2010-11-09,1032.3173828125,1061.8121651785714,1024.9436872209822,1032.3173828125,89047500
2010-11-10,1039.691162109375,1039.691162109375,1017.5700735538563,1039.691162109375,45297500
2010-11-11,1024.9442138671875,1047.0653120082059,1010.1968151065084,1024.9442138671875,61105000
2010-11-12,1017.5703125000001,1024.9440104166667,1010.1966145833334,1017.5703125,32450000
2010-11-15,1002.8226318359375,1024.9437193029066,995.4489360136145,1002.8226318359375,30840000
2010-11-16,1039.691162109375,1039.691162109375,1002.8226811835107,1039.691162109375,43115000
2010-11-18,1010.1966552734375,1039.6914481281365,995.449258846088,1010.1966552734375,107235000
2010-11-19,1024.9442138671875,1024.9442138671875,1002.823115726169,1024.9442138671875,70927500
2010-11-22,1008.9926757812499,1023.8308033662684,1001.5736119887407,1008.99267578125,70885000
2010-11-23,979.3164672851562,1008.992723869555,971.8974031390566,979.3164672851562,97042500
2010-11-24,979.3164672851562,994.1545955773556,964.4783389929569,979.3164672851562,73470000
2010-11-25,979.3164672851562,994.1545955773556,971.8974031390566,979.3164672851562,36077500
2010-11-26,957.0594482421875,986.7357102031856,949.640382751938,957.0594482421875,56182500
2010-11-29,957.0594482421875,957.0594482421875,927.3831862811894,957.0594482421875,37220000
2010-11-30,897.7069091796875,957.0594321006586,897.7069091796875,897.7069091796875,120562500
2010-12-01,949.6401977539062,957.0592617988586,912.5448775291443,949.6401977539062,104555000
2010-12-02,964.4786376953125,986.7358370267428,964.4786376953125,964.4786376953125,81537500
2010-12-03,957.0594482421875,979.3166447129361,949.640382751938,957.0594482421875,28212500
2010-12-06,971.8976440429688,979.3167100280295,949.6404460877862,971.8976440429688,45037500
2010-12-08,994.1546020507812,994.1546020507812,979.3164736619636,994.1546020507812,97242500
2010-12-09,979.3164672851562,1001.5736597234553,971.8974031390566,979.3164672851562,55515000
2010-12-10,971.8976440429688,994.1548419981511,949.6404460877862,971.8976440429688,61057500
2010-12-13,949.6401977539062,979.3164539337158,934.8020696640015,949.6401977539062,69262500
2010-12-14,964.4786376953125,971.8977041391227,949.6405048076923,964.4786376953125,53307500
2010-12-15,964.4786376953125,971.8977041391227,934.8023719200721,964.4786376953125,68772500
2010-12-16,949.6401977539062,964.478325843811,927.3830056190491,949.6401977539062,65460000
2010-12-17,994.1546020507812,994.1546020507812,942.2211526899196,994.1546020507812,108775000
2010-12-20,979.3164672851562,994.1545955773556,957.0592748468573,979.3164672851562,37627500
2010-12-21,986.7359008789062,994.1549678028077,971.8977670311032,986.7359008789062,40780000
2010-12-22,957.0594482421875,994.1547756934351,949.640382751938,957.0594482421875,42852500
2010-12-23,942.2211303710938,971.8973864457739,927.3830023337537,942.2211303710938,47290000
2010-12-27,957.0594482421875,971.8975792226865,949.640382751938,957.0594482421875,37525000
2010-12-28,957.0594482421875,979.3166447129361,957.0594482421875,957.0594482421875,24520000
2010-12-29,964.4786376953125,979.3167705829327,957.0595712515025,964.4786376953125,36677500
2010-12-30,949.6401977539062,994.1545820236206,949.6401977539062,949.6401977539062,59500000
2011-01-03,957.0594482421875,986.7357102031856,957.0594482421875,957.0594482421875,30687500
2011-01-04,964.4786376953125,986.7358370267428,964.4786376953125,964.4786376953125,60622500
2011-01-05,979.3164672851562,986.7355314312559,957.0592748468573,979.3164672851562,93312500
2011-01-06,971.8976440429688,986.7357760130903,957.059512072847,971.8976440429688,56425000
2011-01-07,949.6401977539062,964.478325843811,934.8020696640015,949.6401977539062,108225000
2011-01-10,875.4496459960939,942.2212291652874,875.4496459960939,875.4496459960938,206805000
2011-01-11,845.7733764648438,905.1258941114994,838.3543117590118,845.7733764648438,174027500
2011-01-12,860.6116333007812,875.4497649094154,853.1925674964642,860.6116333007812,108485000
2011-01-13,875.4496459960939,905.1259051824021,860.6115164029396,875.4496459960938,130262500
2011-01-14,897.7069091796875,897.7069091796875,853.1925169889593,897.7069091796875,75755000
2011-01-17,882.8690795898438,890.2881474855568,860.6118759027048,882.8690795898438,69715000
2011-01-18,860.6116333007812,882.8688307137325,853.1925674964642,860.6116333007812,96855000
2011-01-19,853.192626953125,868.0307595957881,838.354494310462,853.192626953125,78937500
2011-01-20,845.7733764648438,853.1924411706757,830.9352470531798,845.7733764648438,48695000
2011-01-21,808.677978515625,823.5161065617832,793.8398504694667,808.677978515625,202035000
2011-01-24,801.2589721679688,816.0971012821904,786.420843053747,801.2589721679688,139710000
2011-01-25,830.9354248046875,845.7735573904855,801.2591596330916,830.9354248046875,159697500
2011-01-26,868.0305786132812,868.0305786132812,808.6780604175013,868.0305786132812,127820000
2011-01-27,875.4496459960939,890.287775589248,853.1924516063626,875.4496459960938,107552500
2011-01-28,860.6116333007812,868.0306991050984,838.35443588783,860.6116333007812,88790000
2011-01-31,838.3543090820312,845.7733737641731,823.5161797177475,838.3543090820312,111635000
2011-02-01,838.3543090820312,853.192438446315,830.9352443998894,838.3543090820312,124292500
2011-02-02,868.0305786132812,868.0305786132812,853.1924490643363,868.0305786132812,57712500
2011-02-04,890.2879028320311,890.2879028320311,853.1925735473632,890.2879028320312,52730000
2011-02-07,897.7069091796875,897.7069091796875,875.4497130843233,897.7069091796875,72517500
2011-02-08,890.2879028320311,897.7069686889648,875.449771118164,890.2879028320312,47717500
2011-02-09,875.4496459960939,890.287775589248,860.6115164029396,875.4496459960938,51515000
2011-02-10,845.7733764648438,860.6115058765076,823.5161823473478,845.7733764648438,156037500
2011-02-11,882.8690795898438,890.2881474855568,838.354672215566,882.8690795898438,82470000
2011-02-14,905.1260375976561,905.1260375976561,882.8688399518122,905.1260375976562,51780000
2011-02-16,897.7069091796875,905.1259745448089,882.8687784494448,897.7069091796875,74892500
2011-02-17,890.2879028320311,905.1260345458984,882.8688369750976,890.2879028320312,60722500
2011-02-18,912.545166015625,919.964232405996,897.7070332348832,912.545166015625,114060000
2011-02-21,927.3830566406251,927.3830566406251,912.544927734375,927.383056640625,39370000
2011-02-22,927.3830566406251,942.2211855468751,912.544927734375,927.383056640625,97897500
2011-02-23,949.6401977539062,957.0592617988586,919.9639415740967,949.6401977539062,84700000
2011-02-24,927.3830566406251,942.2211855468751,912.544927734375,927.383056640625,79745000
2011-02-25,905.1260375976561,927.3832352435002,897.7069717157082,905.1260375976562,36402500
2011-02-28,934.8023071289062,934.8023071289062,905.1260434105283,934.8023071289062,93285000
2011-03-01,957.0594482421875,964.478513732437,934.8022517714389,957.0594482421875,72402500
2011-03-02,964.4786376953125,971.8977041391227,942.2214383638822,964.4786376953125,75597500
2011-03-03,986.7359008789062,1001.5740347267093,964.4787001072016,986.7359008789062,127657500
2011-03-04,1008.9926757812499,1016.4117395737592,994.1545481962315,1008.99267578125,81507500
2011-03-07,1023.8312377929688,1031.2503047334976,1008.9931039119112,1023.8312377929688,63065000
2011-03-08,1016.4119262695312,1038.6691217352873,1008.9928611142791,1016.4119262695312,53710000
2011-03-09,1016.4119262695312,1038.6691217352873,1016.4119262695312,1016.4119262695312,89597500
2011-03-10,1023.8312377929688,1023.8312377929688,1008.9931039119112,1023.8312377929688,21752500
2011-03-11,1008.9926757812499,1008.9926757812499,979.3164206112132,1008.99267578125,82232500
2011-03-14,1008.9926757812499,1008.9926757812499,986.7354844037224,1008.99267578125,34250000
2011-03-15,986.7359008789062,994.1549678028077,971.8977670311032,986.7359008789062,79232500
2011-03-16,994.1546020507812,994.1546020507812,971.8974094675548,994.1546020507812,71250000
2011-03-17,971.8976440429688,986.7357760130903,964.4785780579078,971.8976440429688,45040000
2011-03-18,971.8976440429688,986.7357760130903,971.8976440429688,971.8976440429688,47140000
2011-03-21,994.1546020507812,994.1546020507812,971.8974094675548,994.1546020507812,18092500
2011-03-22,1001.5738525390625,1001.5738525390625,986.7357213903357,1001.5738525390625,36987500
2011-03-23,1001.5736119887407,1023.8308033662684,994.1545481962315,1008.99267578125,132667500
2011-03-24,1016.4119262695312,1023.8309914247833,986.735665648523,1016.4119262695312,76077500
2011-03-25,1023.8312377929688,1031.2503047334976,1016.41217085244,1023.8312377929688,84322500
2011-03-28,1031.25048828125,1031.25048828125,1008.9932834982014,1031.25048828125,12435000
2011-03-29,1031.25048828125,1038.6695565422663,1016.4123517592177,1031.25048828125,35272500
2011-03-30,1016.4119262695312,1031.2500565800353,1008.9928611142791,1016.4119262695312,33162500
2011-03-31,1031.25048828125,1038.6695565422663,1016.4123517592177,1031.25048828125,67942500
2011-04-01,1053.5072021484375,1053.5072021484375,1031.2500077368509,1053.5072021484375,113392500
2011-04-04,1038.6690673828125,1060.9262616838728,1023.8309378487724,1038.6690673828125,32142500
2011-04-05,1038.6690673828125,1038.6690673828125,1023.8309378487724,1038.6690673828125,25945000
2011-04-06,1031.25048828125,1038.6695565422663,1008.9932834982014,1031.25048828125,60717500
2011-04-07,1046.088134765625,1046.088134765625,1031.2500051944814,1046.088134765625,64167500
2011-04-08,1038.6690673828125,1060.9262616838728,1038.6690673828125,1038.6690673828125,69687500
2011-04-11,1053.5072021484375,1068.345331756162,1038.6690725407132,1053.5072021484375,76545000
2011-04-12,1046.088134765625,1053.507199551197,1031.2500051944814,1046.088134765625,24292500
2011-04-13,1060.9263916015625,1060.9263916015625,1038.6691945749562,1060.9263916015625,36337500
2011-04-14,1060.9263916015625,1068.345457277098,1046.0882602504917,1060.9263916015625,36335000
2011-04-15,1083.18359375,1083.18359375,1053.5073309075342,1083.18359375,53817500
2011-04-18,1098.021484375,1105.4405484586148,1075.7642921241554,1098.021484375,56122500
2011-04-19,1105.44091796875,1105.44091796875,1075.7646517145554,1105.44091796875,34050000
2011-04-20,1120.2791748046875,1120.2791748046875,1090.6029052734375,1120.2791748046875,53392500
2011-04-21,1112.8594970703125,1142.535750325521,1105.4404337565104,1112.8594970703125,31302500
2011-04-25,1112.8594970703125,1135.1166870117188,1112.8594970703125,1112.8594970703125,3702500
2011-04-26,1120.2791748046875,1127.6982421875,1090.6029052734375,1120.2791748046875,26105000
2011-04-27,1112.8594970703125,1127.6976236979167,1105.4404337565104,1112.8594970703125,15235000
2011-04-28,1127.69775390625,1127.69775390625,1112.8596255653783,1127.69775390625,25942500
2011-04-29,1098.021484375,1127.6977407094594,1090.6024202913852,1098.021484375,40062500
2011-05-02,1112.8594970703125,1112.8594970703125,1098.0213704427083,1112.8594970703125,11520000
2011-05-03,1075.7645263671875,1112.8598548626078,1075.7645263671875,1075.7645263671875,29397500
2011-05-04,1090.6025390625,1090.6025390625,1053.5072146045918,1090.6025390625,66220000
2011-05-05,1060.9263916015625,1075.7645229526333,1060.9263916015625,1060.9263916015625,48987500
2011-05-06,1083.18359375,1083.18359375,1046.0882651969177,1083.18359375,39665000
2011-05-09,1068.3453369140625,1083.1834665934246,1068.3453369140625,1068.3453369140625,17860000
2011-05-10,1083.18359375,1090.6026594606165,1068.345462328767,1083.18359375,8327500
2011-05-11,1090.6025390625,1090.6025390625,1068.3453443877552,1090.6025390625,32395000
2011-05-12,1068.3453369140625,1083.1834665934246,1068.3453369140625,1068.3453369140625,21392500
2011-05-13,1083.18359375,1090.6026594606165,1060.9263966181506,1083.18359375,56490000
2011-05-16,1053.5072021484375,1068.345331756162,1046.0881373445754,1053.5072021484375,61670000
2011-05-18,1060.9263916015625,1083.1835886281688,1053.507325926027,1060.9263916015625,93630000
2011-05-19,1075.7645263671875,1098.0217234644397,1068.3454606681034,1075.7645263671875,45402500
2011-05-20,1083.18359375,1098.021725171233,1068.345462328767,1083.18359375,50617500
2011-05-23,1060.9263916015625,1075.7645229526333,1046.0882602504917,1060.9263916015625,57972500
2011-05-24,1046.088134765625,1060.9262643367686,1038.669069980053,1046.088134765625,65605000
2011-05-25,1053.5072021484375,1053.5072021484375,1038.6690725407132,1053.5072021484375,38462500
2011-05-26,1075.7645263671875,1075.7645263671875,1046.0882635708513,1075.7645263671875,45005000
2011-05-27,1060.9263916015625,1068.345457277098,1053.507325926027,1060.9263916015625,34222500
2011-05-30,1053.5072021484375,1068.345331756162,1046.0881373445754,1053.5072021484375,35297500
2011-05-31,1053.5072021484375,1068.345331756162,1046.0881373445754,1053.5072021484375,58780000
2011-06-01,1053.5072021484375,1075.7643965600244,1053.5072021484375,1053.5072021484375,57902500
2011-06-03,1060.9263916015625,1068.345457277098,1046.0882602504917,1060.9263916015625,44422500
2011-06-06,1060.9263916015625,1068.345457277098,1053.507325926027,1060.9263916015625,8880000
2011-06-07,1063.9234619140625,1063.9234619140625,1048.9386244223151,1063.9234619140625,22255000
2011-06-08,1048.938232421875,1063.923064313616,1048.938232421875,1048.938232421875,42807500
2011-06-09,1048.938232421875,1063.923064313616,1048.938232421875,1048.938232421875,24090000
2011-06-10,1048.938232421875,1063.923064313616,1048.938232421875,1048.938232421875,28940000
2011-06-13,1048.938232421875,1063.923064313616,1048.938232421875,1048.938232421875,19725000
2011-06-14,1048.938232421875,1063.923064313616,1048.938232421875,1048.938232421875,20355000
2011-06-15,1071.4154052734375,1078.90782069493,1048.9381590089597,1071.4154052734375,56987500
2011-06-16,1063.9234619140625,1078.9082994058099,1056.4310431681888,1063.9234619140625,79695000
2011-06-17,1078.9080810546875,1086.400498284234,1071.415663825141,1078.9080810546875,93155000
2011-06-20,1086.400390625,1093.892807112069,1078.907974137931,1086.400390625,46735000
2011-06-21,1078.9080810546875,1101.385332743327,1078.9080810546875,1078.9080810546875,51507500
2011-06-22,1093.893310546875,1093.893310546875,1071.4160507411173,1093.893310546875,79382500
2011-06-23,1108.877685546875,1108.877685546875,1086.4004351641681,1108.877685546875,51712500
2011-06-24,1116.3702392578125,1123.862656970952,1101.385403831533,1116.3702392578125,72752500
2011-06-27,1116.3702392578125,1123.862656970952,1101.385403831533,1116.3702392578125,35657500
2011-06-28,1116.3702392578125,1131.3550746840917,1101.385403831533,1116.3702392578125,28940000
2011-06-30,1146.33984375,1153.8322610294117,1116.370174632353,1146.33984375,132837500
2011-07-01,1168.8173828125,1183.802221053686,1146.3401254507212,1168.8173828125,67542500
2011-07-04,1168.8173828125,1168.8173828125,1168.8173828125,1168.8173828125,0
2011-07-05,1176.3096923828125,1183.802110805633,1161.3248555371715,1176.3096923828125,61467500
2011-07-06,1168.8173828125,1168.8173828125,1131.3552872095354,1168.8173828125,48725000
2011-07-07,1168.8173828125,1191.2946401742788,1153.8325445713142,1168.8173828125,49885000
2011-07-08,1206.279052734375,1228.7563021642081,1176.309386827931,1206.279052734375,116662500
2011-07-11,1206.279052734375,1206.279052734375,1183.8018033045419,1206.279052734375,33392500
2011-07-12,1191.2940673828125,1213.7713139372052,1191.2940673828125,1191.2940673828125,50810000
2011-07-13,1191.2940673828125,1206.2788984190743,1183.8016518646816,1191.2940673828125,37732500
2011-07-14,1198.786865234375,1206.2792831420898,1176.3096115112305,1198.786865234375,44520000
2011-07-15,1243.7412109375,1243.7412109375,1198.7867093373493,1243.7412109375,62700000
2011-07-18,1221.2637939453125,1251.2334576004123,1221.2637939453125,1221.2637939453125,20880000
2011-07-19,1198.786865234375,1221.2641189575195,1176.3096115112305,1198.786865234375,56675000
2011-07-20,1198.786865234375,1213.7717010498047,1183.8020294189453,1198.786865234375,33077500
2011-07-21,1213.771484375,1221.2639009452162,1183.8018180941358,1213.771484375,31912500
2011-07-22,1236.2484130859375,1236.2484130859375,1221.263583836411,1236.2484130859375,46740000
2011-07-25,1221.2637939453125,1228.7562098590874,1206.2789621177626,1221.2637939453125,44627500
2011-07-26,1243.7412109375,1243.7412109375,1213.7715432040661,1243.7412109375,43510000
2011-07-27,1251.233642578125,1273.7108936424027,1228.7563915138473,1251.233642578125,65255000
2011-07-28,1228.75634765625,1236.2487644102514,1213.771514148247,1228.75634765625,34940000
2011-07-29,1243.7412109375,1243.7412109375,1206.2791262707078,1243.7412109375,50025000
2011-08-01,1281.203369140625,1281.203369140625,1236.2488649602524,1281.203369140625,61725000
2011-08-02,1311.1729736328125,1311.1729736328125,1273.710888671875,1311.1729736328125,39217500
2011-08-03,1303.680419921875,1326.1576685412176,1296.1880037154274,1303.680419921875,43412500
2011-08-04,1288.695556640625,1311.172804721566,1258.7258925327035,1288.695556640625,36387500
2011-08-05,1243.7412109375,1266.2184617375754,1198.7867093373493,1243.7412109375,213177500
2011-08-08,1206.279052734375,1213.771469210986,1131.3548879682646,1206.279052734375,255862500
2011-08-09,1176.3096923828125,1198.7869476512737,1086.4006713089668,1176.3096923828125,393682500
2011-08-10,1198.786865234375,1213.7717010498047,1176.3096115112305,1198.786865234375,150000000
2011-08-11,1176.3096923828125,1191.2945292284535,1161.3248555371715,1176.3096923828125,96177500
2011-08-12,1191.2940673828125,1198.7864829009434,1176.3092363465507,1191.2940673828125,80202500
2011-08-15,1221.2637939453125,1221.2637939453125,1191.294130290213,1221.2637939453125,51152500
2011-08-16,1221.2637939453125,1236.2486257728624,1206.2789621177626,1221.2637939453125,74242500
2011-08-18,1228.75634765625,1236.2487644102514,1191.2942638862423,1228.75634765625,89110000
2011-08-19,1198.786865234375,1198.786865234375,1161.3247756958008,1198.786865234375,150657500
2011-08-22,1161.3243408203125,1198.7864163306451,1153.8319257182459,1161.3243408203125,79432500
2011-08-23,1191.2940673828125,1191.2940673828125,1161.324405310289,1191.2940673828125,61300000
2011-08-24,1183.8021240234375,1198.7869610363925,1168.8172870104827,1183.8021240234375,72725000
2011-08-25,1198.786865234375,1206.2792831420898,1183.8020294189453,1198.786865234375,53972500
2011-08-26,1198.786865234375,1206.2792831420898,1168.8171936035155,1198.786865234375,84487500
2011-09-05,1221.2637939453125,1243.7410416866373,1206.2789621177626,1221.2637939453125,135552500
2011-09-06,1228.75634765625,1243.741181164253,1206.2790973942454,1228.75634765625,67305000
2011-09-07,1251.233642578125,1251.233642578125,1228.7563915138473,1251.233642578125,46445000
2011-09-08,1258.7259521484375,1266.2183685302734,1228.7562866210938,1258.7259521484375,55657500
2011-09-09,1251.233642578125,1273.7108936424027,1243.741225556699,1251.233642578125,49180000
2011-09-12,1206.279052734375,1243.74113511743,1206.279052734375,1206.279052734375,35762500
2011-09-13,1213.771484375,1228.756317515432,1191.294234664352,1213.771484375,26415000
2011-09-14,1161.3243408203125,1221.2636616368447,1161.3243408203125,1161.3243408203125,113207500
2011-09-15,1183.8021240234375,1183.8021240234375,1123.862775971618,1183.8021240234375,131155000
2011-09-16,1183.8021240234375,1206.27937954287,1161.3248685040053,1183.8021240234375,72417500
2011-09-19,1176.3096923828125,1191.2945292284535,1161.3248555371715,1176.3096923828125,15482500
2011-09-20,1191.2940673828125,1191.2940673828125,1146.3395742740272,1191.2940673828125,75652500
2011-09-21,1161.3243408203125,1198.7864163306451,1161.3243408203125,1161.3243408203125,56505000
2011-09-22,1063.9234619140625,1131.3552306269255,1056.4310431681888,1063.9234619140625,106810000
2011-09-23,1123.86279296875,1123.86279296875,1041.4461881510417,1123.86279296875,77040000
2011-09-26,1101.38525390625,1123.8625039859694,1063.923170440051,1101.38525390625,88715000
2011-09-27,1123.86279296875,1146.340048828125,1116.3703743489582,1123.86279296875,136180000
2011-09-28,1131.355224609375,1138.8476433153974,1116.3703871973303,1131.355224609375,60455000
2011-09-29,1146.33984375,1146.33984375,1123.8625919117646,1146.33984375,68760000
2011-09-30,1153.832275390625,1168.8171101359578,1116.3701885272928,1153.832275390625,93900000
2011-10-03,1101.38525390625,1123.8625039859694,1078.9080038265306,1101.38525390625,48765000
2011-10-04,1078.9080810546875,1093.8929155137803,1056.430829366048,1078.9080810546875,69762500
2011-10-05,1093.893310546875,1101.3857304821277,1078.90847067637,1093.893310546875,34615000
2011-10-06,1123.86279296875,1131.3552115885416,1108.8779557291666,1123.86279296875,97712500
2011-10-07,1116.3702392578125,1161.3247455366504,1116.3702392578125,1116.3702392578125,61852500
2011-10-10,1123.86279296875,1131.3552115885416,1093.8931184895832,1123.86279296875,38945000
2011-10-11,1161.3243408203125,1183.8015861265121,1138.8470955141129,1161.3243408203125,82820000
2011-10-12,1191.2940673828125,1206.2788984190743,1161.324405310289,1191.2940673828125,55447500
2011-10-13,1198.786865234375,1221.2641189575195,1191.29444732666,1198.786865234375,48185000
2011-10-14,1191.2940673828125,1206.2788984190743,1191.2940673828125,1191.2940673828125,38470000
2011-10-17,1206.279052734375,1213.771469210986,1191.2942197811528,1206.279052734375,20700000
2011-10-18,1161.3243408203125,1191.2940012285785,1146.3395106161795,1161.3243408203125,62032500
2011-10-19,1176.3096923828125,1183.802110805633,1168.817273959992,1176.3096923828125,43955000
2011-10-20,1146.33984375,1168.8170955882354,1123.8625919117646,1146.33984375,123015000
2011-10-21,1146.33984375,1168.8170955882354,1131.3550091911766,1146.33984375,88665000
2011-10-24,1191.2940673828125,1198.7864829009434,1168.8168208284198,1191.2940673828125,39880000
2011-10-25,1198.786865234375,1213.7717010498047,1176.3096115112305,1198.786865234375,60845000
2011-10-26,1198.786865234375,1198.786865234375,1191.29444732666,1198.786865234375,17485000
2011-10-27,1191.2940673828125,1213.7713139372052,1183.8016518646816,1191.2940673828125,94132500
2011-10-28,1198.786865234375,1206.2792831420898,1183.8020294189453,1198.786865234375,81692500
2011-10-31,1213.771484375,1213.771484375,1176.3094015239199,1213.771484375,46517500
2011-11-01,1183.8021240234375,1206.27937954287,1176.30970551696,1183.8021240234375,40640000
2011-11-02,1191.2940673828125,1198.7864829009434,1153.831989792158,1191.2940673828125,72637500
2011-11-03,1168.8173828125,1183.802221053686,1153.8325445713142,1168.8173828125,46015000
2011-11-04,1198.786865234375,1206.2792831420898,1183.8020294189453,1198.786865234375,81922500
2011-11-07,1191.2940673828125,1198.7864829009434,1191.2940673828125,1191.2940673828125,19212500
2011-11-08,1228.75634765625,1228.75634765625,1191.2942638862423,1228.75634765625,62685000
2011-11-09,1243.7412109375,1258.7260448042168,1228.7563770707832,1243.7412109375,101030000
2011-11-10,1221.2637939453125,1228.7562098590874,1191.294130290213,1221.2637939453125,106470000
2011-11-11,1221.2637939453125,1236.2486257728624,1198.7865462039877,1221.2637939453125,59430000
2011-11-14,1236.2484130859375,1236.2484130859375,1221.263583836411,1236.2484130859375,35945000
2011-11-15,1221.2637939453125,1228.7562098590874,1206.2789621177626,1221.2637939453125,59007500
2011-11-16,1206.279052734375,1228.7563021642081,1198.786636257764,1206.279052734375,57665000
2011-11-17,1206.279052734375,1221.263885687597,1191.2942197811528,1206.279052734375,71010000
2011-11-18,1176.3096923828125,1191.2945292284535,1168.817273959992,1176.3096923828125,135915000
2011-11-21,1161.3243408203125,1176.3091710244455,1153.8319257182459,1161.3243408203125,86947500
2011-11-22,1168.8173828125,1176.309801933093,1161.3249636919072,1168.8173828125,89785000
2011-11-23,1153.832275390625,1161.3246927632913,1146.3398580179585,1153.832275390625,46025000
2011-11-24,1146.33984375,1161.3246783088236,1146.33984375,1146.33984375,44170000
2011-11-25,1116.3702392578125,1146.3399101103712,1116.3702392578125,1116.3702392578125,58897500
2011-11-28,1131.355224609375,1138.8476433153974,1116.3703871973303,1131.355224609375,71170000
2011-11-29,1153.832275390625,1176.3095275086241,1131.3550232726257,1153.832275390625,91865000
2011-11-30,1183.8021240234375,1191.294542529915,1153.8324499975276,1183.8021240234375,100960000
2011-12-01,1183.8021240234375,1183.8021240234375,1183.8021240234375,1183.8021240234375,0
2011-12-02,1198.786865234375,1198.786865234375,1183.8020294189453,1198.786865234375,25070000
2011-12-05,1206.279052734375,1206.279052734375,1191.2942197811528,1206.279052734375,32640000
2011-12-06,1183.8021240234375,1198.7869610363925,1183.8021240234375,1183.8021240234375,22985000
2011-12-07,1212.9580078125,1212.9580078125,1190.3563058035713,1212.9580078125,25502500
2011-12-08,1197.89013671875,1212.957937180621,1190.3562364878144,1197.89013671875,46430000
2011-12-09,1190.356689453125,1205.4244956487341,1175.2888832575159,1190.356689453125,33962500
2011-12-12,1205.4241943359375,1212.958095550537,1197.890293121338,1205.4241943359375,26842500
2011-12-13,1182.82275390625,1197.8905596884952,1175.2888510151274,1182.82275390625,54307500
2011-12-14,1190.356689453125,1205.4244956487341,1182.8227863553204,1190.356689453125,33220000
2011-12-15,1175.288818359375,1182.8227210411658,1160.2210129957932,1175.288818359375,57962500
2011-12-16,1205.4241943359375,1243.0937004089355,1182.8224906921387,1205.4241943359375,119220000
2011-12-19,1205.4241943359375,1205.4241943359375,1205.4241943359375,1205.4241943359375,0
2011-12-20,1190.356689453125,1212.9583987465387,1190.356689453125,1190.356689453125,21510000
2011-12-21,1197.89013671875,1212.957937180621,1190.3562364878144,1197.89013671875,68717500
2011-12-22,1197.89013671875,1212.957937180621,1197.89013671875,1197.89013671875,16920000
2011-12-23,1212.9580078125,1212.9580078125,1197.8902064732142,1212.9580078125,20207500
2011-12-27,1205.4241943359375,1212.958095550537,1190.3563919067383,1205.4241943359375,21387500
2011-12-28,1197.89013671875,1212.957937180621,1182.8223362568788,1197.89013671875,28450000
2011-12-29,1212.9580078125,1212.9580078125,1182.8224051339284,1212.9580078125,18447500
2011-12-30,1205.4241943359375,1212.958095550537,1197.890293121338,1205.4241943359375,24237500
2012-01-02,1205.4241943359375,1205.4241943359375,1197.890293121338,1205.4241943359375,7870000
2012-01-03,1220.4918212890625,1220.4918212890625,1197.8901208948207,1220.4918212890625,27775000
2012-01-04,1220.4918212890625,1228.0257214204764,1205.4240210262346,1220.4918212890625,87245000
2012-01-05,1212.9580078125,1228.0258091517856,1212.9580078125,1212.9580078125,57197500
2012-01-06,1205.4241943359375,1212.958095550537,1197.890293121338,1205.4241943359375,27190000
2012-01-09,1228.0257568359375,1228.0257568359375,1190.3562550925037,1228.0257568359375,46510000
2012-01-10,1228.0257568359375,1235.5596571846243,1220.4918564872507,1228.0257568359375,49875000
2012-01-11,1220.4918212890625,1243.0935216833045,1212.9579211576486,1220.4918212890625,73070000
2012-01-12,1228.0257568359375,1235.5596571846243,1212.957956138564,1228.0257568359375,63142500
2012-01-13,1205.4241943359375,1228.0258979797363,1205.4241943359375,1205.4241943359375,15
2012-01-16,1197.89013671875,1220.4918374115566,1190.3562364878144,1197.89013671875,16345000
2012-01-17,1197.89013671875,1205.4240369496854,1190.3562364878144,1197.89013671875,83357500
2012-01-18,1197.89013671875,1205.4240369496854,1190.3562364878144,1197.89013671875,53990000
2012-01-19,1205.4241943359375,1220.4919967651367,1197.890293121338,1205.4241943359375,85020000
2012-01-20,1205.4241943359375,1212.958095550537,1197.890293121338,1205.4241943359375,46197500
2012-01-24,1220.4918212890625,1220.4918212890625,1197.8901208948207,1220.4918212890625,38160000
2012-01-25,1212.9580078125,1220.491908482143,1205.424107142857,1212.9580078125,26652500
2012-01-26,1228.0257568359375,1228.0257568359375,1205.4240557898772,1228.0257568359375,43782500
2012-01-27,1220.4918212890625,1228.0257214204764,1212.9579211576486,1220.4918212890625,33117500
2012-01-30,1197.89013671875,1220.4918374115566,1182.8223362568788,1197.89013671875,32272500
2012-01-31,1205.4241943359375,1205.4241943359375,1182.8224906921387,1205.4241943359375,78315000
2012-02-01,1205.4241943359375,1212.958095550537,1197.890293121338,1205.4241943359375,27752500
2012-02-02,1220.4918212890625,1243.0935216833045,1197.8901208948207,1220.4918212890625,125027500
2012-02-03,1212.9580078125,1228.0258091517856,1212.9580078125,1212.9580078125,50905000
2012-02-06,1212.9580078125,1220.491908482143,1205.424107142857,1212.9580078125,50542500
2012-02-07,1190.356689453125,1212.9583987465387,1182.8227863553204,1190.356689453125,58400000
2012-02-08,1190.356689453125,1190.356689453125,1175.2888832575159,1190.356689453125,91372500
2012-02-09,1190.356689453125,1197.8905925509296,1182.8227863553204,1190.356689453125,58690000
2012-02-10,1137.619384765625,1190.3567072382036,1122.5515783448884,1137.619384765625,175732500
2012-02-13,1145.1529541015625,1145.1529541015625,1130.0851520739102,1145.1529541015625,119025000
2012-02-14,1115.0172119140625,1145.1528122360642,1107.483311833562,1115.0172119140625,135105000
2012-02-15,1099.949951171875,1130.0855662724744,1084.8821436215753,1099.949951171875,259055000
2012-02-16,1107.4835205078125,1107.4835205078125,1084.881816007653,1107.4835205078125,192460000
2012-02-17,1122.551513671875,1122.551513671875,1099.949805342911,1122.551513671875,125565000
2012-02-20,1122.551513671875,1130.0854164481962,1107.4837081192322,1122.551513671875,164060000
2012-02-21,1137.619384765625,1137.619384765625,1115.01767513452,1137.619384765625,194715000
2012-02-22,1137.619384765625,1137.619384765625,1122.5515783448884,1137.619384765625,70177500
2012-02-23,1130.0853271484375,1137.619229329427,1115.0175227864584,1130.0853271484375,66537500
2012-02-24,1122.551513671875,1122.551513671875,1099.949805342911,1122.551513671875,85332500
2012-02-27,1115.0172119140625,1130.0850120750633,1092.4155116725613,1115.0172119140625,59277500
2012-02-28,1122.551513671875,1130.0854164481962,1107.4837081192322,1122.551513671875,44117500
2012-02-29,1145.1529541015625,1152.6868551153884,1130.0851520739102,1145.1529541015625,97972500
2012-03-01,1152.6868896484375,1160.2207908879698,1130.0851859298407,1152.6868896484375,28105000
2012-03-02,1167.7545166015625,1167.7545166015625,1145.152816280242,1167.7545166015625,59080000
2012-03-05,1160.2208251953125,1160.2208251953125,1145.153022270698,1160.2208251953125,23535000
2012-03-06,1160.2208251953125,1160.2208251953125,1137.6191208083908,1160.2208251953125,45050000
2012-03-07,1130.0853271484375,1160.2209358723958,1130.0853271484375,1130.0853271484375,57577500
2012-03-08,1137.619384765625,1145.1532879759934,1122.5515783448884,1137.619384765625,34130000
2012-03-09,1130.0853271484375,1160.2209358723958,1130.0853271484375,1130.0853271484375,10
2012-03-12,1160.2208251953125,1160.2208251953125,1145.153022270698,1160.2208251953125,55520000
2012-03-13,1152.6868896484375,1167.754692127502,1152.6868896484375,1152.6868896484375,29742500
2012-03-14,1182.82275390625,1182.82275390625,1160.2210452328823,1182.82275390625,71655000
2012-03-15,1175.288818359375,1190.3566237229566,1167.754915677584,1175.288818359375,49402500
2012-03-16,1190.356689453125,1197.8905925509296,1175.2888832575159,1190.356689453125,66615000
2012-03-19,1197.89013671875,1205.4240369496854,1190.3562364878144,1197.89013671875,35462500
2012-03-20,1205.4241943359375,1205.4241943359375,1190.3563919067383,1205.4241943359375,41565000
2012-03-21,1190.356689453125,1197.8905925509296,1182.8227863553204,1190.356689453125,35377500
2012-03-22,1197.89013671875,1197.89013671875,1182.8223362568788,1197.89013671875,18127500
2012-03-26,1205.4241943359375,1220.4919967651367,1197.890293121338,1205.4241943359375,57982500
2012-03-27,1220.4918212890625,1220.4918212890625,1205.4240210262346,1220.4918212890625,60522500
2012-03-28,1220.4918212890625,1228.0257214204764,1212.9579211576486,1220.4918212890625,37185000
2012-03-29,1212.9580078125,1212.9580078125,1205.424107142857,1212.9580078125,38730000
2012-03-30,1205.4241943359375,1220.4919967651367,1205.4241943359375,1205.4241943359375,80725000
2012-04-02,1212.9580078125,1220.491908482143,1205.424107142857,1212.9580078125,47550000
2012-04-03,1212.9580078125,1212.9580078125,1212.9580078125,1212.9580078125,0
2012-04-04,1167.7545166015625,1220.4918173513104,1167.7545166015625,1167.7545166015625,56172500
2012-04-05,1197.89013671875,1212.957937180621,1167.7545357950078,1197.89013671875,52040000
2012-04-09,1197.89013671875,1205.4240369496854,1190.3562364878144,1197.89013671875,14337500
2012-04-10,1190.356689453125,1197.8905925509296,1182.8227863553204,1190.356689453125,19992500
2012-04-11,1190.356689453125,1197.8905925509296,1182.8227863553204,1190.356689453125,41255000
2012-04-12,1205.4241943359375,1205.4241943359375,1182.8224906921387,1205.4241943359375,61607500
2012-04-13,1197.89013671875,1212.957937180621,1197.89013671875,1197.89013671875,21652500
2012-04-16,1182.82275390625,1205.4244625796177,1182.82275390625,1182.82275390625,22787500
2012-04-17,1190.356689453125,1205.4244956487341,1182.8227863553204,1190.356689453125,56015000
2012-04-18,1190.356689453125,1197.8905925509296,1190.356689453125,1190.356689453125,15495000
2012-04-19,1197.89013671875,1197.89013671875,1182.8223362568788,1197.89013671875,13320000
2012-04-20,1205.4241943359375,1205.4241943359375,1190.3563919067383,1205.4241943359375,33567500
2012-04-23,1205.4241943359375,1205.4241943359375,1197.890293121338,1205.4241943359375,24640000
2012-04-24,1205.4241943359375,1205.4241943359375,1190.3563919067383,1205.4241943359375,32217500
2012-04-25,1197.89013671875,1205.4240369496854,1182.8223362568788,1197.89013671875,79782500
2012-04-26,1205.4241943359375,1243.0937004089355,1197.890293121338,1205.4241943359375,129467500
2012-04-27,1182.82275390625,1212.9583654707403,1182.82275390625,1182.82275390625,41677500
2012-04-30,1205.4241943359375,1205.4241943359375,1182.8224906921387,1205.4241943359375,28325000
2012-05-01,1205.4241943359375,1205.4241943359375,1197.890293121338,1205.4241943359375,11152500
2012-05-02,1205.4241943359375,1205.4241943359375,1197.890293121338,1205.4241943359375,79442500
2012-05-03,1212.9580078125,1220.491908482143,1205.424107142857,1212.9580078125,48850000
2012-05-04,1212.9580078125,1212.9580078125,1197.8902064732142,1212.9580078125,26457500
2012-05-07,1205.4241943359375,1212.958095550537,1190.3563919067383,1205.4241943359375,49982500
2012-05-08,1205.4241943359375,1212.958095550537,1197.890293121338,1205.4241943359375,32460000
2012-05-09,1205.4241943359375,1212.958095550537,1197.890293121338,1205.4241943359375,29172500
2012-05-10,1205.4241943359375,1212.958095550537,1197.890293121338,1205.4241943359375,53300000
2012-05-11,1205.4241943359375,1212.958095550537,1197.890293121338,1205.4241943359375,26522500
2012-05-14,1167.7545166015625,1205.4240171370968,1167.7545166015625,1167.7545166015625,23975000
2012-05-15,1175.288818359375,1182.8227210411658,1160.2210129957932,1175.288818359375,63640000
2012-05-16,1137.619384765625,1167.7549976070986,1115.01767513452,1137.619384765625,108870000
2012-05-21,1099.949951171875,1130.0855662724744,1092.4160473967252,1099.949951171875,233590000
2012-05-22,1122.551513671875,1130.0854164481962,1099.949805342911,1122.551513671875,153852500
2012-05-23,1122.551513671875,1130.0854164481962,1099.949805342911,1122.551513671875,102672500
2012-05-24,1122.551513671875,1130.0854164481962,1107.4837081192322,1122.551513671875,57627500
2012-05-25,1092.4156494140625,1115.017352505388,1084.8817483836208,1092.4156494140625,159350000
2012-05-28,1092.4156494140625,1099.9495504445044,1062.2800452922954,1092.4156494140625,57350000
2012-05-29,1092.4156494140625,1099.9495504445044,1084.8817483836208,1092.4156494140625,38047500
2012-05-30,1099.949951171875,1115.0177587221747,1084.8821436215753,1099.949951171875,58610000
2012-05-31,1054.745849609375,1099.9492431640626,1054.745849609375,1054.745849609375,139705000
2012-06-01,1069.8140869140625,1077.347988934584,1054.7462828730193,1069.8140869140625,40160000
2012-06-04,1039.678466796875,1047.2123687301857,1017.0767609969429,1039.678466796875,76612500
2012-06-05,1062.280029296875,1077.3478311308731,1047.2122274628769,1062.280029296875,63450000
2012-06-06,1084.8817138671875,1092.4156146579319,1062.2800114949544,1084.8817138671875,127570000
2012-06-07,1084.8817138671875,1115.017317030165,1077.3478130764431,1084.8817138671875,88797500
2012-06-08,1062.280029296875,1084.8817320478722,1047.2122274628769,1062.280029296875,49850000
2012-06-11,1095.76171875,1095.76171875,1072.933349609375,1095.76171875,62040000
2012-06-12,1088.1519775390625,1095.7614319274476,1072.9330687622926,1088.1519775390625,67950000
2012-06-13,1088.1519775390625,1103.3708863158326,1088.1519775390625,1088.1519775390625,55727500
2012-06-14,1088.1519775390625,1103.3708863158326,1080.5425231506774,1088.1519775390625,47427500
2012-06-15,1080.5428466796875,1103.3712166799626,1080.5428466796875,1080.5428466796875,56565000
2012-06-18,1110.98095703125,1126.1998742508563,1103.3714984214469,1110.98095703125,65207500
2012-06-19,1133.8089599609375,1133.8089599609375,1095.7616794253356,1133.8089599609375,41772500
2012-06-20,1141.4185791015625,1141.4185791015625,1118.5902075195313,1141.4185791015625,33107500
2012-06-21,1118.590087890625,1141.41845703125,1103.3711751302085,1118.590087890625,53065000
2012-06-22,1103.37109375,1110.9805495689654,1088.1521821120689,1103.37109375,39137500
2012-06-25,1103.37109375,1110.9805495689654,1095.7616379310346,1103.37109375,28382500
2012-06-26,1103.3711751302085,1126.1995442708335,1095.76171875,1118.590087890625,47840000
2012-06-27,1118.5900477466967,1141.418416068058,1110.9805916395762,1133.8089599609375,84212500
2012-06-28,1133.8093328606592,1141.4187914704623,1110.98095703125,1110.98095703125,48790000
2012-06-29,1110.98095703125,1141.4187914704623,1110.98095703125,1110.98095703125,66730000
2012-07-02,1118.590087890625,1118.590087890625,1103.3711751302085,1118.590087890625,58465000
2012-07-03,1141.4185791015625,1141.4185791015625,1118.5902075195313,1141.4185791015625,53447500
2012-07-04,1133.8089599609375,1141.418416068058,1118.5900477466967,1133.8089599609375,75215000
2012-07-05,1126.1993408203125,1141.418250831398,1118.58988581477,1126.1993408203125,37292500
2012-07-06,1126.1993408203125,1133.8087958258552,1118.58988581477,1126.1993408203125,24270000
2012-07-09,1110.98095703125,1126.1998742508563,1103.3714984214469,1110.98095703125,41192500
2012-07-10,1118.590087890625,1126.1995442708335,1110.9806315104167,1118.590087890625,27405000
2012-07-11,1118.590087890625,1126.1995442708335,1110.9806315104167,1118.590087890625,51890000
2012-07-12,1133.8089599609375,1133.8089599609375,1110.9805916395762,1133.8089599609375,137945000
2012-07-13,1133.8089599609375,1141.418416068058,1126.199503853817,1133.8089599609375,57005000
2012-07-16,1156.6373291015625,1164.2467852140728,1133.8089607640318,1156.6373291015625,130710000
2012-07-17,1179.4654541015625,1179.4654541015625,1156.6370904737903,1179.4654541015625,71452500
2012-07-18,1179.4654541015625,1202.2938177293347,1171.8559995589717,1179.4654541015625,76970000
2012-07-19,1187.0753173828125,1194.684774545523,1171.8564030573918,1187.0753173828125,64327500
2012-07-20,1194.684814453125,1194.684814453125,1171.8564422024283,1194.684814453125,56250000
2012-07-23,1179.4654541015625,1187.0749086441533,1171.8559995589717,1179.4654541015625,49825000
2012-07-24,1164.246826171875,1179.4657389322917,1156.6373697916667,1164.246826171875,40815000
2012-07-25,1149.0281982421875,1164.2471147751967,1149.0281982421875,1149.0281982421875,13607500
2012-07-26,1171.856201171875,1171.856201171875,1141.4183777648134,1171.856201171875,38755000
2012-07-27,1217.512939453125,1217.512939453125,1179.4656600952148,1217.512939453125,124662500
2012-07-30,1209.9033203125,1217.5127751572327,1194.6844106230346,1209.9033203125,88275000
2012-07-31,1217.512939453125,1225.122395324707,1202.294027709961,1217.512939453125,149710000
2012-08-01,1209.9033203125,1217.5127751572327,1202.2938654677673,1209.9033203125,63445000
2012-08-02,1194.684814453125,1217.5131867038215,1194.684814453125,1194.684814453125,72640000
2012-08-03,1171.856201171875,1202.2940245789366,1171.856201171875,1171.856201171875,75950000
2012-08-06,1171.856201171875,1202.2940245789366,1164.2467453201095,1171.856201171875,114585000
2012-08-07,1187.0753173828125,1194.684774545523,1164.2469458946816,1187.0753173828125,58060000
2012-08-08,1194.684814453125,1202.2942718700237,1187.075357036226,1194.684814453125,64907500
2012-08-09,1217.512939453125,1225.122395324707,1194.684571838379,1217.512939453125,72555000
2012-08-10,1209.9033203125,1225.1222300019656,1209.9033203125,1209.9033203125,44675000
2012-08-13,1202.2943115234375,1225.122684527047,1202.2943115234375,1202.2943115234375,53760000
2012-08-14,1202.2943115234375,1209.9037691913074,1194.6848538555678,1202.2943115234375,29730000
2012-08-15,1209.9033203125,1209.9033203125,1202.2938654677673,1209.9033203125,43050000
2012-08-16,1225.1224365234375,1225.1224365234375,1202.2940681410132,1225.1224365234375,56532500
2012-08-23,1202.2943115234375,1225.122684527047,1202.2943115234375,1202.2943115234375,74685000
2012-08-24,1187.0753173828125,1209.9036888709436,1179.4658602201023,1187.0753173828125,68592500
2012-08-27,1202.2943115234375,1202.2943115234375,1179.465938519828,1202.2943115234375,3227500
2012-08-28,1202.2943115234375,1209.9037691913074,1194.6848538555678,1202.2943115234375,19660000
2012-08-29,1179.4654541015625,1202.2938177293347,1179.4654541015625,1179.4654541015625,76017500
2012-08-30,1187.0753173828125,1194.684774545523,1171.8564030573918,1187.0753173828125,35282500
2012-08-31,1179.4654541015625,1194.684363186744,1171.8559995589717,1179.4654541015625,94292500
2012-09-03,1209.9033203125,1217.5127751572327,1179.4655009335693,1209.9033203125,79117500
2012-09-04,1202.2943115234375,1225.122684527047,1202.2943115234375,1202.2943115234375,84045000
2012-09-05,1194.684814453125,1217.5131867038215,1194.684814453125,1194.684814453125,65945000
2012-09-06,1209.9033203125,1217.5127751572327,1202.2938654677673,1209.9033203125,33817500
2012-09-07,1225.1224365234375,1225.1224365234375,1217.5129803959628,1225.1224365234375,83832500
2012-09-10,1209.9033203125,1232.7316848466983,1209.9033203125,1209.9033203125,33725000
2012-09-11,1225.1224365234375,1225.1224365234375,1202.2940681410132,1225.1224365234375,40245000
2012-09-12,1217.512939453125,1225.122395324707,1209.903483581543,1217.512939453125,47265000
2012-09-13,1202.2943115234375,1225.122684527047,1202.2943115234375,1202.2943115234375,52632500
2012-09-14,1225.1224365234375,1240.341348778387,1217.5129803959628,1225.1224365234375,98762500
2012-09-17,1217.512939453125,1232.7318511962892,1209.903483581543,1217.512939453125,52685000
2012-09-18,1202.2943115234375,1217.5132268591772,1187.0753961876978,1202.2943115234375,54887500
2012-09-19,1194.684814453125,1217.5131867038215,1194.684814453125,1194.684814453125,37347500
2012-09-20,1217.512939453125,1217.512939453125,1194.684571838379,1217.512939453125,38820000
2012-09-21,1209.9033203125,1217.5127751572327,1194.6844106230346,1209.9033203125,64372500
2012-09-24,1202.2943115234375,1209.9037691913074,1194.6848538555678,1202.2943115234375,44267500
2012-09-25,1194.684814453125,1209.9037292869227,1194.684814453125,1194.684814453125,17130000
2012-09-26,1187.0753173828125,1202.2942317082332,1187.0753173828125,1187.0753173828125,29932500
2012-09-27,1202.2943115234375,1209.9037691913074,1187.0753961876978,1202.2943115234375,41885000
2012-09-28,1202.2943115234375,1209.9037691913074,1194.6848538555678,1202.2943115234375,61477500
2012-10-01,1194.684814453125,1209.9037292869227,1187.075357036226,1194.684814453125,52115000
2012-10-02,1202.2943115234375,1209.9037691913074,1194.6848538555678,1202.2943115234375,14870000
2012-10-03,1194.684814453125,1209.9037292869227,1194.684814453125,1194.684814453125,29290000
2012-10-04,1202.2943115234375,1209.9037691913074,1194.6848538555678,1202.2943115234375,46405000
2012-10-05,1194.684814453125,1209.9037292869227,1194.684814453125,1194.684814453125,74300000
2012-10-08,1202.2943115234375,1209.9037691913074,1194.6848538555678,1202.2943115234375,33475000
2012-10-09,1209.9033203125,1209.9033203125,1194.6844106230346,1209.9033203125,65707500
2012-10-10,1209.9033203125,1217.5127751572327,1202.2938654677673,1209.9033203125,50050000
2012-10-11,1217.512939453125,1217.512939453125,1202.294027709961,1217.512939453125,28885000
2012-10-12,1240.3411865234375,1240.3411865234375,1217.5128211273004,1240.3411865234375,129407500
2012-10-15,1225.1224365234375,1232.7318926509124,1225.1224365234375,1225.1224365234375,37295000
2012-10-16,1240.3411865234375,1240.3411865234375,1217.5128211273004,1240.3411865234375,64515000
2012-10-17,1240.3411865234375,1247.950641655483,1232.7317313913918,1240.3411865234375,72267500
2012-10-18,1247.95068359375,1247.95068359375,1232.7317728182165,1247.95068359375,34140000
2012-10-19,1240.3411865234375,1247.950641655483,1240.3411865234375,1240.3411865234375,37127500
2012-10-22,1232.731689453125,1247.95059919946,1217.51277970679,1232.731689453125,22047500
2012-10-23,1247.95068359375,1255.5601389815167,1232.7317728182165,1247.95068359375,49570000
2012-10-24,1247.95068359375,1247.95068359375,1232.7317728182165,1247.95068359375,32770000
2012-10-25,1240.3411865234375,1247.950641655483,1232.7317313913918,1240.3411865234375,57990000
2012-10-29,1232.731689453125,1240.3411443262924,1225.1222345799576,1232.731689453125,39347500
2012-10-30,1247.95068359375,1255.5601389815167,1225.1223174304496,1247.95068359375,99347500
2012-10-31,1247.95068359375,1255.5601389815167,1232.7317728182165,1247.95068359375,40565000
2012-11-01,1263.169677734375,1263.169677734375,1240.3413100644766,1263.169677734375,59242500
2012-11-02,1270.7791748046875,1270.7791748046875,1247.9508063950225,1270.7791748046875,43790000
2012-11-05,1255.5599365234375,1270.7788448449337,1255.5599365234375,1255.5599365234375,40745000
2012-11-06,1293.607421875,1293.607421875,1263.1696001838236,1293.607421875,65490000
2012-11-07,1293.607421875,1301.216877297794,1278.3885110294118,1293.607421875,47120000
2012-11-08,1285.9981689453125,1293.6076255662906,1278.3887123243342,1285.9981689453125,45147500
2012-11-09,1301.2169189453125,1301.2169189453125,1278.388551946272,1301.2169189453125,64312500
2012-11-12,1324.04541015625,1331.6548665364585,1293.6075846354167,1324.04541015625,57865000
2012-11-13,1369.7021484375,1369.7021484375,1331.6548665364585,1369.7021484375,36342500
2012-11-14,1377.311767578125,1422.968511254748,1362.0928530192507,1377.311767578125,79057500
2012-11-19,1308.826416015625,1377.3115191792333,1308.826416015625,1308.826416015625,56560000
2012-11-20,1346.8736572265625,1346.8736572265625,1316.4358344643804,1346.8736572265625,30310000
2012-11-21,1346.8736572265625,1354.4831129171082,1331.6547458454716,1346.8736572265625,22267500
2012-11-22,1354.4833984375,1362.0928557320926,1339.2644838483145,1354.4833984375,27582500
2012-11-23,1377.311767578125,1377.311767578125,1354.4833957398137,1377.311767578125,23250000
2012-11-26,1384.9210205078125,1400.1399328210853,1369.70210819454,1384.9210205078125,17165000
2012-11-27,1362.092529296875,1430.5776285352654,1362.092529296875,1362.092529296875,67267500
2012-11-28,1362.092529296875,1369.7019847678073,1339.2641628840781,1362.092529296875,38332500
2012-11-29,1369.7021484375,1384.9210611979167,1346.873779296875,1369.7021484375,47047500
2012-11-30,1339.2642822265625,1384.9210191206498,1339.2642822265625,1339.2642822265625,64790000
2012-12-03,1445.796630859375,1445.796630859375,1331.6547915810033,1445.796630859375,44270000
2012-12-04,1337.7803955078125,1398.9360707310268,1337.7803955078125,1337.7803955078125,81522500
2012-12-05,1345.425048828125,1383.6473513516514,1337.7805883234198,1345.425048828125,61945000
2012-12-06,1345.425048828125,1376.002890846946,1345.425048828125,1345.425048828125,59472500
2012-12-07,1345.425048828125,1376.002890846946,1345.425048828125,1345.425048828125,60002500
2012-12-10,1398.9364013671875,1421.8697849961577,1360.7140953189037,1398.9364013671875,79410000
2012-12-11,1414.2247314453125,1429.5136474609376,1398.9358154296876,1414.2247314453125,58915000
2012-12-12,1444.8028564453125,1444.8028564453125,1406.580558655754,1444.8028564453125,51297500
2012-12-13,1444.8028564453125,1452.4473160032242,1429.513937329489,1444.8028564453125,47857500
2012-12-14,1414.2247314453125,1452.447021484375,1398.9358154296876,1414.2247314453125,31957500
2012-12-17,1406.580810546875,1421.8697324006455,1383.6474277662194,1406.580810546875,47492500
2012-12-18,1398.9364013671875,1429.5142462058145,1383.6474789478739,1398.9364013671875,49697500
2012-12-19,1383.6473388671875,1414.2251806101087,1376.0028784314572,1383.6473388671875,55587500
2012-12-20,1406.580810546875,1406.580810546875,1360.714044985564,1406.580810546875,64220000
2012-12-21,1360.7139892578125,1437.1585953958918,1345.4250680301966,1360.7139892578125,75872500
2012-12-26,1406.580810546875,1406.580810546875,1360.714044985564,1406.580810546875,15
2012-12-27,1406.580810546875,1421.8697324006455,1391.2918886931047,1406.580810546875,25415000
2012-12-28,1391.2919921875,1444.80322265625,1391.2919921875,1391.2919921875,15
2013-01-02,1391.2919921875,1414.225376674107,1376.0030691964284,1391.2919921875,17272500
2013-01-03,1398.9364013671875,1414.225323786501,1383.6474789478739,1398.9364013671875,42030000
2013-01-04,1383.6473388671875,1406.5807201743785,1376.0028784314572,1383.6473388671875,15
2013-01-07,1406.580810546875,1414.2252714737601,1383.6474277662194,1406.580810546875,77035000
2013-01-08,1398.9364013671875,1414.225323786501,1391.2919401575307,1398.9364013671875,57940000
2013-01-09,1391.2919921875,1406.5809151785713,1376.0030691964284,1391.2919921875,53327500
2013-01-10,1360.7139892578125,1391.2918317130443,1360.7139892578125,1360.7139892578125,72327500
2013-01-11,1353.0693359375,1376.002714512712,1353.0693359375,1353.0693359375,61210000
2013-01-14,1391.2919921875,1391.2919921875,1360.714146205357,1391.2919921875,57025000
2013-01-15,1398.9364013671875,1398.9364013671875,1383.6474789478739,1398.9364013671875,58432500
2013-01-16,1398.9364013671875,1398.9364013671875,1383.6474789478739,1398.9364013671875,61665000
2013-01-17,1398.9364013671875,1406.5808625768443,1383.6474789478739,1398.9364013671875,57637500
2013-01-18,1452.447265625,1452.447265625,1391.2915912828948,1452.447265625,68715000
2013-01-21,1421.86962890625,1452.4474703881049,1421.86962890625,1421.86962890625,42340000
2013-01-22,1421.86962890625,1421.86962890625,1391.2917874243951,1421.86962890625,58305000
2013-01-23,1421.86962890625,1421.86962890625,1398.936247794859,1421.86962890625,42685000
2013-01-25,1429.5137939453125,1437.158252736464,1414.2248763630098,1429.5137939453125,55445000
2013-01-28,1421.86962890625,1429.5140892767135,1406.5807081653224,1421.86962890625,51417500
2013-01-29,1444.8028564453125,1452.4473160032242,1421.8694777715773,1444.8028564453125,43950000
2013-01-30,1444.8028564453125,1460.0917755611358,1429.513937329489,1444.8028564453125,66112500
2013-01-31,1475.3807373046875,1490.669656862249,1452.4473579683452,1475.3807373046875,117667500
2013-02-01,1505.958740234375,1536.536582675682,1475.3808977930678,1505.958740234375,86365000
2013-02-04,1536.5362548828125,1544.180713862329,1521.2473369237794,1536.5362548828125,94540000
2013-02-05,1513.60302734375,1559.469785748106,1513.60302734375,1513.60302734375,92840000
2013-02-06,1513.60302734375,1528.8919468118686,1498.3141078756314,1513.60302734375,63205000
2013-02-07,1536.5362548828125,1536.5362548828125,1513.602877944263,1536.5362548828125,63375000
2013-02-08,1521.2471923828125,1544.1805671423524,1513.6027341296324,1521.2471923828125,39770000
2013-02-11,1551.8253173828125,1551.8253173828125,1521.2474786166486,1551.8253173828125,11472500
2013-02-12,1536.5362548828125,1551.8251728418454,1521.2473369237794,1536.5362548828125,25785000
2013-02-13,1505.958740234375,1536.536582675682,1498.3142796240481,1505.958740234375,55012500
2013-02-14,1528.8919677734375,1528.8919677734375,1521.2475079345704,1528.8919677734375,74697500
2013-02-15,1536.5362548828125,1544.180713862329,1521.2473369237794,1536.5362548828125,39815000
2013-02-18,1559.4697265625,1567.1141860064338,1536.5363482306984,1559.4697265625,58192500
2013-02-19,1567.1141357421875,1567.1141357421875,1544.1807581459605,1567.1141357421875,33442500
2013-02-20,1574.7584228515625,1582.4028812149195,1559.4695061248483,1574.7584228515625,60172500
2013-02-21,1582.4031982421875,1590.0476581370772,1551.8253586626283,1582.4031982421875,41210000
2013-02-22,1612.980712890625,1612.980712890625,1582.4028794708975,1612.980712890625,15
2013-02-25,1727.6475830078125,1727.6475830078125,1620.625166361311,1727.6475830078125,51457500
2013-02-26,1651.2030029296875,1681.7808363172742,1597.6917945014104,1651.2030029296875,52450000
2013-02-27,1628.2696533203125,1658.8474871854828,1612.9807363877276,1628.2696533203125,69830000
2013-02-28,1681.78076171875,1681.78076171875,1635.914013671875,1681.78076171875,64185000
2013-03-01,1635.9146728515625,1666.4925172039282,1628.270211763471,1635.9146728515625,50347500
2013-03-04,1635.9146728515625,1635.9146728515625,1635.9146728515625,1635.9146728515625,0
2013-03-05,1605.336669921875,1658.8478922526042,1605.336669921875,1605.336669921875,53132500
2013-03-06,1635.9146728515625,1651.2035950277452,1612.9812895872883,1635.9146728515625,46110000
2013-03-07,1643.55908203125,1666.4924645712208,1620.625699491279,1643.55908203125,41627500
2013-03-08,1651.2030029296875,1666.4919196234807,1635.914086235894,1651.2030029296875,50730000
2013-03-11,1643.55908203125,1666.4924645712208,1635.914621184593,1643.55908203125,37485000
2013-03-13,1635.9146728515625,1651.2035950277452,1620.6257506753795,1635.9146728515625,81725000
2013-03-14,1635.9141117866052,1643.5585702528977,1620.62519485402,1628.2696533203125,76367500
2013-03-15,1635.914621184593,1651.2035428779068,1628.270160337936,1643.55908203125,69972500
2013-03-18,1628.2696533203125,1635.9141117866052,1620.62519485402,1628.2696533203125,78970000
2013-03-19,1635.9146728515625,1658.8480561158367,1635.9146728515625,1635.9146728515625,64912500
2013-03-20,1651.203389299025,1666.4923095703125,1628.2700088920942,1666.4923095703125,71960000
2013-03-21,1666.4924645712208,1666.4924645712208,1635.914621184593,1643.55908203125,54885000
2013-03-22,1635.9144079820167,1658.8477875331664,1620.62548828125,1620.62548828125,79960000
2013-03-25,1605.3366284851634,1666.4923095703125,1605.3366284851634,1666.4923095703125,26472500
2013-03-26,1658.8474871854828,1666.4919456517753,1628.2696533203125,1628.2696533203125,47417500
2013-03-27,1635.914013671875,1704.7141357421876,1635.914013671875,1681.78076171875,90137500
2013-03-28,1697.070129394531,1742.9368896484373,1658.8478291829426,1742.9368896484375,36450000
2013-04-01,1681.78076171875,1712.35859375,1674.1363037109375,1681.78076171875,13892500
2013-04-02,1712.3589154411764,1712.3589154411764,1689.425537109375,1689.425537109375,19645000
2013-04-03,1712.359130859375,1720.003591264997,1681.781289236886,1712.359130859375,15
2013-04-04,1712.3587449596773,1712.3587449596773,1658.8475341796875,1658.8475341796875,47235000
2013-04-05,1674.1366182215072,1689.425537109375,1658.8476993336396,1689.425537109375,32585000
2013-04-08,1681.781439380111,1689.4259004682024,1628.270211763471,1635.9146728515625,98920000
2013-04-09,1651.203327682783,1658.8477875331664,1612.981028430867,1620.62548828125,68320000
2013-04-10,1635.9140879554207,1643.5585463103525,1597.6917961807612,1612.980712890625,76150000
2013-04-11,1628.2696278889973,1651.2030029296875,1620.6251695421006,1651.2030029296875,89122500
2013-04-12,1658.8478494346687,1674.136769705956,1643.5589291633814,1666.4923095703125,57235000
2013-04-15,1651.203327682783,1651.203327682783,1620.62548828125,1620.62548828125,68192500
2013-04-16,1628.2696278889973,1658.847461276584,1620.6251695421006,1651.2030029296875,59685000
2013-04-17,1658.8473876953126,1681.78076171875,1651.2029296875,1681.78076171875,84745000
2013-04-18,1666.4918457031251,1681.78076171875,1666.4918457031251,1681.78076171875,48295000
2013-04-19,1689.4252197265625,1689.4252197265625,1666.4918457031251,1681.78076171875,30870000
2013-04-22,1681.7812298415997,1689.4256899772433,1643.5589291633814,1666.4923095703125,43217500
2013-04-23,1666.4923095703125,1666.4923095703125,1666.4923095703125,1666.4923095703125,0
2013-04-24,1651.2032398897059,1689.425537109375,1643.558780445772,1689.425537109375,67985000
2013-04-25,1674.1364482157937,1697.06982421875,1666.4919895481419,1697.06982421875,43275000
2013-04-26,1697.0703079578489,1697.0703079578489,1643.55908203125,1643.55908203125,40227500
2013-04-29,1666.4918457031251,1681.78076171875,1658.8473876953126,1681.78076171875,52362500
2013-04-30,1674.1369254178778,1674.1369254178778,1635.914621184593,1643.55908203125,219367500
2013-05-01,1635.914621184593,1643.55908203125,1628.270160337936,1643.55908203125,63260000
2013-05-02,1635.9141117866052,1658.8474871854828,1628.2696533203125,1628.2696533203125,101727500
2013-05-03,1643.55908203125,1651.2035428779068,1628.270160337936,1643.55908203125,29542500
2013-05-06,1651.2032186429794,1681.7810560252567,1651.2032186429794,1674.1365966796875,42975000
2013-05-07,1681.7810560252567,1681.7810560252567,1658.8476779885486,1674.1365966796875,40920000
2013-05-08,1681.78076171875,1689.4252197265625,1666.4918457031251,1681.78076171875,24297500
2013-05-10,1681.781077665441,1689.425537109375,1666.4921587775734,1689.425537109375,40982500
2013-05-13,1681.781077665441,1689.425537109375,1658.8476993336396,1689.425537109375,41902500
2013-05-14,1697.069677734375,1697.069677734375,1666.4918457031251,1681.78076171875,39110000
2013-05-15,1689.4252197265625,1689.4252197265625,1666.4918457031251,1681.78076171875,26505000
2013-05-16,1674.136769705956,1681.7812298415997,1658.8478494346687,1666.4923095703125,53305000
2013-05-17,1651.2029296875,1681.78076171875,1651.2029296875,1681.78076171875,33765000
2013-05-20,1689.4256899772433,1704.7146102485306,1666.4923095703125,1666.4923095703125,70080000
2013-05-21,1681.78076171875,1689.4252197265625,1666.4918457031251,1681.78076171875,53060000
2013-05-22,1681.7810560252567,1689.4255153708261,1674.1365966796875,1674.1365966796875,28505000
2013-05-23,1681.7812298415997,1689.4256899772433,1651.203389299025,1666.4923095703125,67457500
2013-05-24,1674.1365966796875,1689.4255153708261,1674.1365966796875,1674.1365966796875,40755000
2013-05-27,1681.781439380111,1689.4259004682024,1635.9146728515625,1635.9146728515625,68725000
2013-05-28,1628.2700088920942,1681.7812298415997,1628.2700088920942,1666.4923095703125,32057500
2013-05-29,1669.7236361416903,1700.5019520152698,1662.0290571732953,1692.807373046875,78410000
2013-05-30,1669.723754317672,1677.4183338306568,1654.3345952917027,1662.0291748046875,46785000
2013-05-31,1662.0294242527175,1662.0294242527175,1592.7781982421875,1592.7781982421875,135412500
2013-06-03,1592.7778222165516,1592.7778222165516,1531.22119140625,1531.22119140625,199652500
2013-06-04,1523.527094774907,1569.6945824953589,1515.8325134881652,1554.305419921875,97930000
2013-06-05,1554.3050531036224,1554.3050531036224,1538.9158941620026,1546.6104736328125,81832500
2013-06-07,1538.9161427815757,1546.6107234954834,1477.3594970703125,1477.3594970703125,128835000
2013-06-10,1492.748409856564,1492.748409856564,1446.580933263062,1454.2755126953125,105015000
2013-06-11,1438.8862278293918,1461.9699641047298,1408.1079127956082,1423.4970703125,136012500
2013-06-12,1408.10851076816,1461.9705849505485,1369.6356006378824,1446.5814208984375,295162500
2013-06-13,1415.8028551327284,1500.4432432113156,1392.7191129294774,1431.1920166015625,195845000
2013-06-14,1469.6650328344228,1523.5271021006058,1469.6650328344228,1508.137939453125,159700000
2013-06-17,1508.137454852387,1531.22119140625,1508.137454852387,1531.22119140625,51422500
2013-06-18,1554.3050531036224,1577.3887915160526,1531.2213146911924,1546.6104736328125,79180000
2013-06-19,1546.6103491088254,1554.3049279601132,1515.8320337036748,1531.22119140625,61667500
2013-06-20,1485.0538304243137,1492.748409856564,1454.2755126953125,1454.2755126953125,101530000
2013-06-21,1423.4975599206011,1446.58130413553,1408.1083971106489,1415.802978515625,160320000
2013-06-24,1423.497562618046,1454.275888296274,1400.413818359375,1400.413818359375,65597500
2013-06-25,1423.4971882910702,1431.191767687238,1377.3297119140625,1377.3297119140625,95547500
2013-06-26,1408.1080348376922,1454.2755113897476,1400.4134554123495,1438.8863525390625,87612500
2013-06-27,1454.2755126953125,1500.4429892888145,1454.2755126953125,1454.2755126953125,106682500
2013-06-28,1477.359375,1538.916015625,1469.664794921875,1538.916015625,107192500
2013-07-01,1531.221435546875,1538.916015625,1492.74853515625,1523.52685546875,29862500
2013-07-02,1538.9157702575378,1546.6103491088254,1515.8320337036748,1531.22119140625,41852500
2013-07-03,1523.5267275855654,1531.2213070178157,1454.2755126953125,1454.2755126953125,82480000
2013-07-04,1461.9704577061518,1500.4433644878927,1454.2758763498036,1469.6650390625,48242500
2013-07-05,1492.748410516036,1492.748410516036,1438.8863544664885,1461.9700927734375,55322500
2013-07-08,1461.9704697158309,1461.9704697158309,1400.413818359375,1400.413818359375,51312500
2013-07-09,1431.191649070946,1446.5808065878377,1400.413334037162,1423.4970703125,53335000
2013-07-10,1415.8026155340608,1477.3592509920634,1400.4134566695602,1454.2755126953125,41935000
2013-07-11,1477.3596141581634,1515.8325207768655,1469.6650328344228,1508.137939453125,78802500
2013-07-12,1523.527094774907,1554.305419921875,1508.1379322014232,1554.305419921875,79200000
2013-07-15,1569.6943359375,1569.6943359375,1531.221435546875,1569.6943359375,34235000
2013-07-16,1569.6945824953589,1569.6945824953589,1523.527094774907,1554.305419921875,26815000
2013-07-17,1561.999755859375,1577.388916015625,1546.610595703125,1569.6943359375,37555000
2013-07-18,1569.6943359375,1569.6943359375,1538.916015625,1569.6943359375,56212500
2013-07-19,1561.999755859375,1569.6943359375,1546.610595703125,1569.6943359375,24767500
2013-07-22,1577.388916015625,1577.388916015625,1538.916015625,1538.916015625,17430000
2013-07-23,1561.999515274196,1585.083251953125,1554.3049363812197,1585.083251953125,70500000
2013-07-24,1592.777954688439,1600.4725341796875,1569.6942162146936,1600.4725341796875,37715000
2013-07-25,1592.778076171875,1600.47265625,1569.6943359375,1569.6943359375,19677500
2013-07-26,1569.6944562386775,1600.472778910024,1569.6944562386775,1592.7781982421875,25532500
2013-07-29,1569.6945824953589,1585.0837450688427,1554.305419921875,1554.305419921875,19867500
2013-07-30,1585.083251953125,1592.7778308461013,1569.6940941671724,1585.083251953125,30145000
2013-07-31,1600.4725341796875,1608.167113670936,1592.777954688439,1600.4725341796875,56340000
2013-08-01,1600.472534763756,1623.5562732459255,1585.083375775643,1608.1671142578125,51290000
2013-08-02,1615.8621757721232,1654.3350847190786,1600.473012193341,1646.6405029296875,37957500
2013-08-12,1615.8615675250303,1631.250725310983,1538.915778595267,1585.083251953125,55177500
2013-08-13,1569.6946850357767,1646.6405029296875,1569.6946850357767,1646.6405029296875,24667500
2013-08-14,1623.556632785622,1677.418701171875,1615.862051587586,1677.418701171875,31005000
2013-08-15,1677.4188283521075,1685.1134101335392,1654.3350830078125,1654.3350830078125,33870000
2013-08-16,1631.250725310983,1654.334461989912,1585.083251953125,1585.083251953125,51192500
2013-08-19,1592.777943179482,1592.777943179482,1461.9700927734375,1461.9700927734375,116827500
2013-08-20,1461.9700921275628,1492.748409856564,1408.1080361018105,1454.2755126953125,166267500
2013-08-21,1461.9703356424968,1492.7486584981284,1438.8865935007732,1477.3594970703125,71172500
2013-08-22,1431.19177311372,1477.3592496657755,1423.4971936883774,1438.8863525390625,74967500
2013-08-23,1461.9700908150903,1469.6646702404328,1438.8863525390625,1438.8863525390625,51027500
2013-08-26,1415.8029811984889,1431.192144037603,1400.413818359375,1400.413818359375,98412500
2013-08-27,1385.0242913102304,1392.7188707063983,1361.9405531217265,1377.3297119140625,69030000
2013-08-28,1338.857165727459,1431.1921426741803,1308.078840078552,1408.1083984375,140495000
2013-08-29,1385.0245361328125,1415.8028591579862,1361.9407938639324,1385.0245361328125,86805000
2013-08-30,1369.6353739532976,1400.4136969634842,1361.940793200751,1392.7191162109375,81837500
2013-09-02,1400.4138238456812,1408.1084052953827,1308.0788464492628,1369.635498046875,77840000
2013-09-03,1392.718994140625,1392.718994140625,1354.24609375,1361.940673828125,74055000
2013-09-04,1361.940673828125,1361.940673828125,1308.07861328125,1315.773193359375,89020000
2013-09-05,1338.8570570834847,1346.551637871321,1300.3841531443043,1323.4678955078125,80572500
2013-09-06,1338.8570542768998,1354.2462158203125,1315.7733119617808,1354.2462158203125,47942500
2013-09-09,1361.9405582856368,1438.8863525390625,1338.856820009609,1438.8863525390625,65470000
2013-09-10,1454.275870186942,1508.137939453125,1446.5812888632015,1508.137939453125,152682500
2013-09-11,1508.1376953125,1523.52685546875,1461.97021484375,1523.52685546875,73045000
2013-09-12,1485.053718298524,1531.22119140625,1485.053718298524,1531.22119140625,82987500
2013-09-13,1515.8320337036748,1538.9157702575378,1508.137454852387,1531.22119140625,84125000
2013-09-16,1546.6104736328125,1554.3050531036224,1531.2213146911924,1546.6104736328125,66107500
2013-09-17,1546.610838635133,1554.305419921875,1531.221676061649,1554.305419921875,59975000
2013-09-18,1538.916257348391,1554.305419921875,1515.8325134881652,1554.305419921875,43920000
2013-09-19,1631.2508567527489,1923.644878246166,1631.2508567527489,1662.0291748046875,144540000
2013-09-20,1654.3350917271205,1677.4188371930802,1608.1676007952008,1615.8621826171875,60110000
2013-09-23,1546.610480510013,1638.9454345703125,1546.610480510013,1638.9454345703125,60310000
2013-09-24,1638.9454322340387,1654.3345912221516,1585.083375775643,1608.1671142578125,75472500
2013-09-25,1585.083375775643,1608.1671142578125,1585.083375775643,1608.1671142578125,72055000
2013-09-26,1608.167359577861,1623.556520913534,1592.7781982421875,1592.7781982421875,40112500
2013-09-27,1608.166988632054,1623.5561464180066,1585.083251953125,1585.083251953125,26217500
2013-09-30,1592.778076171875,1600.47265625,1538.916015625,1538.916015625,76705000
2013-10-01,1500.443115234375,1569.6943359375,1500.443115234375,1538.916015625,35170000
2013-10-02,1538.915778595267,1585.083251953125,1538.915778595267,1585.083251953125,23207500
2013-10-03,1585.083375775643,1608.1671142578125,1569.69421678753,1608.1671142578125,49987500
2013-10-04,1585.0833751971904,1608.167113670936,1569.6942162146936,1600.4725341796875,38085000
2013-10-07,1608.167359577861,1608.167359577861,1585.083617574351,1592.7781982421875,13995000
2013-10-08,1577.3887962815866,1623.5562732459255,1577.3887962815866,1608.1671142578125,94080000
2013-10-09,1585.0833751971904,1623.556272653433,1585.0833751971904,1600.4725341796875,38232500
2013-10-10,1592.7781953631709,1646.6402599406692,1592.7781953631709,1631.2510986328125,88567500
2013-10-11,1646.6405029296875,1654.3350847190786,1623.5567575615144,1646.6405029296875,31747500
2013-10-16,1646.6400129128406,1662.029171912026,1608.1671154148771,1623.5562744140625,55770000
2013-10-17,1623.5562744140625,1638.9454334132479,1615.8616949144698,1623.5562744140625,63902500
2013-10-18,1623.5565179788841,1631.2510986328125,1608.1673566710274,1631.2510986328125,43780000
2013-10-21,1615.8621757721232,1662.0296665084695,1615.8621757721232,1646.6405029296875,67070000
2013-10-22,1623.5562744140625,1631.2508539136552,1608.1671154148771,1623.5562744140625,27285000
2013-10-23,1623.556764439174,1646.640509905134,1615.8621826171875,1615.8621826171875,66357500
2013-10-24,1615.8621757721232,1646.6405029296875,1615.8621757721232,1646.6405029296875,66387500
2013-10-25,1623.5567558820858,1662.0296647892442,1623.5567558820858,1654.3350830078125,44082500
2013-10-28,1654.3350830078125,1662.0296647892442,1646.6405012263808,1654.3350830078125,24035000
2013-10-29,1623.5565179788841,1646.6402599406692,1623.5565179788841,1631.2510986328125,54500000
2013-10-30,1600.473012193341,1646.6405029296875,1600.473012193341,1646.6405029296875,43352500
2013-10-31,1608.1671142578125,1646.640011728095,1608.1671142578125,1608.1671142578125,57892500
2013-11-01,1577.3887957059421,1615.8616931621846,1577.3887957059421,1600.4725341796875,48997500
2013-11-04,1585.083617574351,1608.167359577861,1585.083617574351,1592.7781982421875,36960000
2013-11-06,1592.7779552696995,1631.250852739982,1592.7779552696995,1608.1671142578125,73615000
2013-11-07,1608.1673566710274,1638.9456792867409,1608.1673566710274,1631.2510986328125,67800000
2013-11-08,1608.167359577861,1623.556520913534,1592.7781982421875,1592.7781982421875,53672500
2013-11-11,1600.47265625,1600.47265625,1569.6943359375,1577.388916015625,52492500
2013-11-12,1577.3887915160526,1585.0833709868625,1538.9158941620026,1546.6104736328125,76340000
2013-11-13,1538.9157702575378,1577.3886645139762,1508.137454852387,1531.22119140625,87837500
2013-11-14,1531.2213146911924,1569.6942120452425,1531.2213146911924,1546.6104736328125,50885000
2013-11-15,1554.30517578125,1577.388916015625,1546.610595703125,1569.6943359375,36625000
2013-11-18,1577.3886730601487,1592.7778308461013,1577.3886730601487,1585.083251953125,48500000
2013-11-19,1585.08349609375,1592.778076171875,1554.30517578125,1569.6943359375,48530000
2013-11-20,1569.6942120452425,1577.3887915160526,1477.3592583955224,1546.6104736328125,105277500
2013-11-21,1523.5269781587087,1538.9161395542512,1500.443236065395,1515.8323974609375,51580000
2013-11-22,1538.916015625,1546.610595703125,1515.832275390625,1538.916015625,29545000
2013-11-25,1569.694458609144,1577.3890392886005,1554.305297250231,1561.9998779296875,33342500
2013-11-26,1538.916015625,1546.610595703125,1485.053955078125,1485.053955078125,115220000
2013-11-27,1492.74853515625,1508.1376953125,1485.053955078125,1492.74853515625,51270000
2013-11-28,1500.443359375,1515.8325220352565,1469.6650340544873,1500.443359375,34975000
2013-11-29,1499.670077467212,1515.1305937297604,1476.479303073389,1491.9398193359375,30025000
2013-12-02,1491.9399607132893,1515.1307373046875,1491.9399607132893,1515.1307373046875,48172500
2013-12-03,1515.1307373046875,1522.860996168487,1491.9399607132893,1515.1307373046875,38585000
2013-12-04,1515.1305937297604,1515.1305937297604,1491.9398193359375,1491.9398193359375,44122500
2013-12-05,1491.9401337788368,1491.9401337788368,1461.0190947367882,1476.4796142578125,49362500
2013-12-06,1468.7489013671875,1476.4791587428042,1430.0976144891035,1468.7489013671875,93720000
2013-12-09,1484.2098570478724,1491.9401167199967,1453.288818359375,1453.288818359375,65925000
2013-12-10,1437.8281486666933,1515.1307373046875,1437.8281486666933,1515.1307373046875,52402500
2013-12-11,1491.9400467461135,1522.861083984375,1491.9400467461135,1522.861083984375,24415000
2013-12-12,1515.1305937297604,1515.1305937297604,1484.2095612046633,1491.9398193359375,44672500
2013-12-13,1476.4791587428042,1484.209416118421,1461.0186439915706,1468.7489013671875,62717500
2013-12-16,1476.479134462734,1476.479134462734,1437.827848220254,1445.55810546875,37930000
2013-12-17,1445.5581292403372,1491.9396734940378,1445.5581292403372,1468.7489013671875,44157500
2013-12-18,1468.7490570229827,1491.9398316075562,1461.018798828125,1461.018798828125,56400000
2013-12-19,1484.2098740183246,1491.9401337788368,1468.7493544973004,1476.4796142578125,34795000
2013-12-20,1476.4790758287584,1476.4790758287584,1430.0975341796875,1430.0975341796875,57612500
2013-12-23,1445.5581292403372,1468.7489013671875,1437.8278718647202,1468.7489013671875,45522500
2013-12-24,1468.7490570229827,1476.4793152178406,1453.288540633267,1461.018798828125,15830000
2013-12-27,1476.479597375748,1484.2098570478724,1453.288818359375,1453.288818359375,24310000
2013-12-30,1476.4794578552246,1491.9399757385254,1468.7491989135742,1484.209716796875,29707500
2014-01-02,1499.6702195770888,1522.860996168487,1491.9399607132893,1515.1307373046875,33065000
2014-01-03,1499.6699308696545,1507.4001882452712,1445.5581292403372,1468.7489013671875,71912500
2014-01-06,1453.2883627172462,1468.748877214238,1437.827848220254,1445.55810546875,58190000
2014-01-07,1445.5586979166667,1461.01921875,1441.6935677083334,1449.423828125,36152000
2014-01-08,1453.2885022201742,1461.0187602107071,1430.0977282485758,1441.693115234375,55877500
2014-01-09,1437.8282990151265,1457.1539481954374,1433.9631691790642,1453.288818359375,97317500
2014-01-10,1453.288818359375,1461.0190780314995,1441.6934288511886,1453.288818359375,120076000
2014-01-13,1461.0189252580915,1522.860996168487,1461.0189252580915,1515.1307373046875,196030500
2014-01-15,1522.86065275106,1576.9724525950062,1518.995524190778,1538.3211669921875,132835000
2014-01-16,1553.7818939208983,1557.6470230102539,1530.5911193847655,1546.0516357421875,45956000
2014-01-17,1546.0515802556818,1549.916709206321,1530.591064453125,1530.591064453125,31507500
2014-01-20,1546.0517553276081,1546.0517553276081,1507.400461444418,1518.995849609375,39292500
2014-01-21,1511.265695020027,1534.4564729487229,1511.265695020027,1522.861083984375,28476000
2014-01-22,1518.9956776012073,1530.591064453125,1503.5351617986505,1530.591064453125,100006500
2014-01-23,1546.0516237745098,1584.7029143688726,1530.5911075367649,1576.97265625,160911500
2014-01-24,1573.107421875,1584.702808277027,1542.1863914695946,1573.107421875,90143000
2014-01-27,1538.321513896086,1538.321513896086,1491.9399607132893,1515.1307373046875,106837500
2014-01-28,1515.1306030273436,1553.7818939208983,1507.4003448486328,1546.0516357421875,77513500
2014-01-29,1553.7818939208983,1600.163442993164,1546.0516357421875,1546.0516357421875,144919000
2014-01-30,1522.8609111795497,1538.3214280443167,1518.995781963358,1534.456298828125,81985500
2014-02-03,1530.591237774332,1546.0517553276081,1518.995849609375,1518.995849609375,55407000
2014-02-04,1522.861083984375,1530.5913432939403,1499.6703060556788,1522.861083984375,83683500
2014-02-05,1530.5909098716236,1538.3211669921875,1518.995524190778,1538.3211669921875,42715000
2014-02-06,1526.7261298419219,1569.2425537109375,1522.8610003992842,1569.2425537109375,63581000
2014-02-07,1584.7030029296875,1592.433261480564,1573.1076151033726,1584.7030029296875,104825500
2014-02-10,1592.4330253031717,1604.0284114097483,1542.1863521746736,1553.78173828125,61835500
2014-02-11,1561.512294825662,1592.433330366764,1557.647165383024,1569.2425537109375,71441500
2014-02-12,1584.7027261974742,1600.1632405994008,1573.1073403960293,1592.4329833984375,112510500
2014-02-13,1600.1635200314406,1607.893778582317,1576.972744378811,1584.7030029296875,58160500
2014-02-14,1607.89406061747,1607.89406061747,1596.2986707572477,1604.0289306640625,77919000
2014-02-17,1619.4892578125,1631.0846462932577,1611.758998825328,1619.4892578125,97666500
2014-02-18,1619.4889408991887,1619.4889408991887,1607.8935546875,1607.8935546875,47891500
2014-02-19,1607.893778582317,1615.6240371331935,1569.2424858279344,1584.7030029296875,78352000
2014-02-20,1580.837653526893,1607.8935546875,1576.9725247896636,1607.8935546875,82013000
2014-02-21,1623.354159268466,1627.219288219105,1611.7587724165483,1615.6239013671875,64951500
2014-02-24,1619.4889408991887,1623.3540696364182,1596.2981684758113,1607.8935546875,37548000
2014-02-25,1607.89406061747,1615.6243205242847,1596.2986707572477,1604.0289306640625,58889000
2014-02-26,1607.8936378497567,1607.8936378497567,1573.107477415507,1588.5679931640625,76855000
2014-02-27,1588.5678547979558,1596.298111998919,1573.1073403960293,1592.4329833984375,66554500
2014-02-28,1592.4334015414884,1596.2985311568805,1569.2426238491366,1580.8380126953125,120073000
2014-03-03,1576.972606352646,1596.2982510383401,1569.2423484783683,1588.5679931640625,86498000
2014-03-04,1584.7030923702266,1627.2195167996717,1584.7030923702266,1619.4892578125,96861000
2014-03-05,1627.2192217930797,1634.949479378795,1619.4889642073645,1631.0843505859375,76239000
2014-03-06,1638.8152034389775,1646.5454638325577,1631.0849430453975,1634.9500732421875,96116500
2014-03-07,1638.8148193359375,1650.4102072085975,1631.0845607541644,1638.8148193359375,90006500
2014-03-10,1638.8150111607142,1638.8150111607142,1611.7591029575892,1623.3544921875,67316500
2014-03-11,1619.4889408991887,1631.0843271108774,1600.1632972130408,1607.8935546875,80642000
2014-03-12,1604.0287036250754,1607.893833031401,1596.2984448124246,1600.16357421875,71547000
2014-03-13,1615.6243205242847,1615.6243205242847,1596.2986707572477,1604.0289306640625,41286500
2014-03-14,1596.2984376653321,1719.9825781139778,1584.7030494982716,1712.2523193359375,198642500
2014-03-17,1712.2522822689248,1712.2522822689248,1662.0056012994078,1692.9266357421875,137724000
2014-03-18,1700.656625253183,1700.656625253183,1654.275080928096,1669.735595703125,112634000
2014-03-19,1669.7361547167056,1685.196674667786,1634.9499848267742,1654.275634765625,66348000
2014-03-20,1638.8148161158574,1638.8148161158574,1600.1635232829362,1611.7589111328125,120952000
2014-03-21,1611.7591029575892,1623.3544921875,1576.972935267857,1596.298583984375,127408500
2014-03-24,1596.2982510383401,1600.163379975479,1584.7028642269236,1588.5679931640625,70342000
2014-03-25,1596.298111998919,1596.298111998919,1584.7027261974742,1592.4329833984375,32775000
2014-03-26,1604.0289306640625,1611.7591905708773,1600.163800710655,1604.0289306640625,73571500
2014-03-27,1615.624091844052,1638.814868282005,1600.16357421875,1600.16357421875,104411000
2014-03-28,1623.354302172391,1646.5450779177108,1615.6240435906177,1638.8148193359375,126387500
2014-04-01,1654.275342688713,1716.1174115742722,1654.275342688713,1692.9266357421875,207948500
2014-04-02,1692.9266698994768,1696.7917992828088,1677.4661523661482,1685.1964111328125,110242500
2014-04-03,1692.9266357421875,1692.9266357421875,1685.1963771314927,1692.9266357421875,51530500
2014-04-04,1704.521968718498,1704.521968718498,1665.8706769108223,1677.466064453125,63947000
2014-04-07,1685.1964111328125,1716.1174461994697,1677.4661523661482,1685.1964111328125,130536000
2014-04-08,1681.331247826145,1696.791765047535,1677.4661185207976,1692.9266357421875,121323000
2014-04-09,1692.9266357421875,1692.9266357421875,1692.9266357421875,1692.9266357421875,0
2014-04-10,1611.7589528495018,1685.1964111328125,1611.7589528495018,1685.1964111328125,208691000
2014-04-11,1669.7356418918919,1719.9823163006756,1658.1402554898648,1716.1171875,150497500
2014-04-14,1708.3871923828124,1739.3082275390625,1700.65693359375,1739.3082275390625,75612000
2014-04-15,1704.521801097973,1735.4428315033783,1700.6566722972973,1716.1171875,44675500
2014-04-16,1708.3870849609377,1727.7127307184144,1704.5219558094423,1708.3870849609375,91011500
2014-04-17,1716.1176060267858,1731.578125,1716.1176060267858,1731.578125,64706500
2014-04-21,1731.5778977908278,1735.4430270269681,1723.8476393185474,1727.7127685546875,25826500
2014-04-22,1692.9265683549563,1712.252214112433,1685.1963100519656,1708.3870849609375,113037000
2014-04-23,1685.1963100519656,1712.252214112433,1685.1963100519656,1708.3870849609375,65790500
2014-04-24,1708.386873557351,1708.386873557351,1692.9263588645242,1700.6566162109375,41550000
2014-04-25,1700.6566162109377,1708.386873557351,1700.6566162109377,1700.6566162109375,43241000
2014-04-28,1704.5220172810104,1735.4430516081038,1638.8148193359375,1638.8148193359375,56595500
2014-04-29,1685.196101518111,1708.386873557351,1685.196101518111,1700.6566162109375,85302500
2014-04-30,1712.3319091796873,1716.2235726096412,1704.5485823197798,1712.3319091796875,91065500
2014-05-02,1727.8985020109624,1770.7067982319547,1708.440185546875,1708.440185546875,56020500
2014-05-05,1708.440185546875,1712.3318488396924,1708.440185546875,1708.440185546875,15491000
2014-05-06,1712.3319091796873,1731.7902263294566,1708.4402457497335,1712.3319091796875,16333000
2014-05-07,1712.3319091796873,1727.8985628995026,1704.5485823197798,1712.3319091796875,35320000
2014-05-08,1739.5734280547406,1743.4650912047512,1704.5484597046452,1720.1151123046875,30284000
2014-05-09,1704.5486951555527,1743.46533203125,1704.5486951555527,1743.46533203125,33977000
2014-05-12,1743.46533203125,1743.46533203125,1720.1153499058316,1743.46533203125,59734500
2014-05-13,1743.46533203125,1755.1403230939593,1727.898677280971,1743.46533203125,40691000
2014-05-14,1759.0317372057405,1790.165042289028,1743.4650846640968,1766.8150634765625,104184500
2014-05-16,1731.790095257864,1786.273379153617,1731.790095257864,1766.8150634765625,109104000
2014-05-19,1766.8150634765625,1794.0567054244389,1751.2484109349186,1766.8150634765625,119587500
2014-05-20,1735.681884765625,1770.7068555344379,1716.2235676718399,1735.681884765625,101861000
2014-05-21,1739.5736083984375,1755.1402626122938,1720.1152906311172,1739.5736083984375,64016000
2014-05-22,1778.4901123046875,1778.4901123046875,1727.8984898540073,1778.4901123046875,79345000
2014-05-23,1770.70654296875,1778.4898684323489,1751.2482293097528,1770.70654296875,45565000
2014-05-26,1759.0316162109375,1774.5982676818307,1751.2482904754909,1759.0316162109375,23381500
2014-05-28,1755.14013671875,1774.5984530903547,1751.248473444429,1755.14013671875,40749000
2014-05-30,1677.3067626953125,1762.9233491902007,1677.3067626953125,1677.3067626953125,167224000
2014-06-02,1735.681884765625,1735.681884765625,1708.4402408343258,1735.681884765625,64835500
2014-06-03,1751.24853515625,1774.598515625,1716.223564453125,1751.24853515625,81122000
2014-06-04,1720.1151123046875,1743.4650912047512,1716.223449154677,1720.1151123046875,35102000
2014-06-05,1724.006775454698,1724.006775454698,1712.3317860046664,1720.1151123046875,25373000
2014-06-06,1720.1151123046875,1727.8984386047086,1712.3317860046664,1720.1151123046875,32177500
2014-06-09,1724.0068359375,1727.8984992240405,1708.4401827913375,1724.0068359375,99228000
2014-06-10,1751.24853515625,1751.24853515625,1716.223564453125,1751.24853515625,45216000
2014-06-11,1751.24853515625,1751.24853515625,1724.0068912760416,1751.24853515625,41013000
2014-06-12,1743.46533203125,1751.2486594063896,1716.2236862182617,1743.46533203125,34239500
2014-06-13,1724.0068359375,1747.3568156567437,1720.1151726509593,1724.0068359375,40222500
2014-06-16,1716.223876953125,1731.7905334334255,1704.5488845928996,1716.223876953125,51139500
2014-06-17,1724.0068359375,1724.0068359375,1696.7651929317155,1724.0068359375,73381000
2014-06-18,1716.223876953125,1720.1155410732001,1712.3322128330499,1716.223876953125,75782500
2014-06-19,1720.1151123046875,1724.006775454698,1708.4401228546558,1720.1151123046875,41139000
2014-06-20,1696.765380859375,1735.682018035049,1685.090389706673,1696.765380859375,66914500
2014-06-23,1712.3319091796873,1720.115236039595,1704.5485823197798,1712.3319091796875,33760000
2014-06-24,1704.5484619140625,1720.1151145342824,1704.5484619140625,1704.5484619140625,28983500
2014-06-25,1665.6319580078125,1712.3319194472838,1665.6319580078125,1665.6319580078125,21102000
2014-06-26,1712.3319091796873,1712.3319091796873,1692.8735920299182,1712.3319091796875,62898500
2014-06-27,1685.0902099609375,1704.5485264731885,1685.0902099609375,1685.0902099609375,93469500
2014-06-30,1712.3319091796873,1712.3319091796873,1673.4152748801491,1712.3319091796875,50699500
2014-07-01,1712.3319091796873,1712.3319091796873,1692.8735920299182,1712.3319091796875,53438500
2014-07-02,1724.0068359375,1724.0068359375,1704.5485195047968,1724.0068359375,31442000
2014-07-03,1708.440185546875,1724.0068387181448,1708.440185546875,1708.440185546875,25151000
2014-07-04,1727.8985595703125,1743.4652132601352,1708.4402424580344,1727.8985595703125,55804000
2014-07-07,1755.14013671875,1759.031799993071,1739.5734836214663,1755.14013671875,71875000
2014-07-08,1759.0316162109375,1782.3815934172774,1747.3566276077675,1759.0316162109375,68302000
2014-07-09,1759.0316162109375,1759.0316162109375,1759.0316162109375,1759.0316162109375,0
2014-07-10,1786.2738037109375,1817.4071161939169,1778.4904755901928,1786.2738037109375,307891500
2014-07-11,1759.0316162109375,1790.164919152724,1731.7899761368742,1759.0316162109375,81939000
2014-07-14,1759.0316162109375,1778.489930549554,1747.3566276077675,1759.0316162109375,53238500
2014-07-15,1774.5982666015625,1786.2732551976255,1759.0316151401453,1774.5982666015625,71305500
2014-07-16,1813.5150146484377,1836.8649933778167,1790.1650359190585,1813.5150146484375,169153000
2014-07-17,1813.5150146484377,1836.8649933778167,1778.490046554369,1813.5150146484375,73349500
2014-07-18,1813.5150146484377,1829.0816671346904,1790.1650359190585,1813.5150146484375,106019500
2014-07-21,1813.5150146484377,1825.1900040131272,1809.6233515268743,1813.5150146484375,61900500
2014-07-22,1817.4063720703127,1829.0813594711926,1801.8397222024728,1817.4063720703125,94294000
2014-07-23,1809.6234130859375,1825.1900661017305,1797.9484233240928,1809.6234130859375,36247000
2014-07-24,1813.5150146484377,1825.1900040131272,1801.840025283748,1813.5150146484375,71035000
2014-07-25,1805.7320556640625,1813.5153834902005,1790.165400011786,1805.7320556640625,70788500
2014-08-04,1825.1900634765625,1825.1900634765625,1704.5485027776851,1825.1900634765625,120248500
2014-08-05,1829.0814208984375,1829.0814208984375,1821.298095703125,1829.0814208984375,39322000
2014-08-06,1829.0814208984375,1829.0814208984375,1801.8397827148438,1829.0814208984375,38810000
2014-08-07,1805.7320556640625,1825.190375229408,1797.9487278379243,1805.7320556640625,40512500
2014-08-08,1809.6234130859375,1817.406739593834,1805.7317498319892,1809.6234130859375,27918500
2014-08-11,1821.2979736328125,1840.7562853169238,1813.5146489591682,1821.2979736328125,27767500
2014-08-12,1821.2979736328125,1836.8646229801016,1817.4063112959905,1821.2979736328125,26468500
2014-08-13,1829.0814208984375,1832.9730834960938,1809.6231079101562,1829.0814208984375,51492000
2014-08-14,1829.0814208984375,1836.86474609375,1821.298095703125,1829.0814208984375,35854500
2014-08-15,1836.865478515625,1836.865478515625,1825.1904860674326,1836.865478515625,29399500
2014-08-18,1832.97314453125,1836.8648072584926,1825.189819076765,1832.97314453125,31281500
2014-08-19,1817.4063720703127,1844.6480093390326,1817.4063720703127,1817.4063720703125,39867000
2014-08-20,1832.97314453125,1832.97314453125,1817.4064936222799,1832.97314453125,34300500
2014-08-21,1836.865478515625,1836.865478515625,1821.298821918035,1836.865478515625,30454000
2014-08-22,1836.865478515625,1844.6488068144201,1821.298821918035,1836.865478515625,34615000
2014-08-25,1832.97314453125,1840.7564699857353,1829.0814818040076,1832.97314453125,33482500
2014-08-26,1836.865478515625,1840.7571426650225,1821.298821918035,1836.865478515625,58021500
2014-08-27,1844.649169921875,1844.649169921875,1817.407515513746,1844.649169921875,56590500
2014-08-28,1844.649169921875,1844.649169921875,1825.19084534464,1844.649169921875,64730500
2014-08-29,1743.46533203125,1844.6485879080637,1743.46533203125,1743.46533203125,84465500
2014-09-01,1821.2979736328125,1825.1896359696348,1809.622986622346,1821.2979736328125,53283000
2014-09-02,1821.2979736328125,1836.8646229801016,1821.2979736328125,1821.2979736328125,44688000
2014-09-03,1821.2979736328125,1836.8646229801016,1821.2979736328125,1821.2979736328125,29420500
2014-09-04,1836.865478515625,1836.865478515625,1825.1904860674326,1836.865478515625,37696000
2014-09-05,1883.5645751953125,1883.5645751953125,1829.0813023590845,1883.5645751953125,66048000
2014-09-08,1910.8070068359375,1926.373662696108,1875.7820311505538,1910.8070068359375,108762500
2014-09-09,1949.72314453125,1957.5064704575225,1914.698177863024,1949.72314453125,97355000
2014-09-10,1922.4818115234375,1953.6151202120764,1891.3485028347989,1922.4818115234375,75900500
2014-09-11,1899.1318359375,1934.1568083215932,1899.1318359375,1899.1318359375,47693500
2014-09-12,1875.7818603515625,1903.0235056263775,1871.8901967408744,1875.7818603515625,108570500
2014-09-15,1871.889892578125,1883.5648815131237,1852.4315776864605,1871.889892578125,42618500
2014-09-16,1860.215087890625,1879.6734047095645,1860.215087890625,1860.215087890625,58327500
2014-09-17,1906.9144287109375,1914.6977529097576,1871.8894698162467,1906.9144287109375,60281000
2014-09-18,1953.615234375,1957.5068981884958,1906.9152686130478,1953.615234375,67597000
2014-09-19,1961.3980712890625,1980.856385488359,1945.8314199296256,1961.3980712890625,117897500
2014-09-22,1992.531005859375,1992.531005859375,1953.614384651184,1992.531005859375,55171500
2014-09-23,1969.181396484375,1988.6397106788847,1965.2897336454732,1969.181396484375,37956500
2014-09-24,1941.9405517578125,1976.9655316492358,1941.9405517578125,1941.9405517578125,40181500
2014-09-25,2004.206298828125,2011.9896242604673,1945.8313580855583,2004.206298828125,91340000
2014-09-26,1992.531005859375,2000.314330101013,1965.2893710136414,1992.531005859375,78450000
2014-09-29,2035.340087890625,2035.340087890625,1992.5317877629063,2035.340087890625,56664500
2014-09-30,2035.340087890625,2043.123415186574,1980.8567968189832,2035.340087890625,120284000
2014-10-01,2027.5567626953125,2113.1733630394524,2027.5567626953125,2027.5567626953125,55827500
2014-10-02,1930.2655029296875,2008.0987893381425,1922.4821742888419,1930.2655029296875,151528500
2014-10-03,1887.4567871093748,1953.6150662451673,1879.6734601522228,1887.456787109375,69873000
2014-10-06,1914.6983642578125,1926.3733542837747,1875.781730837938,1914.6983642578125,36362500
2014-10-07,1941.9405517578125,1953.6155450549536,1903.0239074340086,1941.9405517578125,64333500
2014-10-08,1945.8319091796875,1961.398564453125,1903.0236071777342,1945.8319091796875,69397500
2014-10-09,1984.7486572265625,2004.2069773954504,1953.615344956342,1984.7486572265625,80639000
2014-10-10,1992.531005859375,2015.8809785842893,1961.3977088928223,1992.531005859375,76848000
2014-10-13,1961.3980712890625,1992.5313740079366,1961.3980712890625,1961.3980712890625,54695000
2014-10-14,1965.2899169921875,1984.7482330020111,1945.8316009823639,1965.2899169921875,43902500
2014-10-15,1973.0732421874998,2000.314884584566,1965.289915788338,1973.0732421875,42555500
2014-10-16,1961.3980712890625,1984.7480483282181,1961.3980712890625,1961.3980712890625,46722000
2014-10-17,1957.5068359374998,2000.3151365246022,1945.83184486829,1957.5068359375,77883000
2014-10-20,1965.2899169921875,1996.4232226079055,1965.2899169921875,1965.2899169921875,47758000
2014-10-21,1984.7486572265625,1996.4236493278954,1965.2903370576748,1984.7486572265625,51469500
2014-10-22,2027.5567626953125,2035.3400899993253,1988.640126175249,2027.5567626953125,70014000
2014-10-23,2066.472900390625,2070.364563103225,2031.4479359772245,2066.472900390625,89350000
2014-10-24,2074.256591796875,2113.173225789312,2039.231621203682,2074.256591796875,56123500
2014-10-27,2050.906494140625,2093.714789084737,2050.906494140625,2050.906494140625,40672000
2014-10-28,2074.256591796875,2085.931581994606,2058.6899381999,2074.256591796875,25416000
2014-10-29,2082.040771484375,2085.932436477804,2062.5824465172313,2082.040771484375,48666500
2014-10-30,2023.6649169921873,2054.7982234074516,2019.7732536902793,2023.6649169921875,65087000
2014-10-31,2031.4483642578125,2058.6900089892392,1996.423392460264,2031.4483642578125,86931000
2014-11-03,2035.340087890625,2047.0150788345484,2015.8817696507529,2035.340087890625,45283500
2014-11-04,2027.5567626953125,2031.448426347319,2011.9901080872871,2027.5567626953125,47220500
2014-11-05,2039.2320556640625,2043.123719892429,2027.557062978963,2039.2320556640625,35484000
2014-11-06,2019.7733154296873,2039.2316325340196,2015.881652008821,2019.7733154296875,51025500
2014-11-07,1976.965087890625,2023.6650505967027,1961.3984336552658,1976.965087890625,72696000
2014-11-10,1953.615234375,1976.965217255976,1945.831906748008,1953.615234375,49966500
2014-11-11,1996.423583984375,2011.9902396099842,1961.3986088267545,1996.423583984375,63908500
2014-11-12,2004.206298828125,2015.8812869766384,1973.072997098756,2004.206298828125,45788000
2014-11-13,2004.206298828125,2015.8812869766384,1980.8563225310984,2004.206298828125,35376500
2014-11-14,2011.989990234375,2023.664980506528,1996.423336538171,2011.989990234375,58056000
2014-11-17,2011.989807602047,2031.448122956032,2008.09814453125,2008.09814453125,39718000
2014-11-18,2039.2320556640625,2047.0153841207955,2019.77373452223,2039.2320556640625,68719500
2014-11-19,2078.147705078125,2085.9310298162454,2050.906068494704,2078.147705078125,146475500
2014-11-20,2062.58154296875,2078.148196123231,2058.6898796801297,2062.58154296875,71286000
2014-11-21,2074.256591796875,2085.931581994606,2047.0149480021691,2074.256591796875,52218500
2014-11-24,2066.472900390625,2105.3895275166255,2058.689574965425,2066.472900390625,77269000
2014-11-25,2062.58154296875,2074.256532834611,2062.58154296875,2062.58154296875,83678500
2014-11-26,2058.68994140625,2074.2565950274693,2058.68994140625,2058.68994140625,30011000
2014-11-27,2039.2320556640625,2074.257033719361,2031.4487272073295,2039.2320556640625,76328500
2014-11-28,2039.2320556640625,2050.907048349162,2027.557062978963,2039.2320556640625,40601500
2014-12-01,2054.7984061304974,2054.7984061304974,2031.4484242426506,2035.340087890625,66768000
2014-12-02,2035.3405058889678,2070.3654859138255,2035.3405058889678,2054.798828125,87585500
2014-12-03,2058.6898796801297,2078.148196123231,2039.2315632370282,2062.58154296875,56958500
2014-12-04,2078.148196123231,2085.9315227004718,2062.58154296875,2062.58154296875,52848000
2014-12-05,2078.206724016854,2097.7387420997193,2074.3003204002807,2086.01953125,66586500
2014-12-08,2074.30029296875,2093.8323107933147,2066.4874858389244,2074.30029296875,37435500
2014-12-09,2078.2070957399765,2093.8327130011794,2054.768669848172,2070.394287109375,38254000
2014-12-10,2054.769088859845,2089.9267348669523,2054.769088859845,2078.20751953125,32998000
2014-12-11,2078.206696533663,2089.9259072284017,2066.4874858389244,2074.30029296875,54459500
2014-12-12,2062.5814784787735,2082.113500055277,2062.5814784787735,2070.394287109375,50302000
2014-12-15,2031.3303793253115,2046.9559976278138,2011.7983564471833,2039.1431884765625,94633000
2014-12-16,2023.517709219966,2062.581757660506,2003.985684999696,2007.89208984375,70763000
2014-12-17,2031.330518908074,2039.1433285961818,2007.89208984375,2007.89208984375,51464000
2014-12-18,2031.3303547236271,2039.1431637802564,2019.611141138683,2027.4239501953125,52271000
2014-12-19,2054.768644560899,2070.394261629803,2046.9558360264468,2058.675048828125,83389500
2014-12-22,2070.3945158453334,2070.3945158453334,2043.0496826171875,2043.0496826171875,33301000
2014-12-23,2062.581362880228,2062.581362880228,2050.862150591136,2054.7685546875,21132000
2014-12-24,2070.3948419744315,2074.3012473366475,2058.675625887784,2062.58203125,19135500
2014-12-29,2054.7685546875,2070.3941710729564,2050.862150591136,2054.7685546875,24315000
2014-12-30,2043.0494959077382,2062.581517857143,2043.0494959077382,2050.8623046875,32338500
2015-01-02,2074.300846323399,2074.300846323399,2054.768823288339,2066.488037109375,29302500
2015-01-05,2054.769220525568,2062.58203125,2050.862815163352,2062.58203125,25434500
2015-01-06,2031.3307993648618,2062.5820424320136,2031.3307993648618,2046.9564208984375,48681500
2015-01-07,2039.143091517857,2062.581517857143,2039.143091517857,2050.8623046875,40334000
2015-01-08,2050.8623773652002,2054.768781893515,2027.4239501953125,2027.4239501953125,54457000
2015-01-09,2035.236701655434,2043.0495104909635,2019.611083984375,2019.611083984375,108957500
2015-01-12,2019.6111088679388,2031.330322265625,2000.0790865384615,2031.330322265625,81651000
2015-01-13,2039.1431311974159,2039.1431311974159,2027.4239177997297,2031.330322265625,36024000
2015-01-14,2035.236701655434,2035.236701655434,2019.611083984375,2019.611083984375,29728000
2015-01-15,2023.517333984375,2039.142950463019,2023.517333984375,2023.517333984375,27580500
2015-01-16,2035.2365463433578,2035.2365463433578,2023.517333984375,2023.517333984375,46354500
2015-01-19,2027.4239177997297,2035.2367267315205,2027.4239177997297,2031.330322265625,26134500
2015-01-20,2027.4240071302183,2039.143221044266,2019.6111978541867,2035.23681640625,36285500
2015-01-21,2039.1432778703097,2062.5817063515774,2035.2368731234317,2043.0496826171875,73258000
2015-01-22,2039.1435990767045,2066.488436612216,2039.1435990767045,2062.58203125,58654000
2015-01-23,2066.487907939288,2093.832738479128,2066.487907939288,2082.113525390625,121011000
2015-01-26,2082.1133833620484,2093.8325956511408,2035.2365342056796,2054.7685546875,103089000
2015-01-27,2054.769220525568,2066.488436612216,2050.862815163352,2062.58203125,49988500
2015-01-28,2058.6746787090983,2082.113100098576,2054.7682751441857,2074.30029296875,48230000
2015-01-29,2070.394312302122,2082.113525390625,2062.581503576454,2082.113525390625,41599500
2015-01-30,2093.833652161215,2097.74005822868,2082.11443395882,2089.92724609375,94142500
2015-02-02,2086.01953125,2089.9259348665732,2070.393916783708,2086.01953125,38816500
2015-02-03,2089.9262311017073,2109.458251953125,2086.0198269314237,2109.458251953125,67046500
2015-02-04,2113.3651065963636,2187.586801652428,2105.552296590462,2171.961181640625,136306000
2015-02-05,2171.9607058337137,2175.8671099808967,2089.9262187428717,2140.70947265625,83923500
2015-02-06,2152.4286850977987,2156.3350892449816,2132.896664361884,2140.70947265625,54060500
2015-02-09,2109.458113960598,2171.9605765964675,2109.458113960598,2156.3349609375,68609000
2015-02-10,2168.054729669744,2171.961134588068,2132.8970854048293,2148.522705078125,50540500
2015-02-11,2152.429003292611,2175.867431640625,2140.709789118604,2175.867431640625,46471500
2015-02-12,2175.867586643576,2179.7739916465266,2164.1483716347234,2171.961181640625,58455500
2015-02-13,2187.5865154300354,2226.6505603484293,2183.6801109381963,2191.492919921875,90653500
2015-02-16,2195.3989894321985,2214.9310089111327,2187.586181640625,2187.586181640625,30501000
2015-02-17,2187.5864509325042,2207.11847281583,2187.5864509325042,2199.3056640625,47945000
2015-02-18,2218.837685945826,2273.5273472191384,2187.5864509325042,2199.3056640625,57782000
2015-02-20,2234.4632120913034,2238.3696163082463,2195.399169921875,2195.399169921875,25162000
2015-02-23,2199.3057289055537,2222.7441558565897,2183.6801109381963,2191.492919921875,55871500
2015-02-24,2195.399169921875,2199.305574138818,2175.867148837161,2195.399169921875,46482000
2015-02-25,2187.586055241578,2214.930880932098,2187.586055241578,2203.211669921875,39573000
2015-02-26,2183.680046555839,2214.9312815691605,2183.680046555839,2199.3056640625,63400500
2015-02-27,2187.586055241578,2211.0244772620235,2187.586055241578,2203.211669921875,91257500
2015-03-02,2211.0254129366213,2234.4638448758787,2203.212602290202,2222.74462890625,105783500
2015-03-03,2242.2758153279624,2277.43345006307,2238.369411468506,2250.088623046875,100166000
2015-03-04,2265.7143292352685,2277.4335412830374,2246.1823091556544,2253.9951171875,61321500
2015-03-05,2265.71435546875,2289.152779835668,2261.807951407597,2265.71435546875,63347500
2015-03-06,2265.7144708502783,2293.059300670885,2265.7144708502783,2281.340087890625,84722000
2015-03-09,2250.08902173913,2261.8082353940217,2203.212167119565,2246.1826171875,75837500
2015-03-10,2250.088713171577,2269.6207332511913,2226.65028907604,2253.9951171875,56405500
2015-03-11,2226.6507241270797,2246.1827480229313,2222.7443193479094,2230.55712890625,86270500
2015-03-12,2222.7442953620157,2230.5571048360475,2211.025081150968,2218.837890625,57496500
2015-03-13,2218.837284602172,2230.556495612395,2195.3988625817265,2203.211669921875,79901500
2015-03-16,2191.4928802382396,2238.369733291464,2191.4928802382396,2211.02490234375,60353500
2015-03-17,2230.556495612395,2234.462899282469,2203.211669921875,2203.211669921875,50729500
2015-03-18,2203.212602290202,2226.6510342294596,2203.212602290202,2222.74462890625,52346500
2015-03-19,2234.4636890076754,2242.2764991091008,2214.9316637541115,2226.65087890625,58573500
2015-03-20,2214.9312034726768,2261.8080543398232,2214.9312034726768,2238.36962890625,104343000
2015-03-23,2250.0890462802768,2273.5274738456965,2250.0890462802768,2257.90185546875,44297500
2015-03-24,2273.52734375,2293.059365603522,2265.7145350085907,2273.52734375,64996000
2015-03-25,2273.527368790064,2304.778604099893,2265.714559962607,2285.24658203125,36811000
2015-03-26,2265.71444539318,2300.872083338936,2261.8080411769847,2269.620849609375,71972500
2015-03-27,2261.8082600629864,2269.6210692514596,2246.1826416860404,2257.90185546875,69993000
2015-03-30,2257.9015473464437,2289.152779835668,2257.9015473464437,2265.71435546875,50985500
2015-03-31,2312.5913983452783,2316.497802734375,2293.0593763997945,2316.497802734375,85598000
2015-04-01,2324.3106115125684,2332.123420290762,2308.6849939561816,2316.497802734375,42093500
2015-04-02,2332.1230835785736,2332.1230835785736,2300.8718529778557,2312.591064453125,42424000
2015-04-06,2312.5916713859147,2414.1581974940796,2308.6852665356005,2371.187744140625,71232500
2015-04-07,2418.064806969337,2437.5968328737745,2386.8135655222372,2390.719970703125,58844000
2015-04-08,2355.561832167741,2367.281045263103,2328.2170016118966,2347.7490234375,86916000
2015-04-09,2355.561767578125,2375.093788868159,2336.029746288091,2355.561767578125,68708000
2015-04-10,2375.093944663621,2379.0003491778707,2336.0298995211274,2351.655517578125,56706000
2015-04-13,2347.7490234375,2355.561832167741,2339.9362147072584,2347.7490234375,41635500
2015-04-14,2343.8425938022574,2363.3746154172763,2332.1233808332463,2336.02978515625,80112500
2015-04-15,2328.2169905323094,2336.029799225371,2289.152947067002,2304.778564453125,108377000
2015-04-16,2312.591423290688,2332.123445446859,2293.0594011345165,2328.217041015625,93601500
2015-04-17,2343.631693591102,2343.631693591102,2320.0380859375,2320.0380859375,129331500
2015-04-20,2312.1728515625,2343.630985597364,2300.376051299426,2312.1728515625,57051500
2015-04-21,2316.1054761233745,2359.3604171036072,2312.173208761535,2343.63134765625,101934500
2015-04-22,2351.495776162027,2351.495776162027,2331.83444024094,2339.698974609375,80424500
2015-04-23,2351.495882379929,2359.3604171036072,2339.6990802944106,2343.63134765625,45916500
2015-04-24,2343.63134765625,2359.3604171036072,2335.766812932571,2343.63134765625,51549000
2015-04-27,2327.902501925616,2335.7670374050945,2206.0022019937005,2233.528076171875,214693500
2015-04-28,2217.7988611404585,2233.5279310776245,2186.3407212661255,2209.934326171875,145994000
2015-04-29,2202.0699146412035,2202.0699146412035,2076.237348090278,2123.424560546875,289103500
2015-04-30,2091.966073965097,2154.882346866303,2029.0498010638914,2119.491943359375,201869500
2015-05-04,2119.492744265141,2178.4767723986793,2115.5604757229053,2158.8154296875,87705000
2015-05-05,2162.747005090817,2190.2728760647,2150.9502032448668,2178.47607421875,90141500
2015-05-06,2162.7468582487454,2166.679125263743,2135.2209891437615,2154.88232421875,150119000
2015-05-07,2139.153256158759,2166.679125263743,2135.2209891437615,2154.88232421875,55087000
2015-05-08,2162.7471757670714,2182.40851372859,2150.95037299016,2166.679443359375,56698000
2015-05-11,2170.611392278741,2174.5436592937385,2143.085523173757,2154.88232421875,67537000
2015-05-12,2143.0863555185565,2174.5445038564435,2139.1540869763203,2158.8154296875,54424500
2015-05-13,2147.0186240607923,2170.6122353142077,2147.0186240607923,2158.8154296875,68930000
2015-05-15,2158.8150767892216,2166.679612588089,2107.6955940965804,2127.35693359375,102469000
2015-05-18,2139.1533203125,2143.0855874454273,2127.3565189137175,2139.1533203125,43827000
2015-05-19,2143.0857988853595,2178.4762065733744,2131.2889963226876,2147.01806640625,52107000
2015-05-20,2166.6796197564754,2206.0022988809123,2154.8828160191442,2182.40869140625,58482500
2015-05-21,2194.205568998894,2261.054125760509,2186.341032909292,2221.7314453125,63650000
2015-05-22,2241.392754212489,2280.7154341109535,2217.7991462734103,2257.121826171875,63902500
2015-05-25,2257.1216153231535,2261.0538829456677,2241.3925448330965,2249.257080078125,39425000
2015-05-26,2233.528218232796,2280.7154341109535,2225.663682253103,2257.121826171875,117738500
2015-05-27,2257.1221405564693,2264.986677631579,2241.39306640625,2241.39306640625,79384000
2015-05-28,2217.799038620804,2241.392645414642,2209.934503022858,2225.66357421875,36940000
2015-05-29,2237.4605174917037,2249.257321626106,2213.8669092228984,2221.7314453125,111287500
2015-06-01,2202.0701050884954,2221.7314453125,2194.205568998894,2221.7314453125,24317000
2015-06-03,2202.0695944393383,2206.0018615722656,2119.491984647863,2139.1533203125,159175000
2015-06-04,2123.4243567230506,2162.7470299956994,2123.4243567230506,2143.085693359375,58319500
2015-06-05,2115.5599262391256,2154.882601448031,2115.5599262391256,2147.01806640625,48272000
2015-06-08,2123.424146452003,2139.1532142034994,2107.6950787005067,2135.220947265625,86888000
2015-06-09,2107.6956245594456,2127.3569643407836,2052.643873171699,2091.966552734375,131941500
2015-06-10,2091.9664139452393,2139.153626289869,2052.6437369913815,2095.898681640625,82218000
2015-06-11,2107.695100362828,2119.4919012976943,2068.372430579939,2099.83056640625,64210500
2015-06-12,2072.305246720224,2091.966586821934,2064.44071067954,2084.10205078125,77427500
2015-06-15,2091.966552734375,2095.8988206906424,2080.1697488655723,2091.966552734375,44849000
2015-06-16,2088.0337654713835,2119.4919012976943,2068.372430579939,2099.83056640625,67394000
2015-06-17,2123.425012807377,2174.5445038564435,2115.5604757229053,2158.8154296875,69230000
2015-06-18,2154.88249534117,2154.88249534117,2123.4243567230506,2143.085693359375,29546500
2015-06-19,2143.085523173757,2174.5436592937385,2143.085523173757,2154.88232421875,70895500
2015-06-22,2154.8831611452642,2170.6122353142077,2147.0186240607923,2158.8154296875,36878000
2015-06-23,2158.8152199140195,2162.7474880741547,2150.95068359375,2150.95068359375,41165500
2015-06-24,2147.01796068664,2166.6792973229644,2143.085693359375,2143.085693359375,58809500
2015-06-25,2143.0855456973272,2154.882346866303,2099.830608077748,2119.491943359375,82101000
2015-06-26,2115.5597495891952,2162.746955899735,2091.9661464339256,2131.288818359375,65003500
2015-06-29,2107.6954897280093,2131.289095956308,2095.89868661386,2123.424560546875,50187000
2015-06-30,2143.085899070457,2162.7472375940392,2123.424560546875,2123.424560546875,69145000
2015-07-01,2139.1536313657407,2147.0181667751735,2123.424560546875,2123.424560546875,35987500
2015-07-02,2119.491984647863,2158.8146559771367,2099.830648983226,2139.1533203125,54548500
2015-07-03,2123.4243567230506,2147.01796068664,2123.4243567230506,2143.085693359375,22845500
2015-07-06,2135.2210531795727,2147.0178545783547,2123.42425178079,2139.1533203125,45003000
2015-07-07,2127.357284083511,2143.0863582726683,2076.23779296875,2076.23779296875,64968500
2015-07-08,2107.6954847267825,2115.560020117554,2060.508272382153,2095.898681640625,74970000
2015-07-09,2068.372978699882,2084.10205078125,2052.6439066185144,2084.10205078125,58611000
2015-07-10,2084.1020168218397,2107.6956245594456,2084.1020168218397,2091.966552734375,42836500
2015-07-13,2091.9664189091436,2131.289095956308,2091.9664189091436,2123.424560546875,53040500
2015-07-14,2131.2887860466453,2147.0178545783547,2123.42425178079,2139.1533203125,41833500
2015-07-15,2119.4922928421583,2123.424560546875,2107.6954897280093,2123.424560546875,61445000
2015-07-22,2135.22108555192,2135.22108555192,2088.0338792413804,2131.288818359375,89975500
2015-07-23,2139.1537073863637,2186.3409215198863,2127.3569038529827,2162.747314453125,37129500
2015-07-24,2166.6799667719715,2166.6799667719715,2139.1540869763203,2158.8154296875,19026000
2015-07-27,2123.4243490793447,2127.3566163924547,2076.237141322026,2115.559814453125,64015500
2015-07-28,2076.237315955529,2080.169583599384,2029.050104229267,2044.7791748046875,112963500
2015-07-29,2044.7793994710603,2068.3730079264956,1989.727646408378,2021.185791015625,81937500
2015-07-30,2025.1174795627594,2064.4401490688324,2013.3206787109375,2013.3206787109375,46801000
2015-07-31,2036.915176973998,2068.373326425334,2021.1861022483301,2060.5087890625,115876500
2015-08-03,2032.9825665168044,2084.10205078125,2032.9825665168044,2084.10205078125,61213000
2015-08-04,2091.966552734375,2107.6956245594456,2064.4406770405017,2091.966552734375,44712500
2015-08-05,2091.9660519787867,2178.4759263087362,2080.169250933793,2154.88232421875,73984500
2015-08-06,2154.8825029013815,2186.3406416298685,2154.8825029013815,2170.611572265625,66426000
2015-08-07,2154.8827787642044,2170.6118501420456,2135.2214395419032,2162.747314453125,27262000
2015-08-10,2147.0179359628837,2178.47607421875,2135.2211341169336,2178.47607421875,25633500
2015-08-11,2178.4760246699148,2186.3405590550046,2099.8306808190155,2131.288818359375,52619000
2015-08-12,2076.237093037072,2084.101627480394,2040.846688042122,2068.37255859375,148795000
2015-08-13,2021.1860333066998,2080.1700615160394,2021.1860333066998,2076.23779296875,102339000
2015-08-14,2084.10205078125,2088.0343188015922,2072.305246720224,2084.10205078125,31860000
2015-08-18,2084.1016189486995,2095.89842056539,2032.9821452763729,2040.8466796875,102204500
2015-08-19,2021.185771311362,2036.914843461645,1989.727627010796,1997.5921630859375,82035000
2015-08-20,1997.5923368683173,1997.5923368683173,1926.8115060344005,1930.7437744140625,127105500
2015-08-21,1903.217681949013,1918.9467537006578,1863.8950025699012,1867.8272705078125,109838000
2015-08-24,1793.1138343473451,1863.894643597898,1730.1975594579644,1777.384765625,173094000
2015-08-25,1808.8431777133737,1883.5562654884914,1793.1141066028226,1828.5045166015625,184156000
2015-08-26,1863.8956298828125,1871.7601684055248,1812.7761294851825,1863.8956298828125,104006500
2015-08-27,1911.0818612234932,2005.4562741234188,1911.0818612234932,1981.8626708984375,113488500
2015-08-28,2021.185791015625,2029.0503271674368,2005.4567187120015,2021.185791015625,108531000
2015-08-31,2021.185513755148,2029.050048828125,2001.5241760727047,2029.050048828125,98327000
2015-09-01,2021.1856090022368,2021.1856090022368,1966.1338608971173,1977.9306640625,51436500
2015-09-02,1918.9469692750763,1958.2696530716967,1918.9469692750763,1930.7437744140625,106837000
2015-09-03,1954.3368738686165,1958.269141220465,1926.8110024056782,1934.675537109375,44130500
2015-09-04,1930.7429356166294,1930.7429356166294,1915.0138689313615,1926.8106689453125,50424000
2015-09-07,1918.9469687663784,1918.9469687663784,1875.6920166015625,1875.6920166015625,35620000
2015-09-08,1859.9629079527774,1887.4887860831568,1848.1661030397577,1856.0306396484375,66183500
2015-09-09,1871.7597482229428,1891.421090116041,1871.7597482229428,1875.6920166015625,53327500
2015-09-10,1863.8952114657036,1891.421090116041,1852.0984063298447,1875.6920166015625,63130500
2015-09-11,1887.4888217374214,1887.4888217374214,1871.7597482229428,1875.6920166015625,45032500
2015-09-14,1887.4880956224174,1907.1494299518176,1875.6912950247774,1903.2171630859375,35836000
2015-09-15,1887.4884365193514,1903.2175068236793,1859.9625634867775,1879.6239013671875,38335000
2015-09-16,1871.7601684055248,1875.6924376668808,1856.0310913601002,1863.8956298828125,66782000
2015-09-17,1879.6236035555662,1922.8785400390625,1875.691336602521,1922.8785400390625,57698000
2015-09-18,1903.217895756428,1930.7437744140625,1895.3533589971041,1930.7437744140625,99438000
2015-09-21,1903.2176009849845,1922.8789398381352,1891.4207976730943,1915.014404296875,47211000
2015-09-22,1895.3532031651876,1918.9468115033435,1895.3532031651876,1911.082275390625,58871000
2015-09-23,1875.691806383635,1887.4886101973684,1863.8950025699012,1867.8272705078125,90731500
2015-09-25,1875.691981170137,1883.556517778817,1844.2338347354178,1856.0306396484375,71245500
2015-09-28,1848.1662087035334,1848.1662087035334,1800.978986353656,1804.9112548828125,49442500
2015-09-29,1789.1817788516773,1883.556202351546,1777.3849759141938,1871.7593994140625,68056000
2015-09-30,1887.48882223778,1958.2696530716967,1871.759748719132,1930.7437744140625,91292000
2015-10-01,1934.6759887695312,1966.1341349283853,1887.48876953125,1887.48876953125,49868500
2015-10-02,1887.4886101973684,1942.5403613281248,1867.8272705078125,1867.8272705078125,43348000
2015-10-05,1934.6760944503235,2013.321464143426,1915.014752027048,1973.998779296875,110755500
2015-10-06,1981.8628061655406,2056.5758881440033,1981.8628061655406,2036.91455078125,141434500
2015-10-07,2044.7791748046875,2076.237315955529,2036.9146395169773,2044.7791748046875,121875500
2015-10-08,2060.5087890625,2099.83147587667,2048.711983018249,2060.5087890625,80631000
2015-10-09,2095.8991357051964,2111.628209894354,2076.23779296875,2076.23779296875,148204000
2015-10-12,2084.102571006133,2139.1543370327104,2084.102571006133,2103.763916015625,154913500
2015-10-13,2107.695365287162,2107.695365287162,2032.9822833086994,2036.91455078125,86162000
2015-10-15,2044.7789468930637,2068.3725501264453,2032.9821452763729,2040.8466796875,112243500
2015-10-16,2044.778814315796,2044.778814315796,2005.456144809723,2013.3206787109375,80741500
2015-10-19,2013.3209523809523,2088.0340345982145,2013.3209523809523,2064.4404296875,75688000
2015-10-20,2088.034598610618,2091.966867157907,2068.3732558741713,2076.23779296875,76519500
2015-10-21,2091.9664139452393,2123.4245555083257,2091.9664139452393,2095.898681640625,48500500
2015-10-22,2115.560092299732,2123.4246279588388,2099.831020981518,2107.695556640625,41297500
2015-10-23,2166.6791480352795,2166.6791480352795,2111.6274092467243,2119.491943359375,54593500
2015-10-26,2147.01806640625,2158.8148689689215,2135.221263843578,2147.01806640625,72511000
2015-10-27,2131.2889963226876,2154.882601448031,2115.5599262391256,2147.01806640625,41899000
2015-10-28,2111.6273456383806,2158.8145488928694,2111.6273456383806,2135.220947265625,51959500
2015-10-29,2143.085635805311,2158.8147046919557,2044.7789552637832,2068.37255859375,73029000
2015-10-30,2084.1017943389656,2084.1017943389656,2029.050048828125,2029.050048828125,66730000
2015-11-02,2013.3208170254402,2029.0498859084516,1993.6594809216763,2009.3885498046875,85304000
2015-11-03,2029.0498863771388,2080.1693602587334,2029.0498863771388,2068.37255859375,61280000
2015-11-04,2084.1020535090784,2143.0860738914107,2084.1020535090784,2111.6279296875,81950500
2015-11-05,2123.424283974285,2158.81468870719,2095.8984136264703,2131.288818359375,58454500
2015-11-06,2162.746955899735,2162.746955899735,2115.5597495891952,2131.288818359375,28853500
2015-11-09,2123.4244419642855,2123.4244419642855,2048.711359747024,2064.4404296875,37358000
2015-11-10,2044.7793478753626,2084.1020276421964,2032.9825439453125,2032.9825439453125,68137000
2015-11-11,2036.9144124819363,2064.4402829208816,2032.9821452763729,2040.8466796875,43298000
2015-11-12,2040.8466796875,2091.9661533598264,2040.8466796875,2040.8466796875,26996500
2015-11-13,2037.6878333912596,2057.4328705365238,2037.6878333912596,2041.6368408203125,39106500
2015-11-16,2029.7896080312805,2037.6876220703127,1998.1975518751515,2037.6876220703125,36399000
2015-11-17,2069.279752604167,2100.8718098958334,2069.279752604167,2073.228759765625,77918000
2015-11-18,2073.228825118756,2104.82088340628,2061.3818032609342,2065.330810546875,34843500
2015-11-19,2069.2796126553453,2089.024647127247,2045.5855712890625,2045.5855712890625,85414000
2015-11-20,2045.5854371509624,2085.075503505228,2037.6874238801092,2077.177490234375,51167500
2015-11-23,2092.97381178777,2104.8208333639272,2081.126790211613,2100.871826171875,52341000
2015-11-24,2092.973827581459,2144.3109214655324,2092.973827581459,2128.514892578125,94665500
2015-11-25,2128.514860026042,2152.2089029947915,2124.565852864583,2132.4638671875,51458500
2015-11-26,2148.260108595194,2168.0051463580176,2132.4640783849354,2136.4130859375,84898500
2015-11-27,2148.259609672053,2148.259609672053,2069.279476963522,2077.177490234375,23257500
2015-11-30,2069.2800110479798,2073.2290187026515,1954.7587890625,1954.7587890625,356188000
2015-12-01,2006.0957160229952,2104.820898898143,2006.0957160229952,2092.973876953125,144760000
2015-12-02,2096.9228189798228,2124.5658693241894,2069.279768635456,2100.871826171875,69710500
2015-12-03,2085.0757974036655,2108.76984055598,2073.2287758275083,2100.871826171875,38554500
2015-12-04,2100.8718098958334,2100.8718098958334,2069.279752604167,2073.228759765625,45929500
2015-12-07,2085.075651287807,2108.769692779714,2081.1266443724894,2089.024658203125,49197000
2015-12-08,2065.330876150882,2108.7699576760438,2053.4838539167467,2057.432861328125,52757500
2015-12-09,2057.432861328125,2057.432861328125,2057.432861328125,2057.432861328125,0
2015-12-10,2037.6876953125,2132.4638671875,2037.6876953125,2132.4638671875,76059500
2015-12-11,2124.566002123284,2124.566002123284,2057.432875662139,2085.075927734375,59727500
2015-12-14,2053.483868223248,2085.075927734375,2045.5858533454664,2085.075927734375,47580500
2015-12-15,2061.3820139178792,2085.0760600548665,2061.3820139178792,2069.280029296875,47291500
2015-12-16,2112.718863690718,2140.3619142436805,2096.9228348033107,2128.514892578125,70100000
2015-12-17,2179.8518210018383,2179.8518210018383,2144.3107587028953,2148.259765625,114667500
2015-12-18,2124.5657204409854,2132.463734271621,2089.024658203125,2089.024658203125,90887000
2015-12-21,2077.177701946454,2112.7187652877433,2077.177701946454,2081.126708984375,34568000
2015-12-22,2085.075927734375,2100.8719574899387,2081.126920295484,2085.075927734375,61600500
2015-12-23,2077.177701946454,2100.87174417398,2073.228694908533,2081.126708984375,45442000
2015-12-28,2069.2794965847793,2116.6675766592402,2069.2794965847793,2104.820556640625,65440500
2015-12-29,2085.075862323113,2116.6679208431606,2085.075862323113,2092.973876953125,57153500
2015-12-30,2092.97381178777,2164.0559412447133,2092.97381178777,2100.871826171875,72863000
2016-01-04,2081.1266443724894,2120.6167135256674,2077.1776374571714,2089.024658203125,77479500
2016-01-05,2085.0764237733647,2140.3625410703858,2085.0764237733647,2112.719482421875,96609000
2016-01-06,2104.820964928829,2132.4640170010653,2085.075927734375,2085.075927734375,105370000
2016-01-07,2069.2799166165864,2077.177931565505,2053.48388671875,2053.48388671875,146746500
2016-01-08,2045.5858717698318,2069.2799166165864,2045.5858717698318,2053.48388671875,125820000
2016-01-11,2045.5860815908395,2049.535089470359,2013.9940185546877,2013.9940185546875,75952000
2016-01-12,2037.6879677808922,2089.025067744364,2037.6879677808922,2069.280029296875,86093500
2016-01-13,2089.024723060217,2100.87174417398,2077.177701946454,2081.126708984375,76587000
2016-01-14,2053.4838539167467,2077.1778983850168,2049.5348465053685,2057.432861328125,119213500
2016-01-15,2069.2799166165864,2077.177931565505,2053.48388671875,2053.48388671875,68326000
2016-01-18,2029.7896326318642,2069.279703305636,2025.840625564487,2049.53466796875,81317000
2016-01-19,2061.3818032609342,2069.2798178328153,2045.5857741171724,2065.330810546875,54711000
2016-01-20,2053.4838539167467,2065.330876150882,2049.5348465053685,2057.432861328125,75676000
2016-01-21,2061.381598866584,2061.381598866584,2045.5855712890625,2045.5855712890625,76938000
2016-01-22,2061.3819016676684,2069.2799166165864,2045.5858717698318,2053.48388671875,71511000
2016-01-25,2085.07578125,2089.0247884114583,2057.4327311197917,2073.228759765625,56835500
2016-01-26,2061.3819016676684,2077.177931565505,2049.534879244291,2053.48388671875,57143000
2016-01-27,2069.280029296875,2085.0760600548665,2065.3310216073774,2069.280029296875,122278500
2016-01-28,2069.279476963522,2096.922523411508,2069.279476963522,2077.177490234375,126774000
2016-01-29,2085.0760600548665,2089.025067744364,2049.534990849386,2069.280029296875,175698000
2016-02-01,2069.279623626536,2089.024658203125,2049.5345890499466,2089.024658203125,89371000
2016-02-02,2089.025067744364,2089.025067744364,2065.3310216073774,2069.280029296875,96631000
2016-02-03,2053.4835780352014,2069.279605558549,2049.534571154364,2061.381591796875,65229000
2016-02-04,2053.4834504218156,2092.9735167760814,2053.4834504218156,2077.177490234375,82874000
2016-02-05,2069.279847896299,2144.3109874192564,2069.279847896299,2120.616943359375,265133500
2016-02-09,2116.6678549400845,2120.616862132137,2085.0757974036655,2100.871826171875,54516500
2016-02-10,2092.973600628237,2116.667641390066,2092.973600628237,2096.922607421875,69001500
2016-02-11,2085.075974367978,2140.3620797489466,2085.075974367978,2108.77001953125,159586000
2016-02-12,2112.718634596428,2140.361682151895,2092.973600628237,2096.922607421875,121062500
2016-02-15,2116.6680345856744,2124.5660496400983,2104.821012004038,2108.77001953125,64452500
2016-02-16,2104.820946536847,2136.4130057719217,2104.820946536847,2116.66796875,100538500
2016-02-17,2116.66796875,2128.5149909631527,2108.769953941231,2116.66796875,76406500
2016-02-18,2132.4639983675374,2144.31102058069,2116.66796875,2116.66796875,146528500
2016-02-19,2100.8716606052444,2100.8716606052444,2041.6365573926905,2061.381591796875,147712000
2016-02-22,2057.432666756849,2092.973730098138,2053.483659718928,2081.126708984375,55658000
2016-02-23,2085.0760600548665,2096.92308312336,2057.4330062283816,2069.280029296875,92492000
2016-02-24,2057.432861328125,2077.1778983850168,2033.738816859855,2057.432861328125,84799500
2016-02-25,2069.2798178328153,2085.0758469765774,2057.432795974994,2065.330810546875,74008000
2016-02-26,2077.1779593135534,2132.4640646945227,2077.1779593135534,2108.77001953125,141175000
2016-02-29,2132.463899799977,2136.4129070218287,2112.718863690718,2128.514892578125,138837000
2016-03-01,2128.5149909631527,2140.362013176306,2108.769953941231,2116.66796875,79590500
2016-03-02,2136.4126943141555,2140.3617011428323,2104.820639684741,2124.565673828125,126069500
2016-03-03,2120.617055727241,2140.3620934900646,2120.617055727241,2136.4130859375,115057500
2016-03-04,2148.259553406998,2164.0555795349906,2136.4125338110034,2144.310546875,102347000
2016-03-07,2148.259553406998,2156.1575664709944,2132.4635272790056,2144.310546875,105623000
2016-03-08,2132.4639983675374,2144.31102058069,2085.075909514925,2116.66796875,110122000
2016-03-10,2104.820946536847,2124.5659835587685,2077.1778947061566,2116.66796875,109073500
2016-03-11,2116.66796875,2116.66796875,2116.66796875,2116.66796875,0
2016-03-14,2116.66796875,2116.66796875,2116.66796875,2116.66796875,0
2016-03-15,2144.310546875,2148.259553406998,2132.4635272790056,2144.310546875,70072000
2016-03-16,2148.259765625,2152.208772547105,2136.412744858686,2148.259765625,72058000
2016-03-17,2160.1071119186877,2187.750164539219,2152.20909688425,2168.005126953125,125371000
2016-03-18,2156.157650690009,2199.596724238709,2140.3616239450275,2164.0556640625,120955000
2016-03-21,2164.056053978562,2195.6481131607306,2156.15803918302,2175.903076171875,46224000
2016-03-22,2171.9534961295217,2171.9534961295217,2144.310451633328,2156.157470703125,47434000
2016-03-23,2156.15791015625,2156.15791015625,2120.616845703125,2132.4638671875,52128000
2016-03-24,2116.6675766592402,2124.5655900049837,2092.9735366220098,2104.820556640625,73214500
2016-03-28,2104.820751211901,2104.820751211901,2061.38167379477,2081.126708984375,59829500
2016-03-29,2081.1268396906366,2089.0248542625177,2065.330810546875,2065.330810546875,88822500
2016-03-30,2073.228759765625,2124.565852864583,2073.228759765625,2073.228759765625,137086000
2016-03-31,2096.9228189798228,2104.8208333639272,2081.126790211613,2100.871826171875,107951000
2016-04-01,2100.871826171875,2104.8208333639272,2085.0757974036655,2100.871826171875,73802500
2016-04-04,2120.616583332112,2120.616583332112,2100.8715499677533,2104.820556640625,49630500
2016-04-05,2104.820556640625,2124.5655900049837,2100.8715499677533,2104.820556640625,83700500
2016-04-06,2100.8716606052444,2120.616695009429,2061.381591796875,2061.381591796875,89264000
2016-04-07,2085.0760600548665,2092.9740754338623,2069.280029296875,2069.280029296875,101318500
2016-04-08,2069.2798178328153,2085.0758469765774,2065.330810546875,2065.330810546875,70473500
2016-04-11,2065.330810546875,2065.330810546875,2065.330810546875,2065.330810546875,0
2016-04-12,2053.4835780352014,2073.228612439386,2049.534571154364,2061.381591796875,56727000
2016-04-13,2061.381591796875,2061.381591796875,2061.381591796875,2061.381591796875,0
2016-04-14,2061.381591796875,2061.381591796875,2061.381591796875,2061.381591796875,0
2016-04-15,2078.102294921875,2078.102294921875,2078.102294921875,2078.102294921875,0
2016-04-18,2078.102294921875,2078.102294921875,2078.102294921875,2078.102294921875,0
2016-04-19,2078.102294921875,2078.102294921875,2078.102294921875,2078.102294921875,0
2016-04-20,2074.121336026956,2094.0265311903627,2070.1402969942746,2086.064453125,69313000
2016-04-21,2086.064453125,2090.045492157681,2070.1402969942746,2086.064453125,62586000
2016-04-22,2086.0638839285716,2094.025959821429,2078.1018080357144,2090.044921875,39264000
2016-04-25,2086.064453125,2090.045492157681,2058.197179896231,2086.064453125,62079000
2016-04-26,2078.1018867639964,2078.1018867639964,2034.3104676942569,2062.177734375,129737500
2016-04-27,2062.1781394052323,2078.102294921875,2058.1971005260716,2078.102294921875,64185500
2016-04-28,2090.045248020633,2098.00732515595,2070.1400551823417,2074.12109375,68854000
2016-04-29,2074.1212560427143,2090.045411559357,2070.1402171635536,2078.102294921875,61001500
2016-05-02,2086.064453125,2090.045492157681,2066.1592579615935,2086.064453125,26048000
2016-05-03,2090.045411559357,2098.0074893176784,2074.1212560427143,2078.102294921875,82224500
2016-05-04,2078.1023750596373,2086.064453125,2074.121336026956,2086.064453125,75545000
2016-05-09,2086.0638839285716,2101.9880357142856,2078.1018080357144,2090.044921875,91446000
2016-05-10,2078.1021313893502,2117.91251704815,2078.1021313893502,2098.00732421875,158328000
2016-05-11,2094.02587890625,2117.9121056618346,2086.063803321055,2094.02587890625,91480000
2016-05-12,2086.063803321055,2101.9879544914447,2086.063803321055,2094.02587890625,43259500
2016-05-13,2070.1396521506654,2101.9879544914447,2070.1396521506654,2094.02587890625,75686000
2016-05-16,2086.064209452975,2086.064209452975,2062.177978047025,2074.12109375,84077000
2016-05-17,2074.120930833083,2078.1019690880407,2054.215739558293,2070.139892578125,64829000
2016-05-18,2054.215900911708,2078.1021323176583,2054.215900911708,2074.12109375,66771000
2016-05-19,2070.1397293473024,2074.120767288355,2062.1776534651976,2066.15869140625,105881500
2016-05-20,2062.177978047025,2074.12109375,2062.177978047025,2074.12109375,68004000
2016-05-23,2070.1402969942746,2086.064453125,2058.197179896231,2086.064453125,31748500
2016-05-24,2078.1018052294075,2082.08284317046,2066.15869140625,2066.15869140625,69157000
2016-05-25,2070.139892578125,2074.120930833083,2050.2347013033354,2070.139892578125,84150500
2016-05-26,2082.0831708853166,2082.0831708853166,2054.215900911708,2074.12109375,42055000
2016-05-27,2070.139892578125,2074.120930833083,2054.215739558293,2070.139892578125,80811500
2016-05-30,2074.121253273704,2117.9126808860087,2066.159175526012,2101.988525390625,99330000
2016-05-31,2117.9123516376203,2117.9123516376203,2070.139892578125,2070.139892578125,160724000
2016-06-01,2086.0642085211102,2098.00732421875,2078.1021313893502,2098.00732421875,82418000
2016-06-02,2086.063803321055,2101.9879544914447,2082.0827655284575,2094.02587890625,88747000
2016-06-03,2078.1018080357144,2094.025959821429,2074.120770089286,2090.044921875,53839500
2016-06-06,2090.044921875,2101.9880357142856,2082.0828459821428,2090.044921875,105900000
2016-06-07,2094.0265311903627,2094.0265311903627,2082.083414092319,2086.064453125,87665500
2016-06-08,2082.083414092319,2090.045492157681,2070.1402969942746,2086.064453125,89579500
2016-06-09,2074.120930833083,2078.1019690880407,2062.1778160682093,2070.139892578125,67474500
2016-06-10,2066.1590989369256,2070.140137663201,2054.2159827580995,2058.197021484375,77928000
2016-06-13,2046.253661631605,2062.1778146404113,2030.3295086227986,2034.310546875,75798500
2016-06-14,2022.3677945266902,2046.2540283203125,2018.3867555610866,2046.2540283203125,78620500
2016-06-15,2046.2539053055486,2062.17806021065,2038.2918278529978,2058.197021484375,35512500
2016-06-16,2062.1778160682093,2074.120930833083,2058.196777813251,2070.139892578125,49661000
2016-06-17,2070.1399739583335,2074.121012369792,2046.2537434895835,2054.2158203125,60702000
2016-06-20,2054.216188665022,2062.178266915662,2026.3489147877833,2042.2730712890625,46267000
2016-06-21,2042.2730712890627,2054.216188665022,2026.3489147877833,2042.2730712890625,89712000
2016-06-22,2042.2727050781252,2082.0830891927085,2042.2727050781252,2054.2158203125,60166000
2016-06-23,2054.215658180502,2074.1208486667474,2046.253581986004,2062.177734375,30252000
2016-06-24,2050.2346998838066,2062.1778146404113,2010.4243173617908,2034.310546875,86883500
2016-06-27,2014.4050340652466,2042.2722973823547,2014.4050340652466,2038.291259765625,44316000
2016-06-28,2042.2727852087332,2090.045248020633,2042.2727852087332,2074.12109375,121856000
2016-06-29,2094.0263653518564,2117.91259765625,2094.0263653518564,2117.91259765625,200147000
2016-06-30,2133.83642486515,2141.798501077333,2113.9312343346915,2121.893310546875,186770500
2016-07-01,2129.855467826973,2145.779620857455,2101.9882000236294,2105.96923828125,126695500
2016-07-11,2125.87451171875,2165.6848958333335,2109.950358072917,2149.7607421875,197073000
2016-07-12,2165.6852982954547,2209.476728959517,2157.723219992898,2189.571533203125,190642000
2016-07-13,2197.533203125,2201.5142415364585,2189.5711263020835,2197.533203125,138530500
2016-07-14,2213.457193422834,2221.4192696581677,2201.514079069833,2205.4951171875,148394000
2016-07-15,2201.5138397216797,2233.3621412004745,2201.5138397216797,2229.381103515625,195893000
2016-07-18,2213.4578433019715,2229.3820004480285,2201.5147254424282,2221.419921875,116023000
2016-07-19,2229.381590089598,2281.135091288106,2229.381590089598,2277.154052734375,195665500
2016-07-20,2285.116128994107,2305.0213217553796,2281.1350904418523,2301.040283203125,142149000
2016-07-21,2312.983317057292,2336.869547526042,2309.0022786458335,2316.96435546875,202871500
2016-07-22,2309.0023598859725,2324.9265140920825,2269.191974370697,2312.9833984375,111507000
2016-07-25,2312.9832355367726,2320.945312079068,2289.097005909887,2309.002197265625,111434500
2016-07-26,2312.983234684642,2312.983234684642,2261.2297371787895,2285.115966796875,138118000
2016-07-27,2297.0591634114585,2332.8885091145835,2293.078125,2316.96435546875,208198500
2016-07-28,2309.0021968425044,2309.0021968425044,2277.1538906791593,2297.05908203125,94670000
2016-07-29,2309.0023603076343,2328.907553068907,2301.040283203125,2301.040283203125,115674000
2016-08-01,2289.0970079438025,2384.641926536239,2289.0970079438025,2368.7177734375,221091000
2016-08-02,2368.718096923828,2388.623291015625,2360.756019287109,2388.623291015625,158875000
2016-08-03,2388.623372939274,2396.585450849071,2376.6802560745773,2384.642333984375,115363500
2016-08-04,2388.623291015625,2400.566407470703,2384.6422521972654,2388.623291015625,131859500
2016-08-05,2396.5852859193915,2428.4335953668256,2388.623208557533,2404.54736328125,175943500
2016-08-08,2412.5094406431085,2436.3956727286836,2384.642169876604,2404.54736328125,79174000
2016-08-09,2404.5474462890625,2404.5474462890625,2380.6612133789063,2388.623291015625,96702000
2016-08-10,2388.623210179766,2388.623210179766,2364.736978077968,2380.6611328125,64883500
2016-08-11,2404.5473649142978,2404.5473649142978,2372.699055445234,2380.6611328125,107876500
2016-08-12,2392.604329833984,2424.452640380859,2380.6612133789063,2388.623291015625,131484500
2016-08-15,2412.509113501869,2424.452227925145,2388.6228846553154,2396.5849609375,104034500
2016-08-16,2420.4714359504133,2420.4714359504133,2404.547281766529,2408.5283203125,60200500
2016-08-18,2408.5278340389855,2436.395098234478,2408.5278340389855,2420.470947265625,186254500
2016-08-19,2452.3199071946487,2460.2819848154104,2428.433674332363,2436.395751953125,169403500
2016-08-22,2452.3199071946487,2452.3199071946487,2432.414713142744,2436.395751953125,110468500
2016-08-23,2468.24439315671,2468.24439315671,2404.5477636558917,2432.4150390625,76704500
2016-08-24,2436.395751953125,2444.3578295738866,2432.414713142744,2436.395751953125,111416000
2016-08-25,2444.3577484631146,2444.3577484631146,2384.6421682889345,2428.43359375,71705000
2016-08-26,2428.4330227500514,2428.4330227500514,2412.5088717811986,2420.470947265625,48785500
2016-08-29,2424.4528048954867,2424.4528048954867,2380.661374922005,2392.6044921875,40904000
2016-08-30,2392.604329833984,2392.604329833984,2380.6612133789063,2388.623291015625,70749500
2016-08-31,2364.7366558087624,2416.490151642961,2364.7366558087624,2396.5849609375,169155000
2016-09-01,2364.737058105469,2400.566407470703,2364.737058105469,2388.623291015625,56229500
2016-09-02,2396.5853686523437,2436.3957568359374,2384.6422521972654,2388.623291015625,63478000
2016-09-05,2432.414718017578,2432.414718017578,2384.6422521972654,2388.623291015625,74444000
2016-09-06,2396.585531275998,2404.547609452995,2380.661374922005,2392.6044921875,70876500
2016-09-07,2436.395098234478,2436.395098234478,2404.5467962967723,2420.470947265625,137103000
2016-09-08,2436.3956719136117,2436.3956719136117,2412.5094398360275,2416.490478515625,88467500
2016-09-09,2416.490151642961,2416.490151642961,2384.6418465142233,2396.5849609375,86764000
2016-09-13,2396.585531275998,2404.547609452995,2364.7372185680115,2392.6044921875,108835000
2016-09-14,2380.661295029476,2388.623372939274,2356.7750613000835,2384.642333984375,92904000
2016-09-15,2420.471518004967,2436.3956727286836,2384.642169876604,2404.54736328125,159713000
2016-09-16,2404.54736328125,2424.452556685896,2388.623208557533,2404.54736328125,151477000
2016-09-19,2428.43359375,2432.4146324282788,2404.547361680328,2428.43359375,70684000
2016-09-20,2420.471518004967,2432.4146340477546,2404.54736328125,2404.54736328125,74726500
2016-09-21,2404.547362476833,2424.4525558748196,2400.5663237972353,2416.490478515625,93367000
2016-09-22,2444.357666015625,2484.168051455619,2440.376627471626,2444.357666015625,112772500
2016-09-23,2464.26318359375,2484.168378937803,2448.3390273185078,2464.26318359375,111259000
2016-09-26,2464.262858735622,2464.262858735622,2428.4335118396275,2444.357666015625,56087500
2016-09-27,2404.5475845336914,2547.864990234375,2388.6234283447266,2547.864990234375,121486000
2016-09-28,2480.186765995366,2496.1109185860264,2452.31949896171,2456.300537109375,104262000
2016-09-29,2468.2441359673094,2531.940758830982,2468.2441359673094,2504.073486328125,131983000
2016-09-30,2543.883958950164,2547.864998009554,2468.2442168217553,2500.092529296875,146694500
2016-10-03,2539.902750268975,2579.7131382042253,2539.902750268975,2543.8837890625,78715000
2016-10-04,2579.7127253134795,2579.7127253134795,2531.940267437304,2539.90234375,81285000
2016-10-05,2508.054280341426,2547.8646657436707,2508.054280341426,2516.016357421875,63367500
2016-10-06,2547.8642531695723,2555.826328960727,2508.053874213798,2512.034912109375,58324500
2016-10-07,2547.8646657436707,2547.8646657436707,2508.054280341426,2516.016357421875,46006500
2016-10-10,2500.092529296875,2535.921880831384,2492.130451178095,2500.092529296875,24959000
2016-10-11,2535.9215501229974,2535.9215501229974,2504.0732418012017,2516.016357421875,72176500
2016-10-12,2516.0165233123,2523.9786009177187,2448.338863666241,2484.168212890625,78936000
2016-10-13,2484.1674757281553,2496.1105885922334,2444.3570995145633,2460.28125,57745000
2016-10-14,2464.2628563989565,2555.8267428241197,2448.338702238059,2516.016357421875,107271500
2016-10-17,2516.0157908313677,2535.9209790499704,2516.0157908313677,2531.93994140625,114630500
2016-10-18,2547.8648267133954,2559.8079430886146,2539.902749129916,2555.826904296875,160526000
2016-10-19,2543.8837890625,2571.7510606171754,2519.99755630135,2543.8837890625,43748000
2016-10-20,2523.9785985553076,2539.9027537512397,2508.054443359375,2508.054443359375,38996000
2016-10-21,2523.978434502324,2523.978434502324,2512.0353188816507,2516.016357421875,52681000
2016-10-24,2527.959144020385,2527.959144020385,2476.2056497333533,2496.11083984375,64539500
2016-10-25,2488.148843088458,2500.0919575352823,2464.2626141948085,2468.24365234375,105666000
2016-10-26,2484.1678049395164,2484.1678049395164,2464.2626141948085,2468.24365234375,61653500
2016-10-27,2468.2440588516506,2480.187175265449,2464.263020047051,2472.22509765625,79667000
2016-10-28,2472.225096482497,2484.168212890625,2456.3009412716597,2484.168212890625,72105000
2016-10-31,2468.2440588516506,2484.1682140700486,2456.3009424378524,2472.22509765625,65543500
2016-11-01,2468.2433252427186,2492.129550970874,2460.28125,2460.28125,77657500
2016-11-02,2460.2821445249397,2472.225261731371,2440.3769491808866,2464.26318359375,101446000
2016-11-03,2468.2436515523705,2468.2436515523705,2436.3953463710495,2456.300537109375,68455000
2016-11-04,2444.357423450101,2468.24365234375,2436.3953471522177,2468.24365234375,62182500
2016-11-07,2428.433592164671,2472.225017597149,2404.5473601105923,2452.31982421875,110497000
2016-11-08,2452.319499747984,2484.1678049395164,2452.319499747984,2468.24365234375,106514500
2016-11-09,2468.244062436172,2480.187178867315,2428.433674332363,2436.395751953125,126875000
2016-11-10,2436.3955078125,2456.300699869792,2424.452392578125,2424.452392578125,69882500
2016-11-11,2388.6228805100086,2388.6228805100086,2309.0021178263414,2336.869384765625,222566500
2016-11-14,2293.078206521739,2293.078206521739,2221.419512567935,2289.09716796875,156689000
2016-11-15,2277.153971354167,2368.7178548177085,2245.3056640625,2316.96435546875,135474500
2016-11-16,2320.9453133290003,2376.679849155083,2320.9453133290003,2344.83154296875,129035500
2016-11-17,2348.8125,2364.7366525423727,2340.8504237288134,2348.8125,120499000
2016-11-18,2340.8505046954583,2348.8125812420417,2328.9073898755837,2344.83154296875,80701500
2016-11-21,2340.8505046954583,2352.7936195153334,2328.9073898755837,2344.83154296875,87375000
2016-11-22,2309.0029230215446,2344.832278723603,2309.0029230215446,2332.88916015625,129317000
2016-11-23,2332.888022494154,2348.812172818346,2328.906984913106,2340.85009765625,51143500
2016-11-24,2309.0022786458335,2340.8505859375,2293.078125,2316.96435546875,83313000
2016-11-25,2309.0023598859725,2316.9644369890275,2301.0402827829175,2312.9833984375,71262500
2016-11-28,2301.0402836277176,2312.9833992866847,2281.135090862772,2289.09716796875,75786000
2016-11-29,2281.134928527194,2297.059081605918,2249.2866223697465,2285.115966796875,101969000
2016-11-30,2285.116129841838,2293.0782069493007,2273.1730141806433,2277.154052734375,163078500
2016-12-01,2288.355862742457,2332.362706256735,2284.355240604795,2320.36083984375,107127500
2016-12-02,2344.364612169932,2420.376434066227,2332.3627455547276,2348.365234375,137411500
2016-12-05,2348.36512397011,2372.368856072019,2320.360769851216,2344.364501953125,64879000
2016-12-06,2352.3658565800683,2360.3671009902046,2336.363367759796,2348.365234375,59009500
2016-12-07,2352.3657459870947,2356.3663680040795,2336.3632579191553,2344.364501953125,69524500
2016-12-08,2320.360506018814,2380.3698294503347,2320.360506018814,2352.365478515625,121795500
2016-12-09,2368.3679647640306,2368.3679647640306,2344.364235391422,2352.365478515625,86596000
2016-12-13,2348.3648569535235,2364.367343201929,2320.360506018814,2352.365478515625,121360000
2016-12-14,2352.3654561705507,2400.372914459746,2352.3654561705507,2360.36669921875,128356000
2016-12-15,2356.3666748459973,2372.3691649977527,2352.3660523080584,2364.367919921875,125417000
2016-12-16,2352.3656764674834,2400.3731392525337,2344.3644326699746,2368.3681640625,105628500
2016-12-19,2320.3606151846348,2372.3686979387735,2320.3606151846348,2356.3662109375,53658000
2016-12-20,2328.3623170804253,2368.368542459814,2328.3623170804253,2364.367919921875,37145000
2016-12-21,2368.368345400341,2368.368345400341,2340.363989964864,2348.365234375,97165000
2016-12-22,2320.360329749248,2332.3621935238134,2304.357844716495,2328.361572265625,75773000
2016-12-23,2304.3581314878893,2336.363105536332,2284.3550227076125,2312.359375,73656500
2016-12-27,2288.3557260874154,2376.3694078600083,2260.351372796136,2368.3681640625,41749000
2016-12-28,2384.3705631897283,2404.37367194132,2356.3662109375,2356.3662109375,70098000
2016-12-29,2368.3683899124594,2468.3839469188974,2356.3665230716865,2456.382080078125,122316500
2016-12-30,2456.3822509765623,2488.3872314453124,2452.381628417969,2480.385986328125,235500500
2017-01-02,2480.385986328125,2480.385986328125,2480.385986328125,2480.385986328125,0
2017-01-03,2480.3852546800713,2524.39208984375,2436.3784195163926,2524.39208984375,46748000
2017-01-04,2536.394603559166,2540.395225962256,2504.3896243344448,2512.390869140625,85216500
2017-01-05,2512.3905144163673,2524.3923799310955,2500.3886489016395,2508.389892578125,97909000
2017-01-06,2472.384692852314,2512.390917655749,2472.384692852314,2496.388427734375,36603000
2017-01-09,2488.387058320185,2496.3883028807004,2424.377101836065,2456.382080078125,88087500
2017-01-10,2472.3843003310167,2480.3855440214084,2452.3811911050375,2464.383056640625,52004500
2017-01-11,2488.3865863077003,2492.387207829095,2448.38037109375,2448.38037109375,43772500
2017-01-12,2448.380481813316,2472.3842120271715,2444.379860111006,2452.381103515625,30781000
2017-01-13,2432.3777746522096,2492.387094750537,2432.3777746522096,2444.379638671875,69512500
2017-01-16,2432.3783077635917,2440.3795521970246,2400.37333002986,2428.377685546875,62039500
2017-01-17,2428.377685546875,2440.3795521970246,2424.3770633301588,2428.377685546875,22368500
2017-01-18,2444.379749572355,2448.38037109375,2424.37664196538,2448.38037109375,93410500
2017-01-19,2456.381215066057,2464.382456808943,2440.3787315802847,2460.3818359375,34360500
2017-01-20,2440.379638671875,2444.3802610303533,2408.374659804047,2440.379638671875,44242500
2017-01-23,2432.3777512458473,2448.380236451412,2408.3740234375,2408.3740234375,21962000
2017-01-24,2432.3777512458473,2440.3789938486298,2408.3740234375,2408.3740234375,36251000
2017-01-25,2444.3801587975545,2444.3801587975545,2392.3720703125,2392.3720703125,33161500
2017-01-26,2400.3729128370096,2468.383478700725,2400.3729128370096,2448.38037109375,53606000
2017-01-27,2424.3768381886666,2488.3867877118,2424.3768381886666,2464.383056640625,37555500
2017-01-30,2492.387632499621,2492.387632499621,2452.381410469129,2472.384521484375,33673000
2017-01-31,2448.38037109375,2488.3865863077003,2440.37912805096,2448.38037109375,36946500
2017-02-01,2480.385409808043,2480.385409808043,2468.383544921875,2468.383544921875,43359000
2017-02-02,2452.381410469129,2476.3851436874243,2444.380166063031,2472.384521484375,61584000
2017-02-03,2472.3846315251412,2480.3858762873583,2468.3840091440325,2476.38525390625,44754000
2017-02-06,2492.3878052540313,2508.3902951754058,2480.385937813001,2496.388427734375,63275000
2017-02-07,2468.383696875,2500.388671875,2468.383696875,2500.388671875,47873500
2017-02-08,2500.3890502147187,2504.389672695062,2484.3865602933442,2496.388427734375,73968000
2017-02-09,2496.38805,2504.38929375,2496.38805,2500.388671875,134806500
2017-02-10,2500.3885904947915,2512.3904557291667,2400.373046875,2400.373046875,82921000
2017-02-13,2480.385608519525,2504.389340214875,2456.3818768241745,2484.38623046875,98775500
2017-02-14,2472.3847412109376,2488.3872314453124,2460.3828735351562,2480.385986328125,68492000
2017-02-15,2480.385986328125,2480.385986328125,2480.385986328125,2480.385986328125,0
2017-02-16,2496.3884765625,2496.3884765625,2460.3828735351562,2480.385986328125,109934500
2017-02-17,2472.3846315251412,2492.3877434306846,2456.3821420007066,2476.38525390625,54111500
2017-02-20,2496.38825470267,2496.38825470267,2464.383277078277,2472.384521484375,49225000
2017-02-21,2464.38349609375,2484.386608886719,2464.38349609375,2480.385986328125,47016500
2017-02-22,2464.38349609375,2492.3878540039063,2464.38349609375,2480.385986328125,47767500
2017-02-23,2464.38349609375,2492.3878540039063,2464.38349609375,2480.385986328125,81655500
2017-02-24,2484.386608886719,2496.3884765625,2480.385986328125,2480.385986328125,33280500
2017-02-27,2480.385986328125,2484.386608886719,2464.38349609375,2480.385986328125,28618000
2017-02-28,2480.3857658904735,2488.3870102965716,2464.383277078277,2472.384521484375,110184500
2017-03-01,2464.38349609375,2484.386608886719,2464.38349609375,2480.385986328125,102209000
2017-03-02,2504.3897216796877,2508.390344238281,2476.385363769531,2480.385986328125,78309500
2017-03-03,2472.3846315251412,2488.387121049576,2468.3840091440325,2476.38525390625,88454000
2017-03-06,2464.383386762924,2476.38525390625,2456.3821420007066,2476.38525390625,44661500
2017-03-07,2464.383277078277,2480.3857658904735,2464.383277078277,2472.384521484375,52582000
2017-03-08,2480.385986328125,2484.386608886719,2472.3847412109376,2480.385986328125,87391500
2017-03-09,2500.388671875,2512.3905375,2480.3855625,2500.388671875,47322000
2017-03-10,2512.3905375,2512.3905375,2476.384940625,2500.388671875,34386000
2017-03-13,2496.3879622186496,2504.389205687299,2476.384853547026,2488.38671875,24933000
2017-03-14,2512.3905144163673,2544.3954891223084,2504.3892707398822,2508.389892578125,62225000
2017-03-15,2524.392760645467,2524.392760645467,2484.386536229533,2504.3896484375,70286000
2017-03-16,2544.395641609252,2560.39812992126,2528.393153297244,2540.39501953125,186021500
2017-03-17,2560.3982170846393,2592.4031947981975,2540.3951060136656,2552.39697265625,223808500
2017-03-20,2576.4007687961703,2596.4038803551466,2552.3970349253987,2572.400146484375,191276500
2017-03-21,2596.4029435847356,2604.4041853215144,2584.4010809795673,2600.403564453125,133231500
2017-03-22,2568.3991665569965,2616.4066276141366,2568.3991665569965,2612.406005859375,178821000
2017-03-23,2624.4083501976656,2680.4170649884695,2620.4077277126084,2656.413330078125,195774000
2017-03-24,2688.4178389350454,2688.4178389350454,2632.409133957232,2648.41162109375,86403000
2017-03-27,2648.41162109375,2660.4134864461384,2640.4103775254907,2648.41162109375,74524000
2017-03-29,2668.4146615216832,2692.418391610334,2660.4134181587997,2672.415283203125,112645500
2017-03-30,2692.418701171875,2700.419945454704,2672.4155904648032,2692.418701171875,96488000
2017-03-31,2692.4184607191746,2720.4228132080816,2648.41162109375,2648.41162109375,81642500
2017-04-03,2652.412353515625,2712.4216827806845,2652.412353515625,2652.412353515625,186889000
2017-04-04,2680.416259765625,2704.419987465019,2664.413774632696,2680.416259765625,74096500
2017-04-05,2680.416259765625,2680.416259765625,2680.416259765625,2680.416259765625,0
2017-04-06,2752.4280415764792,2780.4323966506586,2752.4280415764792,2772.43115234375,117034500
2017-04-07,2796.434750427774,2796.434750427774,2752.4279088616713,2776.431640625,133337000
2017-04-10,2820.438482191102,2840.441591993876,2760.429152782781,2776.431640625,79805500
2017-04-11,2800.4355706594733,2816.4380596346705,2760.429348221481,2792.434326171875,88702000
2017-04-12,2792.4337493637126,2832.4399635379777,2788.4331279462863,2824.438720703125,56825500
2017-04-13,2832.4403480727665,2832.4403480727665,2752.4279088616713,2776.431640625,52786000
2017-04-17,2797.3919297278894,2797.3919297278894,2692.5905029657497,2728.867919921875,93984000
2017-04-18,2736.9295681343474,2749.022040453056,2716.7754476031664,2728.867919921875,102219500
2017-04-19,2728.867919921875,2728.867919921875,2728.867919921875,2728.867919921875,0
2017-04-20,2773.207205988456,2845.7620456800146,2761.1147327065296,2793.361328125,146846500
2017-04-21,2753.0527162128933,2821.576722326538,2744.9910684348174,2817.5458984375,86655500
2017-04-25,2845.761854851383,2845.761854851383,2789.330316653197,2805.45361328125,111180500
2017-04-26,2845.7620612250435,2902.193603515625,2789.330518934462,2902.193603515625,82166000
2017-04-27,2805.4537881151928,2841.731207789096,2805.4537881151928,2825.60791015625,68316500
2017-04-28,2825.607594148878,2865.9158337230415,2825.607594148878,2861.885009765625,68971000
2017-05-02,2861.885123652453,2894.131716595016,2861.885123652453,2886.070068359375,138473000
2017-05-03,2869.946657680458,2878.0083055952905,2861.885009765625,2861.885009765625,43521500
2017-05-04,2869.946715024544,2902.1933073281907,2865.9158909865882,2873.9775390625,123050500
2017-05-05,2861.8849476144956,2873.9774192241343,2833.6691805253386,2865.915771484375,33583500
2017-05-08,2882.038876844316,2926.3779364880747,2873.97722963636,2894.13134765625,64042500
2017-05-09,2950.5634969075522,2958.6251458062065,2878.0086568196616,2902.193603515625,50148500
2017-05-10,2861.885061862579,2914.2857742628794,2861.885061862579,2890.100830078125,78922000
2017-05-12,2986.8409169514975,2990.8717414008247,2878.0086568196616,2902.193603515625,141996500
2017-05-15,2902.1929848030823,2942.501220703125,2902.1929848030823,2942.501220703125,41290500
2017-05-16,2886.0700964215157,2894.1317447355423,2777.237844182157,2805.45361328125,237774500
2017-05-17,2805.453764518805,2809.4845888931136,2728.868101406941,2732.89892578125,166786000
2017-05-18,2708.713833512931,2813.5152615952766,2708.713833512931,2805.45361328125,203136500
2017-05-19,2805.453586002968,2914.2858371841176,2757.0836965891235,2886.070068359375,182948000
2017-05-22,2926.3776959211227,2942.500989011597,2809.4838210151825,2845.76123046875,81751500
2017-05-23,2845.7615946106994,2861.884889764301,2793.3608853614937,2853.8232421875,87609500
2017-05-24,2813.515074548462,2817.5458984375,2801.422602881348,2817.5458984375,97663500
2017-05-26,2821.5764747066146,2857.8538865242713,2813.514827636024,2833.6689453125,126066500
2017-05-29,2849.792476004857,2894.131538573532,2825.607532785579,2865.915771484375,103340500
2017-05-30,2853.8234918767757,2869.9467884410515,2837.7001953125,2837.7001953125,56862000
2017-05-31,2837.7000956632655,2845.7617436623086,2765.145263671875,2765.145263671875,1062861500
2017-06-01,2765.145263671875,2765.145263671875,2765.145263671875,2765.145263671875,0
2017-06-02,2809.483823075254,2845.7612325554223,2793.360529972957,2829.637939453125,241656500
2017-06-05,2869.9467201824755,2873.9775442276755,2817.546007594874,2857.854248046875,102575000
2017-06-06,2821.5762929019766,2849.7920558309966,2821.5762929019766,2829.637939453125,87003500
2017-06-07,2845.761832590853,2878.0084255947154,2837.7001843398875,2869.94677734375,74324000
2017-06-08,2878.0083579857483,2910.254950232087,2878.0083579857483,2890.100830078125,92743000
2017-06-09,2918.316422801907,2918.316422801907,2825.607475668697,2853.8232421875,101066500
2017-06-12,2853.8233618507925,2886.0699535101235,2837.700066021127,2861.885009765625,38489500
2017-06-13,2861.885185615166,2894.1317792559003,2857.854361410074,2882.039306640625,49797000
2017-06-14,2853.8237718945584,2898.162841796875,2853.8237718945584,2898.162841796875,79121500
2017-06-15,2902.193234937673,2918.3165306873266,2882.039115250606,2910.2548828125,116159000
2017-06-16,2926.378315100509,2926.378315100509,2869.94677734375,2869.94677734375,607322000
2017-06-19,2902.193302170502,2910.254950232087,2882.0391820165405,2890.100830078125,56511500
2017-06-20,2890.10039811108,2930.4086323943584,2890.10039811108,2918.316162109375,87824500
2017-06-21,2918.3166450248973,2938.4707655015886,2910.2549968342205,2934.43994140625,68809000
2017-06-22,2942.5012240659435,2954.593694849776,2898.162164525224,2926.3779296875,82107500
2017-06-23,2926.3779296875,2926.3779296875,2926.3779296875,2926.3779296875,0
2017-06-26,2926.3779296875,2926.3779296875,2926.3779296875,2926.3779296875,0
2017-06-27,2926.3779296875,2926.3779296875,2926.3779296875,2926.3779296875,0
2017-06-28,2926.3779296875,2926.3779296875,2926.3779296875,2926.3779296875,0
2017-06-29,2926.3779296875,2926.3779296875,2926.3779296875,2926.3779296875,0
2017-06-30,2926.3779296875,2926.3779296875,2926.3779296875,2926.3779296875,0
2017-07-03,2966.68676097973,2982.81005859375,2914.286043734164,2982.81005859375,213038500
2017-07-04,2982.809446597035,3019.086858785377,2970.7169758675873,2990.87109375,64599000
2017-07-05,2990.8706067992166,3011.0247214002898,2950.562377597071,2958.6240234375,56981000
2017-07-06,2934.4401229209534,2958.625068988983,2918.3168255422665,2938.470947265625,89306500
2017-07-07,2958.6251121727196,2990.8717074007604,2954.5942877692146,2982.81005859375,82260000
2017-07-10,2982.8095783171107,3006.9945208440063,2942.501340772285,2950.56298828125,40506000
2017-07-11,2954.593994140625,2974.748114155227,2942.501522131864,2954.593994140625,61603500
2017-07-12,2934.4396280317164,2978.7786883453828,2918.316333372202,2970.717041015625,89196500
2017-07-13,2982.81005859375,2986.840882997255,2946.5326389622046,2982.81005859375,64456000
2017-07-14,2990.871221791143,2990.871221791143,2950.5629843006964,2966.686279296875,41700000
2017-07-17,2942.501340772285,2966.6862832991806,2942.501340772285,2950.56298828125,61702000
2017-07-18,2934.4390859162127,2958.6240234375,2930.408262995998,2958.6240234375,39056500
2017-07-19,2958.624689455768,2978.77880859375,2950.5630418005753,2978.77880859375,45057500
2017-07-20,2978.7788707867544,2982.8096946985092,2958.624751227981,2974.748046875,59790000
2017-07-21,2974.74836636767,2978.7791907123415,2938.470947265625,2938.470947265625,25438500
2017-07-24,2958.62468521303,3002.963747253007,2934.439742282133,2994.902099609375,91781000
2017-07-25,3006.9945710748234,3011.025394896639,2966.686332856662,2994.902099609375,64479500
2017-07-26,3006.9948051036117,3047.3030464588883,2990.8715085615013,3027.14892578125,118081000
2017-07-27,3027.1493510794135,3039.2418251849235,3015.056876973903,3031.18017578125,63409500
2017-07-28,3063.426773395944,3063.426773395944,3015.056876973903,3031.18017578125,84735000
2017-07-31,2998.933343081551,3035.2107625543113,2994.9025186956883,3015.056640625,65311000
2017-08-01,3043.272092307732,3059.3953881610178,3019.087148527803,3051.333740234375,88810000
2017-08-02,3051.333740234375,3059.3953881610178,3035.210444381089,3051.333740234375,62681500
2017-08-03,3071.48855078125,3071.48855078125,2990.8720533854166,3023.11865234375,43917500
2017-08-04,3023.1178663620876,3023.1178663620876,2990.8712757875587,2994.902099609375,70007000
2017-08-07,3023.1177413223572,3023.1177413223572,2994.9019757366823,3002.963623046875,57609000
2017-08-08,3015.0561407791943,3071.4876728258637,3015.0561407791943,3063.426025390625,58013000
2017-08-09,3067.456911270483,3067.456911270483,3023.117849478137,3059.395263671875,62335500
2017-08-10,3071.4881120051045,3071.4881120051045,3019.087396183495,3035.210693359375,38466500
2017-08-11,3019.087283051477,3035.2105796231804,2994.9023381939214,3011.025634765625,68837000
2017-08-14,3011.026177734375,3035.211126953125,3006.9953528645833,3023.11865234375,32254000
2017-08-15,3015.0564589085507,3031.1797554802542,2982.809865765144,3011.025634765625,42814000
2017-08-16,3019.087210196036,3051.3338025612807,3006.9947380590693,3047.302978515625,54188500
2017-08-17,3047.302978515625,3047.302978515625,3047.302978515625,3047.302978515625,0
2017-08-18,3023.118289396725,3047.303235711898,3002.964167467413,3015.056640625,54443500
2017-08-21,3031.18017578125,3035.211000483087,3015.056876973903,3031.18017578125,20734000
2017-08-22,3031.18017578125,3043.2726498867605,3031.18017578125,3031.18017578125,35817000
2017-08-23,3047.302845290062,3087.611083984375,3039.2411975511995,3087.611083984375,48576500
2017-08-24,3087.6113397200693,3087.6113397200693,3043.2722734838803,3055.36474609375,57641000
2017-08-25,3079.549072265625,3095.6723658376964,3059.394955300536,3079.549072265625,43855500
2017-08-28,3047.3023043291287,3079.5488895601247,3043.271481175254,3075.51806640625,28840500
2017-08-29,3071.4872432523757,3075.51806640625,3047.3023043291287,3075.51806640625,32155000
2017-08-30,3095.6723658376964,3095.6723658376964,3051.3333085145005,3079.549072265625,42254000
2017-08-31,3055.36474609375,3095.672988126649,3055.36474609375,3055.36474609375,65610500
2017-09-01,3055.36474609375,3055.36474609375,3055.36474609375,3055.36474609375,0
2017-09-04,3059.3957587437912,3063.426583195364,3015.0566897764897,3043.2724609375,37213500
2017-09-05,3063.426025390625,3063.426025390625,3011.0253170615747,3063.426025390625,73701500
2017-09-06,3063.4262746982477,3067.4570987439033,3031.179682333003,3047.302978515625,59771000
2017-09-07,3079.5496913134893,3079.5496913134893,3023.1181524674307,3055.36474609375,44964000
2017-09-08,3019.08733402323,3067.4572245549775,3015.056509812251,3039.241455078125,51583000
2017-09-11,3059.395450652592,3067.4570987439033,3047.302978515625,3047.302978515625,36496500
2017-09-12,3055.3648025572847,3079.5497482239653,3051.3339782795047,3067.457275390625,52225000
2017-09-13,3039.2414435439223,3083.5805096964195,3039.2414435439223,3071.488037109375,29835000
2017-09-14,3083.5798956586427,3087.610719051661,3071.4874254795895,3079.549072265625,37754000
2017-09-15,3063.426583195364,3067.457407646937,3035.210812034354,3043.2724609375,163473500
2017-09-18,3063.426087471179,3063.426087471179,3035.2103208760495,3059.395263671875,30903500
2017-09-19,3039.2406580213797,3091.641359021748,3035.209834867505,3075.51806640625,59579500
2017-09-20,3079.549685500738,3079.549685500738,3059.39556452233,3071.488037109375,76382000
2017-09-21,3071.488037109375,3071.488037109375,3071.488037109375,3071.488037109375,0
2017-09-22,3079.549111880896,3220.627932451356,3067.4566415462855,3204.504638671875,125871000
2017-09-25,3184.3507720675825,3192.4124195918043,3164.196653257028,3172.25830078125,97549500
2017-09-26,3172.2588518060197,3188.3821496550972,3160.1663784192115,3168.22802734375,99934500
2017-09-27,3192.4127225079114,3192.4127225079114,3168.2277776404276,3184.35107421875,122173500
2017-09-28,3196.44287109375,3200.473694386428,3168.227108045003,3196.44287109375,101703500
2017-09-29,3220.628581530942,3285.1217696467056,3196.443635987531,3273.029296875,188602500
2017-10-02,3313.336982529982,3321.3986296894223,3260.9362759936193,3277.0595703125,52865500
2017-10-03,3277.059752368224,3305.2755189937807,3256.9056333499693,3281.090576171875,48209500
2017-10-04,3313.336982529982,3313.336982529982,3268.9979231530597,3277.0595703125,101610500
2017-10-05,3277.060428567644,3277.060428567644,3236.7521822137987,3268.998779296875,120569000
2017-10-06,3264.9675185522997,3309.3065836190594,3240.782573970431,3297.214111328125,100290500
2017-10-09,3273.028928564573,3289.152223779177,3264.967280957271,3281.090576171875,65156500
2017-10-10,3256.906055885736,3289.1526504984663,3256.906055885736,3285.121826171875,55606000
2017-10-11,3256.906055885736,3293.183474825057,3256.906055885736,3285.121826171875,67298000
2017-10-12,3285.1210227379433,3357.6758428720327,3285.1210227379433,3353.64501953125,103676500
2017-10-13,3353.646557587666,3377.831508724116,3313.3383056935836,3333.492431640625,55690000
2017-10-16,3353.6459401387215,3393.9541846115426,3333.4918179023107,3341.553466796875,54328000
2017-10-17,3345.584121331936,3345.584121331936,3232.7210425400153,3305.27587890625,115934500
2017-10-18,3337.522240969214,3337.522240969214,3236.751641906134,3256.90576171875,124576000
2017-10-19,3256.905452413899,3281.09039389222,3248.843805254459,3277.0595703125,68639000
2017-10-20,3305.2755189937807,3377.8303474594977,3281.090576171875,3281.090576171875,60758000
2017-10-23,3329.4607950846357,3446.354697091239,3329.4607950846357,3385.892333984375,62843500
2017-10-24,3385.8921088061284,3426.2003481966776,3321.39892578125,3321.39892578125,65380000
2017-10-25,3321.3987854438838,3393.95361328125,3289.1521952939434,3393.95361328125,69421500
2017-10-26,3353.6458145306856,3385.892408901173,3321.399220160198,3349.614990234375,41336000
2017-10-27,3345.5841335052337,3345.5841335052337,3256.905999846059,3273.029296875,101701000
2017-10-30,3277.059809970739,3301.2447532177557,3273.028986096236,3293.18310546875,55210500
2017-10-31,3357.676083797473,3373.799378317509,3309.3062002373654,3369.7685546875,78009000
2017-11-01,3385.892255275498,3446.354616976846,3385.892255275498,3438.29296875,103776500
2017-11-02,3466.508607164945,3486.6627269740434,3450.385311317666,3462.477783203125,95839000
2017-11-03,3466.508504570452,3466.508504570452,3337.522141609691,3389.9228515625,70070000
2017-11-06,3418.1389276413693,3418.1389276413693,3385.892333984375,3385.892333984375,38234000
2017-11-07,3361.7070231313096,3397.9844370499927,3345.583728056339,3393.95361328125,49234500
2017-11-08,3369.7683128943813,3406.045722961426,3353.64501953125,3353.64501953125,61518000
2017-11-09,3377.8299595759468,3393.9532529390776,3349.6141961904673,3353.64501953125,51541000
2017-11-10,3353.645391949153,3369.7686871027545,3321.3988016419494,3329.46044921875,79178500
2017-11-13,3309.306765825321,3337.5225360576924,3289.1526442307695,3301.2451171875,56963000
2017-11-14,3305.2759415064106,3313.337590144231,3293.1834685496797,3301.2451171875,54986000
2017-11-15,3321.398846239596,3410.076970775119,3305.275550869501,3389.9228515625,94253500
2017-11-16,3418.1386184601665,3418.1386184601665,3377.8303800349286,3389.9228515625,61512500
2017-11-17,3410.0765984725504,3418.1382452774496,3357.6758942407027,3414.107421875,126881500
2017-11-20,3414.107794617643,3430.231089987738,3389.9228515625,3389.9228515625,90902500
2017-11-21,3422.1694379276073,3422.1694379276073,3365.7379042044195,3406.046142578125,63695000
2017-11-22,3385.891658057851,3422.1690686798997,3385.891658057851,3414.107421875,86719000
2017-11-23,3426.2005760556176,3426.2005760556176,3361.7073887416295,3385.892333984375,66003500
2017-11-24,3365.7382129487537,3393.953982398624,3349.614916120257,3385.892333984375,60888000
2017-11-27,3357.6767861809526,3434.2624511718745,3357.6767861809526,3434.262451171875,78146500
2017-11-28,3434.2624511718745,3434.2624511718745,3393.9542064398106,3434.262451171875,77432000
2017-11-29,3447.2091042835004,3451.2551243589505,3386.5188031517487,3426.97900390625,103370500
2017-11-30,3447.2092171183967,3447.2092171183967,3293.46044921875,3293.46044921875,205897500
2017-12-01,3293.46044921875,3293.46044921875,3293.46044921875,3293.46044921875,0
2017-12-04,3370.3343497056226,3422.9326048630933,3342.012212313138,3366.288330078125,128402500
2017-12-05,3406.749022856213,3418.887083507719,3382.4729015531993,3398.656982421875,62670500
2017-12-06,3422.933349609375,3459.3475341796875,3398.6572265625,3447.20947265625,106299500
2017-12-07,3447.2093486945023,3447.2093486945023,3378.427002535105,3394.611083984375,69664000
2017-12-08,3414.840942816198,3435.0710431883317,3402.702882592918,3418.886962890625,40480000
2017-12-11,3439.11755472457,3439.11755472457,3398.6573481983983,3410.79541015625,32973500
2017-12-12,3426.978883559283,3439.116943359375,3374.3806244255516,3439.116943359375,67854000
2017-12-13,3426.9794936459266,3426.9794936459266,3386.519287109375,3386.519287109375,61131000
2017-12-14,3386.5194071548244,3422.9335943285323,3378.427365560667,3414.841552734375,75550000
2017-12-15,3382.4733863577458,3414.841552734375,3382.4733863577458,3414.841552734375,64630500
2017-12-18,3382.4733863577458,3414.841552734375,3374.3813447635885,3414.841552734375,76474000
2017-12-19,3390.565427951903,3439.117677516847,3390.565427951903,3414.841552734375,76553500
2017-12-20,3406.749390377651,3406.749390377651,3378.4272458020646,3386.519287109375,102963500
2017-12-21,3390.565427951903,3422.9335943285323,3390.565427951903,3414.841552734375,61100000
2017-12-22,3426.9796105673145,3507.9000264012534,3394.611444233739,3479.577880859375,94573000
2017-12-25,3479.577880859375,3479.577880859375,3479.577880859375,3479.577880859375,0
2017-12-26,3479.577880859375,3479.577880859375,3479.577880859375,3479.577880859375,0
2017-12-27,3479.577758647285,3511.945923844004,3463.393676048926,3483.623779296875,86689000
2017-12-28,3479.577756422819,3560.498169362885,3475.5317357758163,3548.360107421875,106501000
2017-12-29,3568.590333703446,3681.8789157257775,3503.8540011192567,3544.314208984375,81347000
2018-01-01,3544.314208984375,3544.314208984375,3544.314208984375,3544.314208984375,0
2018-01-02,3544.314208984375,3645.464728647171,3532.1761466248395,3544.314208984375,82303500
2018-01-03,3548.3602297708867,3552.406250557399,3451.2557308946025,3544.314208984375,68214000
2018-01-04,3544.3140851290073,3596.912353515625,3544.3140851290073,3596.912353515625,76567000
2018-01-05,3609.0500482794946,3625.2341292134834,3588.819947112009,3600.9580078125,65268000
2018-01-08,3600.958251953125,3653.5565185546875,3596.9122314453125,3617.142333984375,57928000
2018-01-09,3641.4188228357384,3649.510864664262,3633.3267810072143,3645.46484375,61213000
2018-01-10,3645.4644775390625,3677.8326416015625,3613.0963134765625,3633.326416015625,47292000
2018-01-11,3633.3261745637733,3673.786376953125,3609.0500531301623,3673.786376953125,57569000
2018-01-12,3673.7867446610226,3677.8327653049223,3613.0964350025256,3629.280517578125,66590500
2018-01-15,3633.326294081097,3641.4183348251527,3609.050171848929,3637.372314453125,41875000
2018-01-16,3633.326416015625,3669.7406005859375,3633.326416015625,3657.6025390625,50055000
2018-01-17,3673.787121499365,3673.787121499365,3584.774658203125,3584.774658203125,183003000
2018-01-18,3600.9581316401923,3657.6024168570043,3600.9581316401923,3653.556396484375,84980500
2018-01-19,3661.6485595703125,3665.694580078125,3625.234375,3633.326416015625,50450500
2018-01-22,3649.5103755692085,3653.5563959412366,3629.2802737090688,3637.372314453125,81367500
2018-01-23,3665.694580078125,3673.78662109375,3645.4644775390625,3665.694580078125,68752000
2018-01-24,3661.648437229634,3661.648437229634,3641.4183353664866,3653.556396484375,94254500
2018-01-25,3649.5103761117457,3665.6944576022634,3633.326294621228,3653.556396484375,53653500
2018-01-26,3661.6483162363193,3698.062498386736,3645.464235280579,3673.786376953125,58121000
2018-01-29,3689.970458984375,3694.0164792244896,3649.5102565832303,3689.970458984375,114814500
2018-01-30,3673.786378023917,3795.166985227351,3665.694337543688,3689.970458984375,114055000
2018-01-31,3689.970090759076,3706.1541701045103,3673.7860114136415,3677.83203125,106803000
2018-02-01,3698.063102126504,3791.1215828145887,3698.063102126504,3783.029541015625,138208000
2018-02-02,3823.48901901802,3997.4678844336545,3819.4429988920747,3880.13330078125,98474000
2018-02-05,3843.719969677324,3888.226200905167,3803.2597594701942,3851.81201171875,49501500
2018-02-06,3795.1671146469844,3831.581298049781,3770.8909923784536,3807.30517578125,117589500
2018-02-07,3827.5349089926863,3880.133168841423,3799.2127690741354,3803.2587890625,121947000
2018-02-08,3811.3505905730813,3851.810787925237,3803.25855110265,3835.626708984375,68461000
2018-02-09,3787.07531647667,3839.6735847610685,3778.9832752021475,3815.3974609375,71076500
2018-02-12,3851.811028922872,3851.811028922872,3803.2587890625,3803.2587890625,38409500
2018-02-13,3851.81201171875,3872.0421168223147,3843.719969677324,3851.81201171875,59406000
2018-02-14,3839.6727287195904,3863.9488471308837,3811.3505905730813,3835.626708984375,75553000
2018-02-15,3867.9951078174972,3872.041127804754,3795.166748046875,3795.166748046875,52958500
2018-02-16,3795.166748046875,3795.166748046875,3795.166748046875,3795.166748046875,0
2018-02-19,3831.581182546714,3924.6396484375,3827.535162290593,3924.6396484375,50185500
2018-02-20,3900.363157274324,3916.5472367650887,3863.948978420103,3888.22509765625,34830000
2018-02-21,3876.0870380381766,3912.501216892397,3839.6728591839556,3888.22509765625,62499000
2018-02-22,3900.3640157148925,3912.502078004462,3843.7197250302365,3867.995849609375,47217000
2018-02-23,3888.2254661324096,3961.05383074259,3876.0874053640464,3924.6396484375,82233000
2018-02-26,3908.4556852334617,3920.593746367727,3803.2591554031615,3807.30517578125,85227500
2018-02-27,3839.6734619140625,3847.7655029296875,3770.89111328125,3811.351318359375,87429500
2018-02-28,3787.0738395024273,3795.165877621022,3734.47559173156,3750.65966796875,132869000
2018-03-01,3738.5216107908577,3758.7517060873447,3738.5216107908577,3750.65966796875,125474500
2018-03-02,3734.476805573344,3742.5688463221486,3681.8785407061137,3702.108642578125,151511000
2018-03-05,3746.614866696551,3770.8909889429647,3702.108642578125,3702.108642578125,87744000
2018-03-06,3750.6601412424534,3754.706160812294,3677.8317889853183,3685.923828125,75907000
2018-03-07,3738.52294921875,3746.614990234375,3645.4644775390625,3657.6025390625,106152000
2018-03-08,3722.338626190317,3787.0749501240616,3681.8784237317263,3770.890869140625,102994500
2018-03-09,3770.8908691406255,3770.8908691406255,3718.2926059444576,3770.890869140625,66797000
2018-03-12,3787.075074404762,3827.5352781911374,3778.9830336474865,3823.4892578125,111180500
2018-03-13,3819.442867970416,3835.626947919443,3766.8446081360776,3795.166748046875,80643000
2018-03-14,3799.2132568359375,3819.443359375,3758.7530517578125,3787.0751953125,54505500
2018-03-15,3787.075561915107,3791.1215828145887,3762.7994365182153,3783.029541015625,60774500
2018-03-16,3827.5349058359543,3831.580925820982,3722.338386225241,3778.982666015625,193122000
2018-03-19,3770.89062604557,3783.0286860006527,3754.7065461054603,3778.982666015625,74200000
2018-03-20,3766.84521484375,3770.89123548268,3722.338987815521,3766.84521484375,89683500
2018-03-21,3778.983520116143,3807.3056664125165,3766.845457417697,3783.029541015625,67617500
2018-03-22,3799.212768034132,3803.2587880213887,3778.982668097848,3795.166748046875,60791500
2018-03-23,3722.339339055935,3851.81201171875,3722.339339055935,3851.81201171875,62978000
2018-03-26,3787.0753180383995,3795.1673593162595,3754.70715292696,3766.84521484375,100407000
2018-03-27,3827.5349079449293,3847.7650078812135,3791.120728059618,3795.166748046875,66088000
2018-03-28,3795.167604501608,3795.167604501608,3746.6153536977495,3774.9375,36212500
2018-03-29,3746.614747665471,3774.9368893864844,3694.0164844693036,3770.890869140625,77650500
2018-03-30,3770.8908691406255,3770.8908691406255,3770.8908691406255,3770.890869140625,0
2018-04-02,3795.167236328125,3799.2132568359375,3738.52294921875,3787.0751953125,37162500
2018-04-03,3783.0291748046875,3803.25927734375,3774.9371337890625,3787.0751953125,56261000
2018-04-04,3803.259031107498,3803.259031107498,3726.384646436176,3770.890869140625,49877000
2018-04-05,3803.25927734375,3803.25927734375,3730.430908203125,3730.430908203125,22521500
2018-04-06,3742.568348631738,3742.568348631738,3657.6019320682067,3677.83203125,47941500
2018-04-09,3698.0618868345223,3706.153925974204,3653.5556715662733,3685.923828125,51013000
2018-04-10,3702.1085249610214,3795.1669906157795,3689.9704642234447,3770.890869140625,79533500
2018-04-11,3803.259646302251,3827.53577170418,3770.8914790996787,3774.9375,41891500
2018-04-12,3774.937379775243,3774.937379775243,3730.431151289147,3746.615234375,45957000
2018-04-13,3766.9997260081195,3775.1534050687433,3734.385009765625,3734.385009765625,70179500
2018-04-16,3734.385009765625,3734.385009765625,3734.385009765625,3734.385009765625,0
2018-04-17,3734.385009765625,3734.385009765625,3734.385009765625,3734.385009765625,0
2018-04-18,3722.1537140191444,3746.61474609375,3705.8463593027404,3746.61474609375,43716000
2018-04-19,3746.61474609375,3746.61474609375,3746.61474609375,3746.61474609375,0
2018-04-20,3746.61474609375,3746.61474609375,3746.61474609375,3746.61474609375,0
2018-04-23,3783.306606657609,3783.306606657609,3738.4613774838654,3750.69189453125,46236000
2018-04-24,3766.99954526479,3771.076384599492,3730.3079912524704,3738.461669921875,72223500
2018-04-25,3738.461669921875,3738.461669921875,3738.461669921875,3738.461669921875,0
2018-04-26,3738.461669921875,3738.461669921875,3738.461669921875,3738.461669921875,0
2018-04-27,3738.461669921875,3738.461669921875,3738.461669921875,3738.461669921875,0
2018-04-30,3506.081642392534,3652.847850678733,3497.9279641544117,3603.92578125,90414000
2018-05-01,3603.92578125,3603.92578125,3603.92578125,3603.92578125,0
2018-05-02,3603.926144795647,3734.385009765625,3603.926144795647,3734.385009765625,82346000
2018-05-03,3718.0778096973095,3730.3083288081557,3636.541015625,3636.541015625,138704500
2018-05-04,3636.5402962276535,3640.6171351247694,3587.618229462259,3591.695068359375,74133500
2018-05-07,3595.772618588845,3636.541015625,3555.0042215526905,3636.541015625,49054500
2018-05-08,3587.618229462259,3591.695068359375,3538.6961626968646,3591.695068359375,70739000
2018-05-09,3510.158835598475,3734.385009765625,3510.158835598475,3734.385009765625,72094000
2018-05-10,3734.385009765625,3734.385009765625,3734.385009765625,3734.385009765625,0
2018-05-11,3709.923095703125,3758.845158503606,3677.308387169471,3709.923095703125,80000500
2018-05-14,3661.0011338326303,3746.61474609375,3640.616940437126,3746.61474609375,57370500
2018-05-15,3697.692848549233,3701.7696874120215,3587.6181992539414,3620.23291015625,130583000
2018-05-16,3571.3100973289106,3652.846857541899,3571.3100973289106,3648.77001953125,87185000
2018-05-17,3620.2328746448866,3632.4633911132814,3587.6181640625,3587.6181640625,84030500
2018-05-18,3587.6183575748846,3591.6951966175834,3538.6962890625,3538.6962890625,88681000
2018-05-21,3514.235124900765,3542.772997144739,3502.0046082247763,3530.54248046875,82237000
2018-05-22,3579.4644864169036,3603.9255193536933,3538.6960981889206,3587.6181640625,62761000
2018-05-23,3603.9255193536933,3644.6939075816763,3587.6181640625,3587.6181640625,79515500
2018-05-24,3636.540430557489,3689.5393381777217,3632.463591509779,3661.00146484375,77697000
2018-05-25,3656.9248853459326,3697.693278716567,3648.7712066718054,3677.30908203125,63913500
2018-05-28,3669.1554497316056,3750.692237503419,3652.848092177243,3726.231201171875,64104500
2018-05-29,3726.231201171875,3726.231201171875,3726.231201171875,3726.231201171875,0
2018-05-30,3726.230563394824,3746.6147568488436,3661.0011443419608,3701.76953125,109761500
2018-05-31,3730.307402085628,3742.5379181580397,3661.0011443419608,3701.76953125,178023000
2018-06-01,3701.76953125,3701.76953125,3701.76953125,3701.76953125,0
2018-06-04,3742.538509256577,3746.615348591279,3718.077473248364,3738.461669921875,89585000
2018-06-05,3718.0767068894393,3738.4608993614206,3652.847290979098,3705.84619140625,77233000
2018-06-06,3705.8464888283793,3775.152748795467,3689.539133542006,3754.7685546875,57913500
2018-06-07,3775.1526168474566,3775.1526168474566,3734.384230056447,3746.61474609375,40681500
2018-06-08,3726.230604261763,3750.6916366748596,3603.9254421962783,3628.386474609375,170845000
2018-06-11,3628.386474609375,3628.386474609375,3628.386474609375,3628.386474609375,0
2018-06-12,3628.386474609375,3628.386474609375,3628.386474609375,3628.386474609375,0
2018-06-13,3628.386474609375,3628.386474609375,3628.386474609375,3628.386474609375,0
2018-06-14,3628.386474609375,3628.386474609375,3628.386474609375,3628.386474609375,0
2018-06-15,3628.386474609375,3628.386474609375,3628.386474609375,3628.386474609375,0
2018-06-18,3628.386474609375,3628.386474609375,3628.386474609375,3628.386474609375,0
2018-06-19,3628.386474609375,3628.386474609375,3628.386474609375,3628.386474609375,0
2018-06-20,3587.618572856105,3591.6954121434414,3449.0060370866645,3506.081787109375,253439000
2018-06-21,3526.4663010906106,3579.4652165983307,3449.00634765625,3449.00634765625,90593500
2018-06-22,3489.7743171857182,3575.387939453125,3440.8522473186285,3575.387939453125,96509500
2018-06-25,3575.387682665576,3665.0781376469245,3559.0803272144217,3620.23291015625,62513000
2018-06-26,3603.9253415113303,3636.5400504842837,3485.697021484375,3485.697021484375,54763500
2018-06-27,3489.774038989315,3538.696104956455,3481.620361328125,3481.620361328125,67309500
2018-06-28,3485.6968787291166,3485.6968787291166,3412.313786545346,3416.390625,118098500
2018-06-29,3416.3910211956127,3502.0046386718755,3396.0068265584077,3502.004638671875,119188000
2018-07-02,3530.542198768029,3530.542198768029,3493.8506516676684,3497.927490234375,59441500
2018-07-03,3522.3879702669906,3526.46480819554,3359.314453125,3359.314453125,73038000
2018-07-04,3420.467214128294,3489.7734628055064,3375.6219943959804,3461.235595703125,61994500
2018-07-05,3432.697728600743,3473.466110175574,3424.544052285777,3461.235595703125,34144000
2018-07-06,3420.4681316270908,3432.6986493802274,3412.314453125,3412.314453125,37609000
2018-07-09,3457.159777218893,3587.6186367365867,3436.775580419253,3571.311279296875,80049500
2018-07-10,3563.1576005770194,3587.6186367365867,3489.7744920983164,3571.311279296875,116639500
2018-07-11,3506.081501959686,3661.001382278835,3506.081501959686,3640.6171875,95570000
2018-07-12,3620.2328390265607,3734.384324941813,3616.156000243873,3722.15380859375,79008000
2018-07-13,3750.691715865906,3762.9222323306867,3718.0770052931593,3754.7685546875,73936000
2018-07-16,3758.845167863176,3771.07568359375,3734.3841364020273,3771.07568359375,71571000
2018-07-17,3738.4608993614206,3750.69141484461,3673.23148345108,3705.84619140625,30322000
2018-07-18,3742.5380085912243,3783.306396484375,3742.5380085912243,3783.306396484375,80090500
2018-07-19,3766.999041327115,3783.306396484375,3758.8453637484845,3783.306396484375,76925500
2018-07-20,3775.152700977408,3775.152700977408,3738.461152047822,3766.9990234375,57104000
2018-07-23,3783.3060592880083,3832.228120399491,3766.9987055841807,3807.76708984375,70157500
2018-07-24,3832.228581005911,3836.305419921875,3799.6138696782014,3836.305419921875,88291000
2018-07-25,3836.305550406366,3844.459228515625,3819.998194187848,3844.459228515625,50131500
2018-07-26,3787.383804501189,3852.6132349339327,3787.383804501189,3803.691162109375,54317500
2018-07-27,3799.613082573668,3807.76675871653,3771.075216073651,3787.382568359375,46642500
2018-07-30,3815.921549828813,3815.921549828813,3750.6921216266114,3795.537353515625,40096500
2018-07-31,3783.306835727712,3799.614192778263,3693.6163719496844,3795.537353515625,66803000
2018-08-01,3815.921825079872,3828.15234375,3791.4607877396165,3828.15234375,56594000
2018-08-02,3848.5354935700957,3897.4575549290375,3824.074462890625,3824.074462890625,79333000
2018-08-03,3824.074462890625,3856.6891704632526,3807.7671091043107,3824.074462890625,41404000
2018-08-06,3815.9219324448527,3881.1513671874995,3815.9219324448527,3881.1513671875,63000500
2018-08-07,3864.844008501838,3893.381886201746,3864.844008501838,3881.1513671875,114379000
2018-08-08,3897.4573414642114,3905.611017910789,3840.3816063381664,3901.5341796875,64702500
2018-08-09,3913.766127463693,3930.073486328125,3897.4587685992606,3930.073486328125,65947500
2018-08-10,3913.7657886125653,3925.99630670198,3864.8437162549085,3893.381591796875,80348000
2018-08-13,3836.305877325747,3840.3827167277936,3758.8459286868638,3803.691162109375,80184000
2018-08-14,3824.074594311004,3897.457688871343,3754.7683383373505,3832.228271484375,85527500
2018-08-15,3848.5354935700957,3848.5354935700957,3799.613432211154,3824.074462890625,57330500
2018-08-16,3824.0754893257017,3828.1523288665608,3783.307093917112,3811.844970703125,52903500
2018-08-17,3811.8449707031245,3811.8449707031245,3811.8449707031245,3811.844970703125,0
2018-08-20,3832.228825142194,3897.458251953125,3819.9983076151443,3897.458251953125,96832000
2018-08-21,3889.3047524337367,3909.6889492494274,3889.3047524337367,3893.381591796875,67938000
2018-08-22,3893.381591796875,3893.381591796875,3893.381591796875,3893.381591796875,0
2018-08-23,3881.1511794252287,4019.7637215475584,3877.0743399510425,4007.533203125,145868000
2018-08-24,4011.608679819915,4154.298012943591,4007.531841730667,4089.068603515625,103975000
2018-08-27,4093.146862780651,4133.915257828267,4023.840591199704,4040.14794921875,91285000
2018-08-28,4093.146402261637,4093.146402261637,4003.4559432479355,4072.76220703125,63353500
2018-08-29,3995.302055112777,4044.22412109375,3991.225216281029,4044.22412109375,87695500
2018-08-30,4072.761251158633,4101.299117783368,4064.6075749801375,4089.068603515625,96273500
2018-08-31,4076.8388317477315,4084.9925094112273,4044.22412109375,4044.22412109375,111563000
2018-09-03,4084.993183771128,4089.0700232758895,4011.610072685419,4040.14794921875,38489500
2018-09-04,4048.301318359375,4060.5318359374996,3995.3024088541665,4036.07080078125,42271500
2018-09-05,3995.3024088541665,3995.3024088541665,3856.689876302083,3913.765625,95608500
2018-09-06,3917.8425750114657,4109.454022488613,3848.5363067750504,4027.917236328125,95265000
2018-09-07,4048.301090724032,4052.3779296875,3974.917989381602,4052.3779296875,72551500
2018-09-10,4011.609765625,4036.0708007812495,3938.2266601562496,4036.07080078125,66696500
2018-09-11,4036.0708007812495,4036.0708007812495,4036.0708007812495,4036.07080078125,0
2018-09-12,4036.070783926353,4048.3013014534026,3885.2277344260756,3897.458251953125,87900500
2018-09-13,3946.3803385416663,3974.9182128906245,3897.4582682291666,3913.765625,94051000
2018-09-14,3897.457716574883,3946.3797799628524,3864.84300764957,3909.688232421875,72473500
2018-09-17,3872.9963121244778,3909.687856134078,3872.9963121244778,3901.5341796875,39478000
2018-09-18,3864.8435546875,3954.534016927083,3864.8435546875,3913.765625,75119500
2018-09-19,3925.996142578125,3950.457177734375,3885.2277506510413,3913.765625,111558500
2018-09-20,3946.3804536632306,3950.457292974866,3897.458381923604,3905.612060546875,60786000
2018-09-21,3897.4574803863397,3938.2258640723894,3864.8427734375005,3864.8427734375,152052000
2018-09-24,3897.4573414642114,3925.9952090272336,3881.1499885710555,3901.5341796875,59902000
2018-09-25,3913.764694357367,3913.764694357367,3885.2268267943446,3901.5341796875,42771000
2018-09-26,3881.1504632618803,3962.687237700155,3881.1504632618803,3946.3798828125,71715500
2018-09-27,3897.4582682291666,3934.1498209635415,3889.30458984375,3913.765625,71001000
2018-09-28,3897.4579299705615,3938.226318359375,3897.4579299705615,3938.226318359375,96975000
2018-10-01,3913.765739170146,3946.3804536632306,3905.612060546875,3905.612060546875,36388000
2018-10-02,3925.996257105053,3946.3804536632306,3872.9973460537904,3905.612060546875,50639500
2018-10-03,3872.9963121244778,3909.687856134078,3868.9194739011887,3901.5341796875,33524500
2018-10-04,3901.5350414211466,3901.5350414211466,3832.2287763175314,3848.5361328125,67869500
2018-10-05,3840.3824862730476,3840.3824862730476,3746.6151856527927,3758.845703125,98249500
2018-10-08,3762.9218861919476,3905.6112318221944,3762.9218861919476,3824.074462890625,57250000
2018-10-09,3832.2279553865133,3872.996337890625,3815.9206023848687,3872.996337890625,36940000
2018-10-10,3897.458601061163,3934.1501569288935,3791.46077299883,3811.844970703125,59394500
2018-10-11,3750.69141484461,3799.6134767773656,3665.077806462287,3705.84619140625,102336000
2018-10-12,3750.6915742607525,3828.1515089465724,3750.6915742607525,3791.4599609375,82574500
2018-10-15,3832.229177926821,3889.304931640625,3828.1523383758354,3889.304931640625,65950000
2018-10-16,3889.3050891670446,3930.073486328125,3832.2293331415326,3930.073486328125,47449000
2018-10-17,3938.2259893665455,3942.3028278648544,3877.07341189191,3917.841796875,38359000
2018-10-18,3881.1508458024364,3893.3813631736625,3848.5361328124995,3848.5361328125,29360500
2018-10-19,3799.614452080548,3856.6902056525732,3787.383933457971,3811.844970703125,45219500
2018-10-22,3811.8446287480597,3848.5361813242444,3775.153076171875,3775.153076171875,63484000
2018-10-23,3815.9209367340686,3819.9977753416906,3730.3073259740095,3742.537841796875,62162500
2018-10-24,3750.69195812638,3775.1529926359,3693.6162109375,3693.6162109375,59493500
2018-10-25,3616.1566633865823,3779.230244599055,3616.1566633865823,3734.385009765625,87732500
2018-10-26,3766.9993503376586,3848.5361328124995,3750.6919938426904,3848.5361328125,83994000
2018-10-29,3799.613553631757,3840.381939400338,3771.07568359375,3771.07568359375,34553000
2018-10-30,3771.0756926840927,3856.6893030044885,3766.9988540974073,3832.228271484375,68882500
2018-10-31,3872.996072587705,3893.3802624434297,3832.2276928762553,3856.688720703125,128908500
2018-11-01,3889.3050465303304,3921.9197639016543,3868.9208481732535,3881.1513671875,117906500
2018-11-02,3913.7656249999995,3942.303499348958,3881.150911458333,3913.765625,114054500
2018-11-05,3913.7653503102374,3954.533739375969,3905.611672497091,3942.30322265625,76754500
2018-11-06,3962.6867875896514,4031.993037989882,3954.533111071977,3978.994140625,94410500
2018-11-07,4011.610280650285,4011.610280650285,3897.4587685992606,3930.073486328125,83875500
2018-11-08,3978.995052083333,3995.3024088541665,3897.4582682291666,3913.765625,99739000
2018-11-09,3913.7656249999995,3921.9193033854162,3901.5351074218747,3913.765625,62938500
2018-11-12,3938.2258640723894,3942.3027024409944,3864.8427734375005,3864.8427734375,65125000
2018-11-13,3864.842785606503,3930.072199709566,3807.7670482663225,3925.995361328125,61231500
2018-11-14,3925.9965173162195,3954.5343943891307,3897.4586402433083,3921.919677734375,68511500
2018-11-15,3958.6105782825425,3970.8410950022617,3905.611672497091,3942.30322265625,87085500
2018-11-16,3970.840367927052,4060.530807449018,3962.686691606873,4048.30029296875,134145500
2018-11-19,4076.839614199452,4142.069048026644,4060.5322557426543,4093.14697265625,103822500
2018-11-20,4093.14697265625,4093.14697265625,4093.14697265625,4093.14697265625,0
2018-11-21,4076.8388317477315,4084.9925094112273,4040.147282262002,4044.22412109375,107889000
2018-11-22,4027.9175388290587,4109.454331113048,4027.9175388290587,4093.14697265625,87270000
2018-11-23,4125.761689569846,4150.222727255043,4056.455416128455,4093.14697265625,57460000
2018-11-26,4044.224015113974,4142.068144511893,4044.224015113974,4113.5302734375,64336500
2018-11-27,4109.453423713235,4158.37548828125,4076.838714001225,4158.37548828125,73989000
2018-11-28,4178.759058144799,4178.759058144799,4142.0675151952355,4150.22119140625,90687500
2018-11-29,4158.37489936188,4272.5263671875,4158.37489936188,4272.5263671875,113847500
2018-11-30,4272.52645903311,4272.52645903311,4203.22020922055,4248.0654296875,178034500
2018-12-03,4266.062834510508,4413.309490351714,4171.988582167514,4221.07080078125,100923000
2018-12-04,4221.0702342259065,4331.505211284142,4216.980049890416,4286.51318359375,119232500
2018-12-05,4188.3484703632885,4278.33251953125,4184.2582863102,4278.33251953125,74994000
2018-12-06,4229.250703644843,4302.8740234375,4188.348859315589,4302.8740234375,75450000
2018-12-07,4245.61181640625,4261.972555583153,4221.070707640895,4245.61181640625,71070000
2018-12-10,4188.348938223939,4257.882074893671,4188.348938223939,4237.43115234375,81221000
2018-12-11,4196.529691474382,4253.7922798570735,4192.439506589904,4221.07080078125,93017000
2018-12-12,4245.612548591784,4245.612548591784,4196.530322596503,4225.16162109375,121623000
2018-12-13,4253.7929195909965,4257.883105090604,4208.800879095323,4225.16162109375,84280500
2018-12-14,4221.071435594143,4237.43217759257,4204.710693595716,4225.16162109375,184435000
2018-12-17,4241.522363092176,4253.7929195909965,4212.89106459493,4225.16162109375,101438500
2018-12-18,4171.988716991609,4184.259272041584,4073.8242765918067,4143.357421875,132039000
2018-12-19,4122.905525513863,4278.33251953125,4122.905525513863,4278.33251953125,102220500
2018-12-20,4188.3494623655915,4229.251312584005,4147.447612147177,4184.25927734375,94455000
2018-12-21,4122.905698440522,4233.340672505893,4122.905698440522,4229.25048828125,89979500
2018-12-24,4229.25048828125,4229.25048828125,4229.25048828125,4229.25048828125,0
2018-12-25,4229.25048828125,4229.25048828125,4229.25048828125,4229.25048828125,0
2018-12-26,4229.2520970394735,4274.244140625,4204.710982356459,4274.244140625,66511500
2018-12-27,4286.513320350096,4298.783873748045,4237.431106758301,4249.70166015625,50265500
2018-12-28,4249.702783203124,4286.514453125,4237.4322265625,4253.79296875,54467500
2018-12-31,4253.79296875,4253.79296875,4253.79296875,4253.79296875,0
2019-01-01,4253.79296875,4253.79296875,4253.79296875,4253.79296875,0
2019-01-02,4253.791708909828,4290.60336792924,4253.791708909828,4286.51318359375,35956000
2019-01-03,4253.791890383687,4270.152628423624,4184.258753713954,4237.43115234375,72358000
2019-01-04,4233.34218665571,4257.88330078125,4192.440329779809,4257.88330078125,51465000
2019-01-07,4306.9657239595745,4356.047954432048,4290.60498046875,4290.60498046875,73438000
2019-01-08,4278.33281492277,4351.9561329615935,4257.881893245319,4286.51318359375,66247500
2019-01-09,4335.596334963725,4351.9570758503805,4274.243556638767,4298.78466796875,84871000
2019-01-10,4335.596334963725,4335.596334963725,4245.6122600871195,4298.78466796875,114314500
2019-01-11,4319.234955357143,4335.595693824404,4282.423293805803,4294.69384765625,84826500
2019-01-14,4270.153710937499,4282.424267578125,4212.89111328125,4253.79296875,87547500
2019-01-15,4278.332916839948,4302.8740234375,4245.6114413765445,4302.8740234375,87763000
2019-01-16,4302.873785995152,4323.32470703125,4290.603233373492,4323.32470703125,94972500
2019-01-17,4327.415242436679,4360.13671875,4323.325057897514,4360.13671875,91654000
2019-01-18,4368.31792374712,4437.85107421875,4347.866997137817,4437.85107421875,100873500
2019-01-21,4437.850697330788,4581.007171438233,4409.219402509299,4536.01513671875,87118000
2019-01-22,4581.0068359375,4597.367574637277,4458.301295689174,4581.0068359375,91907000
2019-01-23,4581.0078125,4581.0078125,4478.753173828125,4499.2041015625,98512500
2019-01-24,4441.940338470124,4486.932367681147,4380.587571364183,4466.4814453125,106781000
2019-01-25,4417.400390625,4515.564843749999,4417.400390625,4499.2041015625,68944000
2019-01-28,4511.473531068727,4511.473531068727,4478.752054868773,4495.11279296875,69704000
2019-01-29,4454.211292693762,4540.105174371051,4450.1211078519855,4531.9248046875,77679000
2019-01-30,4548.285934669384,4548.285934669384,4495.1135271597595,4515.564453125,76285000
2019-01-31,4515.564413265306,4613.728857031943,4515.564413265306,4609.638671875,135904500
2019-02-01,4646.450338287488,4703.712930484694,4548.285894520852,4609.638671875,57719500
2019-02-04,4609.639111328125,4609.639111328125,4499.2041015625,4499.2041015625,113846500
2019-02-05,4499.2041015625,4499.2041015625,4499.2041015625,4499.2041015625,0
2019-02-06,4499.203664888211,4531.925146087398,4495.113479738313,4527.8349609375,121996500
2019-02-07,4527.83432520061,4527.83432520061,4503.293217746948,4523.744140625,63697500
2019-02-08,4523.744823511096,4527.835008704144,4499.203712352808,4515.564453125,65268500
2019-02-11,4515.563715593722,4523.74408464371,4466.48150129379,4495.11279296875,37639000
2019-02-12,4523.744027944712,4523.744027944712,4458.301076365042,4466.4814453125,95883500
2019-02-13,4466.481731794857,4491.0228402113125,4425.579884434098,4433.76025390625,103115500
2019-02-14,4421.489496961402,4421.489496961402,4401.03857421875,4401.03857421875,108738500
2019-02-15,4384.67822265625,4425.5800717481925,4364.227298110279,4384.67822265625,81340000
2019-02-18,4425.5806653099335,4499.20400354984,4425.5806653099335,4482.84326171875,62991000
2019-02-19,4433.760050606993,4482.842265189359,4401.03857421875,4401.03857421875,64469000
2019-02-20,4458.30224609375,4576.917626953124,4450.121875,4499.2041015625,89583000
2019-02-21,4531.923767810513,4548.284503434378,4474.661193126987,4503.29248046875,54561500
2019-02-22,4478.752394712687,4519.654243066228,4466.481840206626,4491.02294921875,48271500
2019-02-25,4491.02294921875,4499.2033188894575,4462.391655371272,4491.02294921875,47887000
2019-02-26,4499.203763149752,4544.19580078125,4495.113577910525,4544.19580078125,98446000
2019-02-27,4552.37646484375,4556.466650346754,4536.015722831733,4552.37646484375,78519500
2019-02-28,4556.46615675289,4564.646526872733,4507.383936033828,4511.47412109375,99366000
2019-03-01,4552.375728896379,4581.007022788808,4527.834619845724,4531.9248046875,72589500
2019-03-04,4515.564405487805,4531.925146087398,4511.474220337906,4527.8349609375,63910500
2019-03-05,4499.202977493745,4503.293162018738,4450.120763193812,4495.11279296875,46499500
2019-03-06,4544.195352078353,4544.195352078353,4491.02294921875,4491.02294921875,37777000
2019-03-07,4491.02294921875,4491.02294921875,4491.02294921875,4491.02294921875,0
2019-03-08,4536.014477449306,4556.465399349438,4450.12060546875,4450.12060546875,61126000
2019-03-11,4523.743399998581,4523.743399998581,4466.480825315054,4503.29248046875,32469000
2019-03-12,4531.9255859375,4531.9255859375,4458.30224609375,4499.2041015625,40178500
2019-03-13,4458.30224609375,4503.294287109375,4458.30224609375,4499.2041015625,17722000
2019-03-14,4458.302148972114,4495.113818092068,4458.302148972114,4482.84326171875,41096000
2019-03-15,4515.564065320397,4536.014989529275,4486.932771427967,4531.9248046875,41759500
2019-03-18,4544.1951651358395,4548.285349802928,4527.834426467483,4540.10498046875,42791000
2019-03-19,4531.92479757229,4536.014982407644,4486.932764383396,4491.02294921875,51527000
2019-03-20,4531.925684843464,4544.196241751885,4470.57290030136,4474.6630859375,42388500
2019-03-21,4491.02299604024,4515.564105308219,4470.572071650257,4478.75244140625,39866000
2019-03-22,4470.571391881979,4499.202681674453,4470.571391881979,4486.93212890625,29601000
2019-03-25,4450.1210472043995,4499.203264636802,4450.1210472043995,4462.3916015625,23054500
2019-03-26,4482.843457209781,4507.384571026623,4462.392529029079,4474.6630859375,19895500
2019-03-27,4507.383050186588,4507.383050186588,4466.481207625911,4486.93212890625,17804500
2019-03-28,4466.48271466522,4486.933642845921,4437.851415212237,4474.6630859375,32187500
2019-03-29,4511.473973989055,4523.744528768716,4466.48193979696,4507.3837890625,36234000
2019-04-01,4540.10595703125,4540.10595703125,4482.843359375,4499.2041015625,21786000
2019-04-02,4523.74521484375,4556.466699218749,4482.843359375,4499.2041015625,36853000
2019-04-03,4499.2041015625,4499.2041015625,4499.2041015625,4499.2041015625,0
2019-04-04,4531.9248046875,4548.285544054603,4491.022956269742,4531.9248046875,48112000
2019-04-05,4548.285248078661,4548.285248078661,4519.653956049389,4523.744140625,21913500
2019-04-08,4503.294189007613,4531.925487212021,4458.302148972114,4482.84326171875,39910000
2019-04-09,4527.8349609375,4540.105516387195,4511.474220337906,4527.8349609375,29447000
2019-04-10,4540.104730804582,4544.194915246748,4511.473439709418,4519.65380859375,19508500
2019-04-11,4548.286229043111,4548.286229043111,4482.84326171875,4482.84326171875,25356000
2019-04-12,4466.4826171875,4507.38447265625,4466.4826171875,4499.2041015625,18577000
2019-04-15,4548.284503434378,4556.46487124631,4491.021928750852,4503.29248046875,68152000
2019-04-16,4495.11279296875,4503.293162018738,4478.752054868773,4495.11279296875,71017000
2019-04-17,4495.11279296875,4495.11279296875,4495.11279296875,4495.11279296875,0
2019-04-18,4581.006597222222,4748.70416015625,4564.645859375,4601.45751953125,129332500
2019-04-19,4601.45751953125,4601.45751953125,4601.45751953125,4601.45751953125,0
2019-04-22,4601.45751953125,4646.449548611111,4568.736043836806,4601.45751953125,62837500
2019-04-23,4646.450190108792,4670.991300267818,4576.91704465822,4605.54833984375,48654000
2019-04-24,4655.904563998668,4655.904563998668,4622.883964253996,4647.6494140625,46975000
2019-04-25,4569.225448485674,4639.394222310657,4560.970298623911,4618.75634765625,61482500
2019-04-26,4610.501019569479,4660.031916825373,4598.1182952555055,4639.39404296875,66204500
2019-04-29,4631.139591750495,4701.308373443684,4618.756865569344,4693.05322265625,65480500
2019-04-30,4680.669741847826,4754.966086956521,4680.669741847826,4746.7109375,107607500
2019-05-01,4746.7109375,4746.7109375,4746.7109375,4746.7109375,0
2019-05-02,4787.987456711741,4796.242607499175,4684.798071868816,4693.05322265625,80879500
2019-05-03,4688.924449339207,4746.710490088106,4635.265982929515,4684.796875,58244500
2019-05-06,4622.883743883453,4672.414641139347,4618.756169112127,4639.39404296875,36649500
2019-05-07,4684.798254006321,4713.691282885656,4664.160376235369,4672.41552734375,59177000
2019-05-08,4622.884046052632,4705.435546875,4618.756471011513,4705.435546875,59062000
2019-05-09,4705.435463615675,4705.435463615675,4643.521839094416,4647.6494140625,126636500
2019-05-10,4631.13818359375,4688.924221535205,4622.883035316399,4631.13818359375,76130500
2019-05-13,4688.924221535205,4701.306943951231,4622.883035316399,4631.13818359375,63720500
2019-05-14,4589.862566822111,4647.648606332462,4536.2041015625,4536.2041015625,114800500
2019-05-15,4585.734945108602,4585.734945108602,4494.9283125321945,4507.31103515625,72065000
2019-05-16,4507.311939586292,4523.8222397312975,4358.71923828125,4358.71923828125,87939000
2019-05-17,4358.718976230695,4383.484424959279,4276.16748046875,4276.16748046875,74207000
2019-05-20,4276.1675149570165,4449.525657455274,4243.14691638592,4441.2705078125,54764500
2019-05-21,4515.566183572287,4536.20405461238,4457.780144660028,4507.31103515625,97371000
2019-05-22,4565.09707406851,4565.09707406851,4457.780144660028,4507.31103515625,38519000
2019-05-23,4490.801265611061,4627.01123046875,4408.249771757917,4627.01123046875,54926000
2019-05-24,4631.13818359375,4647.648480148452,4627.010609455075,4631.13818359375,37402000
2019-05-27,4569.225960844739,4705.435948837401,4565.098385451022,4693.05322265625,68564000
2019-05-28,4668.287412049777,4763.2216388200195,4668.287412049777,4734.32861328125,209923000
2019-05-29,4787.98695421385,4866.410878463905,4730.200904766441,4738.4560546875,133044500
2019-05-30,4738.4560546875,4738.4560546875,4738.4560546875,4738.4560546875,0
2019-05-31,4738.4553919002365,4845.772325863134,4734.327817517048,4804.49658203125,96875000
2019-06-03,4804.49658203125,4804.49658203125,4804.49658203125,4804.49658203125,0
2019-06-04,4804.49658203125,4804.49658203125,4804.49658203125,4804.49658203125,0
2019-06-05,4804.49658203125,4804.49658203125,4804.49658203125,4804.49658203125,0
2019-06-06,4804.49658203125,4804.49658203125,4804.49658203125,4804.49658203125,0
2019-06-07,4804.49658203125,4804.49658203125,4804.49658203125,4804.49658203125,0
2019-06-10,4953.090122767857,5109.937976655506,4796.242268880208,4854.0283203125,179238000
2019-06-11,4870.538307357762,4920.069205398689,4825.134984153579,4878.79345703125,72901000
2019-06-12,4821.007678838751,4870.538579648738,4804.497378568755,4825.13525390625,69255500
2019-06-13,4858.155948451631,4858.155948451631,4779.732020651647,4792.11474609375,78802500
2019-06-14,4825.134005842538,4825.134005842538,4779.730691844019,4787.98583984375,57220500
2019-06-17,4796.241610325442,4821.007057538826,4779.731312183186,4783.85888671875,83624000
2019-06-18,4783.859977489406,4870.5390625,4783.859977489406,4870.5390625,78788000
2019-06-19,4870.537997159091,4920.068892045455,4862.282848011364,4903.55859375,66944500
2019-06-20,4870.538307357762,4903.558906051713,4792.1143854596285,4878.79345703125,59504500
2019-06-21,4878.79377092634,4899.431646437872,4821.007719494048,4854.0283203125,144149000
2019-06-24,4866.410689827128,4870.53826462766,4841.645241023936,4849.900390625,30084000
2019-06-25,4895.303756378225,4920.069205398689,4849.900433174043,4878.79345703125,40561500
2019-06-26,4903.559627757353,4903.559627757353,4837.51842064951,4841.64599609375,59334500
2019-06-27,4829.263345257214,4899.43212890625,4792.115165678312,4899.43212890625,77525000
2019-06-28,4936.579677400438,4948.96240234375,4920.069377476022,4948.96240234375,80919000
2019-07-01,4948.9625360301025,4973.727986585715,4924.197085474489,4944.8349609375,56612500
2019-07-02,4944.834694010417,4953.08984375,4911.814095052083,4953.08984375,48563500
2019-07-03,4911.814095052083,4953.08984375,4903.558945312499,4953.08984375,43640000
2019-07-04,4953.090111122704,4961.345261307909,4924.197085474489,4944.8349609375,28224500
2019-07-05,4969.599965975713,4969.599965975713,4928.32421875,4928.32421875,32722500
2019-07-08,4899.431646437872,4920.069521949405,4841.645595005581,4854.0283203125,38361000
2019-07-09,4845.772897135416,4953.08984375,4845.772897135416,4953.08984375,47740500
2019-07-10,4953.08984375,4986.110442708333,4948.962268880208,4953.08984375,52183500
2019-07-11,4969.600452217323,4973.72802734375,4936.579851205913,4973.72802734375,34279500
2019-07-12,4953.089577267055,4977.85502515339,4948.962002619332,4961.3447265625,29838000
2019-07-15,5002.620383522728,5048.023703835228,4981.982510653409,5039.7685546875,61453500
2019-07-16,5019.13023829088,5039.768109336484,5010.875089872638,5023.2578125,38075000
2019-07-17,5019.130945121951,5076.9169921875,4990.237921589177,5076.9169921875,45487000
2019-07-18,5035.641376690907,5093.427425275885,4998.4932026005645,5072.78955078125,43625500
2019-07-19,5114.065296197707,5126.448020885837,5076.917122133316,5118.19287109375,43973500
2019-07-22,5167.723808252185,5192.4892578125,5118.192909131558,5192.4892578125,37314500
2019-07-23,5151.213023757017,5192.488769139685,5122.320001989149,5147.08544921875,39129500
2019-07-24,5167.7234109374995,5171.850985546875,5089.2994933593745,5159.46826171875,51343500
2019-07-25,5175.97856015625,5180.106134765625,5118.192515625,5159.46826171875,53477500
2019-07-26,5159.467276880297,5159.467276880297,5109.9363910222455,5114.06396484375,51797500
2019-07-29,5134.703929599152,5142.959080611369,5085.173023525848,5109.9384765625,68509500
2019-07-30,5122.321374629471,5159.469555428557,5109.938647696443,5134.7041015625,38225500
2019-07-31,5109.9384765625,5151.214231623586,5101.6833255502825,5109.9384765625,64129000
2019-08-01,5109.937455181914,5175.978650079257,5105.80988050083,5126.44775390625,78228000
2019-08-02,5085.171254055151,5122.3194206838,5085.171254055151,5089.298828125,62989500
2019-08-05,5130.575563151041,5130.575563151041,4953.08984375,4953.08984375,90924000
2019-08-06,4854.0283203125,4915.941946847098,4759.09409295945,4854.0283203125,183296000
2019-08-07,4932.451704028442,4994.36532374428,4874.665658960326,4961.3447265625,92102000
2019-08-08,4961.344371227102,5019.130412156536,4936.578925114488,4957.216796875,58295500
2019-08-09,4998.493385057064,5052.151860701772,4998.493385057064,5006.74853515625,48118500
2019-08-12,5010.875309622051,5019.130458402317,4953.089268160182,4986.10986328125,52705000
2019-08-13,4953.089931421447,4986.110530964256,4953.089931421447,4965.47265625,84406000
2019-08-14,4986.110174448835,5002.620473039725,4936.579278676165,4961.3447265625,81942000
2019-08-15,4887.0486458333335,4953.08984375,4837.517747395833,4953.08984375,52561500
2019-08-16,4986.11004024224,4986.11004024224,4920.06884765625,4920.06884765625,49821500
2019-08-19,4977.855381078553,4977.855381078553,4924.1969068214885,4965.47265625,30619000
2019-08-20,4981.983271574118,4981.983271574118,4940.70751953125,4940.70751953125,58393500
2019-08-21,4953.089042887029,4957.216617089435,4932.451171875,4932.451171875,55927500
2019-08-22,4891.176220703124,4953.08984375,4887.0486458333335,4953.08984375,65888000
2019-08-23,4887.048777627189,4948.96240234375,4874.666052683878,4948.96240234375,33083500
2019-08-26,4903.559210011477,4953.090111122704,4837.518008529842,4944.8349609375,41388500
2019-08-27,4986.109817339717,4986.109817339717,4911.813479001873,4957.216796875,123780000
2019-08-28,4953.089977324854,4969.60027724927,4940.707252381542,4948.96240234375,55688000
2019-08-29,4944.834073818693,4973.727094283409,4940.70649946659,4957.216796875,51525500
2019-08-30,5019.131301229508,5035.6416015625,4957.217674980789,5035.6416015625,73650000
2019-09-02,5035.641341145833,5035.641341145833,4953.08984375,4953.08984375,42429000
2019-09-03,4953.08887283237,4998.4921875,4953.08887283237,4998.4921875,42743500
2019-09-04,5002.62020478613,5002.62020478613,4957.216886095826,4969.599609375,41979000
2019-09-05,5023.258032792452,5023.258032792452,4965.471991330583,4986.10986328125,53650500
2019-09-06,5002.621053228734,5002.621053228734,4973.72802734375,4973.72802734375,54349000
2019-09-09,4994.366124365679,4998.493699675072,4936.580070034175,4981.9833984375,25912000
2019-09-10,4969.599169075144,4998.4921875,4940.70615065029,4998.4921875,40291000
2019-09-11,4994.365850730021,5035.6416015625,4961.345250064037,5035.6416015625,45243500
2019-09-12,5035.6408001972595,5039.768374623651,4961.344460522218,4969.599609375,40034000
2019-09-13,5019.131711235489,5027.386862076337,4961.345655349554,4977.85595703125,28419500
2019-09-16,4953.089222522897,4965.471945579205,4940.70649946659,4957.216796875,77289000
2019-09-17,4944.835353667859,4981.983532451673,4940.707778247434,4977.85595703125,92037500
2019-09-18,4944.834119379915,4986.10986328125,4944.834119379915,4986.10986328125,28667000
2019-09-19,4965.473230769978,4990.238683292521,4953.0905045087065,4977.85595703125,61988500
2019-09-20,4994.365862048727,4994.365862048727,4944.8349609375,4944.8349609375,133433000
2019-09-23,4977.855602470176,4977.855602470176,4953.090151711618,4973.72802734375,47231500
2019-09-24,4936.580038701115,4953.090339833894,4903.559436435556,4907.68701171875,79718500
2019-09-25,4870.539100344882,4899.43212890625,4771.477288134478,4899.43212890625,88620000
2019-09-26,4953.090191831683,5002.62109375,4928.324740872525,5002.62109375,109859000
2019-09-27,4957.21701929636,5015.003062818549,4953.089444759061,5010.87548828125,48010000
2019-09-30,5010.87548828125,5010.87548828125,4957.21701929636,5010.87548828125,73391000
2019-10-01,4961.344416940449,5006.747735231917,4961.344416940449,4986.10986328125,40057000
2019-10-02,4961.345122837035,5010.876022565857,4961.345122837035,4994.36572265625,52376500
2019-10-03,4961.344416940449,4990.237437671383,4911.813524258847,4986.10986328125,50269000
2019-10-04,4936.578839045698,5006.747601808054,4936.578839045698,4990.2373046875,56890500
2019-10-07,5010.87548828125,5019.130637355848,4994.365190132053,5010.87548828125,56705500
2019-10-08,5019.131301229508,5035.6416015625,4965.472825147284,5035.6416015625,46997500
2019-10-09,5035.6409355050455,5035.6409355050455,4994.365190132053,5010.87548828125,41496500
2019-10-10,4969.600617903539,5043.89697265625,4969.600617903539,5043.89697265625,65806500
2019-10-11,5019.130637755102,5081.0442558195155,5019.130637755102,5056.27880859375,40863500
2019-10-14,5060.406822549143,5118.19287109375,5060.406822549143,5118.19287109375,37514500
2019-10-15,5109.937900904605,5109.937900904605,5072.78972553454,5097.55517578125,40935000
2019-10-16,5118.192958693685,5130.57568359375,5097.555083860242,5130.57568359375,65776500
2019-10-17,5105.810466226748,5126.448341999693,5039.769263753322,5048.0244140625,45666500
2019-10-18,5085.17236328125,5093.427513221642,5068.662063400467,5085.17236328125,41008500
2019-10-21,5118.1937989851285,5163.5971310729,5105.8110720521,5134.7041015625,59971500
2019-10-22,5175.978206380209,5200.74365234375,5138.8300374348955,5200.74365234375,67259500
2019-10-23,5200.744319596613,5204.871894453437,5167.723720742032,5180.1064453125,62219000
2019-10-24,5192.488503689236,5217.253949652778,5175.978206380209,5200.74365234375,73101000
2019-10-25,5217.25466859879,5221.382243494833,5097.554996613533,5118.19287109375,61929500
2019-10-28,5118.1927377115235,5159.468485596293,5118.1927377115235,5122.3203125,43249500
2019-10-29,5122.321374629471,5151.2144041398715,5076.9180425417,5134.7041015625,79861500
2019-10-30,5184.234287709497,5188.361862779329,5118.193086592179,5171.8515625,60738000
2019-10-31,5175.978958105624,5200.744407665938,5159.468658398748,5192.4892578125,58420500
2019-11-01,5200.744449419467,5221.38232421875,5180.106574620183,5221.38232421875,42080500
2019-11-04,5242.020068164841,5266.785517305777,5167.723720742032,5180.1064453125,43794500
2019-11-05,5242.02024063974,5250.275390625,5175.979040757665,5250.275390625,66161500
2019-11-06,5266.785471170076,5266.785471170076,5196.61669921875,5196.61669921875,63393000
2019-11-07,5229.637566735655,5229.637566735655,5159.468791175666,5188.36181640625,61972000
2019-11-08,5213.128382980444,5213.128382980444,5159.469896061405,5184.2353515625,90040500
2019-11-11,5229.637297784079,5233.7648726047455,5171.851250294752,5196.61669921875,70207000
2019-11-12,5134.703386871508,5184.234287709497,5134.703386871508,5171.8515625,47635500
2019-11-13,5171.852623811953,5188.362927479349,5171.852623811953,5184.2353515625,40083500
2019-11-14,5171.851428943007,5184.234153832735,5126.448104347338,5175.97900390625,37862000
2019-11-15,5184.234020169323,5192.489169882969,5163.59614588521,5180.1064453125,47138000
2019-11-18,5155.342320144557,5188.362927479349,5126.449288726612,5184.2353515625,65599000
2019-11-19,5225.509188038153,5242.019485630691,5200.743741649347,5213.12646484375,60115000
2019-11-20,5163.596578955463,5242.0205078125,5163.596578955463,5242.0205078125,43229500
2019-11-21,5242.019395616319,5242.019395616319,5200.74365234375,5200.74365234375,57523500
2019-11-22,5184.233708985924,5208.999156640315,5175.978559767794,5204.87158203125,56035000
2019-11-25,5225.50976873755,5229.637343594372,5180.1064453125,5180.1064453125,55133500
2019-11-26,5225.509991702715,5225.509991702715,5175.9790913074285,5188.36181640625,192783500
2019-11-27,5175.978206380209,5200.74365234375,5151.212760416666,5200.74365234375,58833500
2019-11-28,5196.616433203125,5196.616433203125,5155.340687109375,5159.46826171875,44248000
2019-11-29,5142.959592394009,5196.618079313048,5138.83201647716,5184.2353515625,52954500
2019-12-02,5184.234402358949,5303.93408203125,5175.979252036722,5303.93408203125,49909000
2019-12-03,5299.806378676471,5299.806378676471,5237.892752757353,5262.658203125,42823000
2019-12-04,5250.274769245876,5283.295365278869,5246.147194741752,5254.40234375,37552000
2019-12-05,5250.275436834582,5270.913311979372,5225.509986660834,5233.76513671875,54168000
2019-12-06,5250.3275065358675,5295.87451171875,5233.764959196638,5295.87451171875,69920500
2019-12-09,5275.171327544713,5295.87451171875,5266.890053875098,5295.87451171875,51667500
2019-12-10,5295.874583062279,5300.0152199528675,5266.890124828162,5271.03076171875,57654000
2019-12-11,5271.0302389976,5287.592784917467,5258.6083295577,5283.4521484375,48469000
2019-12-12,5300.015772870663,5304.156410193218,5250.328125,5250.328125,79198500
2019-12-13,5295.874595018303,5316.577779517984,5258.608862918878,5266.89013671875,70822500
2019-12-16,5250.327589119006,5295.874595018303,5250.327589119006,5266.89013671875,78684000
2019-12-17,5295.874267202524,5382.82763671875,5271.030447340745,5382.82763671875,102914500
2019-12-18,5382.828474856588,5631.2667121576615,5333.140827396373,5594.0009765625,181804000
2019-12-19,5548.452370383523,5565.014914772727,5457.358376242898,5465.6396484375,74171000
2019-12-20,5531.890671921921,5581.578312687688,5473.921757695195,5515.328125,99453000
2019-12-23,5531.890671921921,5573.297039226726,5507.0468515390385,5515.328125,46558500
2019-12-26,5515.328078218563,5569.156355258234,5515.328078218563,5531.890625,38188500
2019-12-27,5523.609803112164,5548.453625315067,5523.609803112164,5544.31298828125,29945000
2019-12-30,5531.890613313389,5565.015706806283,5523.609339940165,5536.03125,61168000
2020-01-02,5544.313000324061,5614.70383005185,5531.891089195628,5540.17236328125,49445000
2020-01-03,5589.859260110294,5631.265625,5569.156077665441,5631.265625,47755500
2020-01-06,5565.014615812917,5589.858431062083,5540.170800563753,5577.4365234375,27300000
2020-01-07,5577.437976327777,5606.422435002086,5573.297339374304,5581.57861328125,45022500
2020-01-08,5523.6093516092815,5585.718902039671,5523.6093516092815,5531.890625,53692500
2020-01-09,5581.57861328125,5594.000524141668,5573.297339374304,5581.57861328125,40363500
2020-01-10,5602.282325307853,5651.969973425883,5556.735314532993,5569.1572265625,73362000
2020-01-13,5581.578113417347,5598.140659747962,5577.4374768346925,5585.71875,67855000
2020-01-14,5585.718945099276,5701.656773463087,5581.578308371998,5689.23486328125,93582000
2020-01-15,5689.2354365741585,5846.579648066021,5631.2665165508415,5660.2509765625,75623500
2020-01-16,5635.406632427578,5705.797457373404,5627.12535890454,5672.67236328125,88931500
2020-01-17,5664.391517045454,5705.797887784091,5631.266420454545,5693.3759765625,38249500
2020-01-20,5755.485630886522,5776.188816609135,5656.110339417977,5660.2509765625,93554500
2020-01-21,5701.657360250046,5709.938634556872,5651.969714409087,5656.1103515625,103984500
2020-01-22,5676.813023617393,5709.938117847108,5660.250476502535,5664.39111328125,94311500
2020-01-23,5701.656844289679,5709.938117847108,5656.109839723821,5664.39111328125,87728000
2020-01-24,5647.8281479442,5697.515785609398,5639.546875,5639.546875,69653500
2020-01-27,5685.094297174822,5747.203848855537,5643.687929387678,5664.39111328125,39679000
2020-01-28,5660.250595070301,5668.531868801201,5594.000405223099,5622.98486328125,82615000
2020-01-29,5631.266148903832,5668.5318807715785,5606.422327658668,5618.84423828125,43821000
2020-01-30,5668.531989304177,5668.531989304177,5573.297339374304,5581.57861328125,71990000
2020-01-31,5631.265884211034,5635.406520890601,5366.26513671875,5366.26513671875,163136500
2020-02-03,5366.264248107532,5453.217603979644,5275.1702562415085,5333.13916015625,149797000
2020-02-04,5440.795831853693,5482.202192826705,5399.389470880682,5465.6396484375,113316500
2020-02-05,5614.703241084696,5614.703241084696,5507.046689264487,5573.296875,123002500
2020-02-06,5581.57861328125,5614.703708909032,5531.890969839577,5581.57861328125,154693500
2020-02-07,5556.734259430474,5614.70317122781,5552.593622873521,5598.140625,82609000
2020-02-10,5598.14105391028,5618.84423828125,5490.4844951812365,5618.84423828125,66578500
2020-02-11,5618.84473880554,5618.84473880554,5585.719640861219,5614.7041015625,77526500
2020-02-12,5631.265625,5631.265625,5598.140533088235,5631.265625,69971500
2020-02-13,5647.8286844739505,5647.8286844739505,5581.578494626749,5622.98486328125,49737000
2020-02-14,5614.703358907186,5627.1252689932635,5527.749988304641,5531.890625,147028500
2020-02-17,5531.8900466192335,5589.858954293387,5531.8900466192335,5565.01513671875,115319000
2020-02-18,5536.0317142136155,5565.016173450336,5523.609803112164,5544.31298828125,98436500
2020-02-19,5519.4691660783465,5598.141269720873,5519.4691660783465,5544.31298828125,74594000
2020-02-20,5540.172100075814,5544.31273692191,5436.6561789234265,5461.5,136724500
2020-02-21,5465.640589569161,5515.328231292518,5461.499952758882,5478.0625,98261000
2020-02-24,5436.656345785441,5465.640804597701,5391.10933908046,5403.53125,84910000
2020-02-25,5424.2349126328,5432.516187308575,5391.109813929699,5407.67236328125,86446500
2020-02-26,5382.82831970405,5411.812779887072,5316.578125,5316.578125,92824500
2020-02-27,5357.983315375348,5362.123951631434,5134.388957546701,5208.92041015625,129254500
2020-02-28,5134.388957546701,5208.92041015625,4997.747961095862,5208.92041015625,169946500
2020-03-02,5208.920899240594,5208.920899240594,4997.748430352462,5035.01416015625,144871500
2020-03-03,5134.389849312697,5258.608958570263,5134.389849312697,5233.76513671875,114663500
2020-03-04,5229.623260308497,5382.826792083172,5184.076264375485,5333.13916015625,83025000
2020-03-05,5415.95337995338,5415.95337995338,5250.327894327895,5329.0,77583000
2020-03-06,5258.6092529296875,5258.6092529296875,5134.39013671875,5134.39013671875,77835500
2020-03-09,4968.764179991357,5001.889274524633,4790.716796875,4790.716796875,140889500
2020-03-10,4836.263475738397,4977.045118011603,4836.263475738397,4906.654296875,133667000
2020-03-11,4927.357158954327,4952.2009765625,4794.856798377404,4844.54443359375,93204500
2020-03-12,4637.513278439748,4670.638373285747,4521.575446478754,4604.38818359375,129845500
2020-03-13,4604.38818359375,4604.38818359375,4604.38818359375,4604.38818359375,0
2020-03-16,4604.38818359375,4604.38818359375,4604.38818359375,4604.38818359375,0
2020-03-17,4550.561548233032,4558.842824935913,4240.013671875,4240.013671875,212200000
2020-03-18,4240.012,4455.325109375,3946.0267929687498,4140.63671875,180053500
2020-03-19,4136.496176442793,4136.496176442793,3850.792236328125,3850.792236328125,264419000
2020-03-20,3809.3854359160505,4459.465341827811,3581.650437029765,3921.1826171875,335132000
2020-03-23,3941.8860177412525,4140.636573257619,3647.9008210399616,3668.60400390625,217843500
2020-03-24,3685.167114257813,4136.496569824219,3685.167114257813,3726.573486328125,253971000
2020-03-26,3850.7920005104756,4467.74684790409,3850.7920005104756,4372.51220703125,331633000
2020-03-27,4438.762824693738,4881.810979770446,4434.622187730405,4562.98193359375,269683000
2020-03-30,4538.137173709054,4600.246715320036,4268.995826728134,4550.55908203125,159964500
2020-03-31,4687.200505514706,4728.606870404412,4542.278228400735,4575.4033203125,182638500
2020-04-01,4604.38788064553,4761.732070811474,4492.590692896042,4538.1376953125,152831500
2020-04-02,4529.855105021084,4529.855105021084,4438.761126675138,4480.16748046875,136623500
2020-04-03,4521.574629279459,4579.543534783042,4442.902543238883,4550.55908203125,110506000
2020-04-06,4571.263159328684,4753.451183794682,4550.559974730275,4749.310546875,78184000
2020-04-07,4749.3107402879095,5051.577247734306,4620.950990550398,4683.060546875,149153500
2020-04-08,4683.060105385564,4687.200742083518,4538.137820957188,4666.49755859375,106111500
2020-04-09,4637.51368409294,4716.185791233803,4554.700939734138,4633.373046875,89997000
2020-04-13,4587.825287642046,4649.934835759943,4538.137649147727,4554.7001953125,58043000
2020-04-14,4558.840797292894,4629.231617959542,4509.15315917526,4567.1220703125,95796000
2020-04-15,4567.122139749031,4662.356780922401,4509.153227730458,4542.2783203125,95342000
2020-04-16,4542.278402779849,4571.262859315363,4293.840203904014,4339.38720703125,176990500
2020-04-17,4389.074902793779,4509.153367115496,4372.512355990783,4492.5908203125,160935500
2020-04-20,4496.73211823792,4554.7010405724795,4413.919372045693,4434.62255859375,90744000
2020-04-21,4511.283763796784,4511.283763796784,4347.00732421875,4347.00732421875,73431000
2020-04-22,4347.0077441690955,4410.190996264577,4250.126757622692,4334.37109375,107263500
2020-04-23,4363.858636856079,4418.617480754852,4313.31201171875,4313.31201171875,105419500
2020-04-24,4313.310975609756,4330.159846608231,4144.822265625,4144.822265625,131149500
2020-04-27,4161.670662172379,4229.066138482863,4090.0629685924896,4178.51953125,151103500
2020-04-28,4178.519604037267,4191.156256065606,4047.9408664111024,4069.001953125,180488000
2020-04-29,4064.7890146786403,4085.85009765625,4043.7279317010307,4085.85009765625,121161000
2020-04-30,4111.123556878627,4422.827597051801,4111.123556878627,4355.43212890625,174081000
2020-05-04,4338.583647629311,4464.950161637931,4212.21713362069,4397.5546875,114497500
2020-05-05,4397.555136515492,4498.648358044584,4380.706266260643,4452.31396484375,118643500
2020-05-06,4477.586930019404,4523.921319699755,4464.950278288399,4511.28466796875,86395500
2020-05-08,4502.859566774905,4549.193949594853,4338.583118595091,4418.615234375,123028000
2020-05-11,4418.615139393,4486.0106038642,4418.615139393,4460.7373046875,40615500
2020-05-12,4498.647898706897,4498.647898706897,4237.490436422414,4397.5546875,118660000
2020-05-13,4347.008897994129,4355.433333842955,4283.825629127936,4304.88671875,94973000
2020-05-14,4271.188798113567,4304.886540110518,4132.185612376144,4144.822265625,131268000
2020-05-15,4144.821408454153,4208.004661631809,3942.634998285658,4031.091552734375,205790000
2020-05-18,4043.727456059811,4081.637400960372,4001.605295059188,4014.241943359375,139997500
2020-05-19,4077.426202757746,4178.519414396367,3942.63525390625,3942.63525390625,128504500
2020-05-20,3976.3319984588143,4043.727456059811,3951.0587018584406,4014.241943359375,119158000
2020-05-26,4022.6669096610913,4212.216659330986,4022.6669096610913,4186.943359375,176076500
2020-05-27,4186.943173503588,4212.216472337614,4090.0621946398223,4182.73095703125,151753500
2020-05-28,4212.216529449953,4481.79838733475,4212.216529449953,4460.7373046875,229233000
2020-05-29,4460.7378070809245,4460.7378070809245,4372.28125,4372.28125,399414000
2020-06-02,4431.252242814249,4633.438656935051,4414.403374970849,4515.49658203125,181369500
2020-06-03,4557.6191592100995,4869.3232421875,4549.194724535035,4869.3232421875,279673500
2020-06-04,4869.322636685018,5046.235742862154,4717.682831390328,4877.7470703125,236158500
2020-06-05,4877.748087813865,4932.506917815229,4705.047162424945,4822.9892578125,88157500
2020-06-08,4848.261723715573,4991.47710043697,4848.261723715573,4970.416015625,173557500
2020-06-09,5004.114643895348,5050.449038746231,4881.960330197567,4890.384765625,100110000
2020-06-10,4886.1708984375,4940.9297102303335,4713.470030475485,4886.1708984375,115382500
2020-06-11,4844.049652529435,4894.596257599307,4721.89535694391,4785.07861328125,85187500
2020-06-12,4785.078731261023,4785.078731261023,4616.590043540565,4776.654296875,96044000
2020-06-15,4785.07828125,4810.3515820312505,4633.4384765625,4633.4384765625,100844500
2020-06-16,4700.833831787109,4881.959149678549,4700.833831787109,4852.4736328125,91518500
2020-06-17,4886.171840854458,4886.171840854458,4785.078630354021,4818.7763671875,79800000
2020-06-18,4818.776745747538,4835.625615487914,4705.046875,4705.046875,68032000
2020-06-19,4717.683646300448,4759.805821713845,4671.349253345712,4696.62255859375,110071000
2020-06-22,4713.47012229947,4768.228935159071,4658.711309439869,4667.1357421875,51590500
2020-06-23,4692.4095697912035,4768.229473073287,4650.287401301157,4734.53173828125,69954000
2020-06-24,4759.804777367714,4852.473542944785,4751.380344133435,4806.13916015625,57333000
2020-06-25,4801.928169350436,4839.838128582151,4751.3815570414845,4822.9892578125,51415000
2020-06-26,4818.7770150575725,4852.474756421612,4751.381532329495,4755.59375,57467500
2020-06-29,4751.380692455948,4797.715078641245,4705.04630627065,4780.8662109375,48796500
2020-06-30,4801.9285265995395,4835.626270645852,4768.230782553227,4797.71630859375,74474000
2020-07-01,4801.9265726023705,4886.1708984375,4780.865491143588,4886.1708984375,63959000
2020-07-02,4865.11141879392,4945.1435546875,4852.474765758092,4945.1435546875,75585500
2020-07-03,4945.1435546875,4974.629078437766,4919.870248615844,4945.1435546875,52219000
2020-07-06,4936.718114864153,4999.9013671875,4928.29368122104,4999.9013671875,67800000
2020-07-07,5004.113670896807,5050.448056738444,4970.415935739253,5046.23583984375,74168000
2020-07-08,5046.236288747479,5277.908238564768,5037.8118542086695,5223.1494140625,106444500
2020-07-09,5231.574057056865,5256.847361680328,5079.934229316086,5138.9052734375,93543500
2020-07-10,5138.905068674395,5256.8471522177415,5122.056199596774,5223.1494140625,67224000
2020-07-13,5248.422769325658,5256.847203947368,5172.602857730263,5202.08837890625,86006000
2020-07-14,5202.0883277154735,5223.1494140625,5147.3295032132055,5223.1494140625,45616500
2020-07-15,5223.149517276423,5256.847256097561,5181.02734375,5181.02734375,61468000
2020-07-16,5181.026990575698,5223.1491612307855,5172.602556444681,5206.30029296875,66520500
2020-07-17,5168.390068502988,5206.300020105698,5088.357948452819,5155.75341796875,73348000
2020-07-20,5155.753670857085,5189.451407267916,5105.207066240839,5172.6025390625,59794500
2020-07-21,5138.905068674395,5252.634934948336,5138.905068674395,5223.1494140625,84159500
2020-07-22,5231.573595361802,5265.271331885872,5164.178122313663,5206.30029296875,44725500
2020-07-23,5206.300544984879,5235.786065870716,5172.602806829637,5223.1494140625,84026500
2020-07-24,5223.149622182377,5223.149622182377,5138.9052734375,5138.9052734375,58366500
2020-07-27,5138.9052734375,5172.603012935451,5054.660924692623,5138.9052734375,41972500
2020-07-28,5155.753871513743,5223.1493469583675,5105.207264930275,5210.5126953125,65279000
2020-07-29,5210.51181346144,5210.51181346144,5138.904132920742,5168.3896484375,50262500
2020-07-30,5168.390605046199,5256.84716796875,5100.995128533779,5256.84716796875,80533500
2020-08-03,5239.997635858484,5252.63428610573,4907.232512680975,5164.177734375,137079000
2020-08-04,5185.239341551555,5239.998164817331,5164.178255680103,5231.57373046875,79357000
2020-08-05,5223.1491110999195,5239.997979200241,5138.904770598308,5227.361328125,49393000
2020-08-06,5235.785846941768,5303.18132043418,5210.512544382113,5273.69580078125,55258500
2020-08-07,5277.9079830823985,5294.756851344433,5189.451424706715,5206.30029296875,43621000
2020-08-10,5206.300020105698,5223.148887484682,5143.116767434513,5155.75341796875,37774500
2020-08-11,5172.602857730263,5223.149465460526,5164.178423108552,5202.08837890625,38795500
2020-08-12,5202.088110195562,5273.69580078125,5189.451458915734,5273.69580078125,35612000
2020-08-13,5273.695817832341,5307.3935546875,5206.3003441220235,5307.3935546875,48581000
2020-08-14,5307.393058401639,5395.849609375,5256.846457845433,5395.849609375,57316000
2020-08-18,5395.849893821861,5412.698761562132,5307.393338185437,5357.93994140625,81563500
2020-08-19,5357.939804872631,5400.061973149931,5315.8176365953295,5332.66650390625,58793500
2020-08-24,5341.090378810372,5374.788109906968,5290.54378216548,5320.029296875,66882500
2020-08-25,5324.242390023566,5374.788994992145,5311.605738781422,5362.15234375,49211000
2020-08-26,5379.001754423797,5383.213971929219,5311.606274337047,5341.091796875,42983000
2020-08-27,5362.151323168206,5560.12548828125,5341.090241773201,5560.12548828125,68326000
2020-08-28,5526.428250096228,5560.125983328522,5412.698400437235,5471.66943359375,52292500
2020-08-31,5475.881785358566,5509.579519422311,5286.33203125,5286.33203125,97032000
2020-09-01,5290.543600819594,5492.72998046875,5256.845870878068,5492.72998046875,67446000
2020-09-02,5492.731227539822,5526.4289651320905,5362.15249436978,5421.12353515625,66065000
2020-09-03,5446.396804011419,5475.88232421875,5307.393637319712,5475.88232421875,68208500
2020-09-04,5433.759608732122,5433.759608732122,5277.907588946782,5374.78857421875,80613500
2020-09-07,5336.879006470018,5357.940091736277,5223.1491460322195,5294.7568359375,64249500
2020-09-08,5294.757220935897,5357.940481328927,5294.757220935897,5336.87939453125,39649000
2020-09-09,5307.392976881505,5324.241843474781,5231.5730772117695,5261.05859375,49285000
2020-09-10,5239.997988045933,5239.997988045933,4894.59619140625,4894.59619140625,175735000
2020-09-11,4886.171378863251,5033.598963570333,4734.531577450254,4974.6279296875,403032500
2020-09-14,5054.660543646694,5151.541537399922,5042.023892287578,5096.78271484375,138115000
2020-09-15,5088.358575085324,5138.905183447099,4936.71875,4936.71875,170087000
2020-09-16,4936.718583559783,4945.143018002717,4839.837587466032,4844.0498046875,158565500
2020-09-17,4844.049989648946,4932.5065546773185,4772.442294149789,4848.26220703125,138796000
2020-09-18,4801.926594762988,4831.4121089413575,4692.408970671903,4742.95556640625,316912000
2020-09-21,4751.380537048394,4831.412656023501,4713.470585954923,4721.89501953125,112443000
2020-09-22,4650.287937213303,4688.197893223194,4574.468025193521,4591.31689453125,163442500
2020-09-23,4591.316492286841,4705.046350352663,4570.255407459837,4637.65087890625,100517000
2020-09-24,4574.468327629993,4662.9248975012915,4540.770586726641,4587.10498046875,88618500
2020-09-25,4616.589781082887,4738.744072735628,4599.740913268716,4726.107421875,100705000
2020-09-28,4759.8050505014735,4797.715002231131,4633.438544735947,4646.0751953125,93522000
2020-09-29,4696.621916421861,4747.1685200066695,4599.7409262176425,4637.65087890625,117778500
2020-09-30,4688.197254814345,4688.197254814345,4566.04296875,4566.04296875,107377000
2020-10-01,4620.801499207529,4692.4091796875,4616.589282708707,4692.4091796875,56893000
2020-10-02,4683.985265525658,4688.197482491059,4582.892058356039,4637.65087890625,66848000
2020-10-05,4646.075380629388,4683.98533387115,4599.7409933338995,4650.28759765625,58291000
2020-10-06,4742.956692023026,4814.564386307566,4717.683388157894,4801.927734375,141955500
2020-10-07,4717.683468179844,4848.26220703125,4700.83459865063,4848.26220703125,89937500
2020-10-08,4877.747676862565,4886.1721115376295,4810.352199462046,4869.3232421875,77384500
2020-10-09,4844.0502401244585,4865.111328125,4818.776934523809,4865.111328125,54250500
2020-10-12,4919.869696039709,4949.355216478304,4911.445261628683,4932.50634765625,82918500
2020-10-13,4919.869696039709,4936.718564861763,4860.898655162521,4932.50634765625,48250500
2020-10-14,4919.869412076271,4970.416015625,4894.596110301907,4970.416015625,83117500
2020-10-15,4949.35506360739,4953.5672806828,4852.474070872947,4873.53515625,82067000
2020-10-16,4873.534716288249,4877.746932983398,4827.200332641602,4852.4736328125,89051500
2020-10-19,4844.049506753178,4970.416015625,4810.351771054025,4970.416015625,56871500
2020-10-20,4953.568031330749,4953.568031330749,4873.535894770133,4890.384765625,74995500
2020-10-21,4936.718719588019,4940.930936925552,4827.201068812175,4869.3232421875,77944000
2020-10-22,4835.624302936422,4886.1708984375,4806.138788894127,4886.1708984375,96872500
2020-10-23,4919.869475736568,4919.869475736568,4844.049569432409,4860.8984375,66328000
2020-10-26,4822.988684302451,4915.657462516122,4822.988684302451,4898.80859375,70452500
2020-10-27,4898.808154381207,4911.444804822431,4848.261552616311,4877.7470703125,89482000
2020-11-02,4852.473904639175,4907.232724743611,4818.776169190292,4903.0205078125,151006500
2020-11-03,4919.870012733447,4966.2044049766555,4915.657795256791,4961.9921875,78152000
2020-11-04,4970.415978710266,5004.11371415915,4873.534989294727,4903.0205078125,78626000
2020-11-05,4970.416476117886,5206.3006478658535,4970.416476117886,5181.02734375,161090000
2020-11-06,5189.4514756944445,5307.3935546875,5105.207133556547,5307.3935546875,137303500
2020-11-09,5307.393487097255,5391.637828162291,5235.785797191975,5294.7568359375,82739500
2020-11-10,5387.425514503761,5560.126410590278,5374.788863570602,5459.033203125,191073500
2020-11-11,5509.5791015625,5530.6401837550175,5459.032504300459,5509.5791015625,131383500
2020-11-12,5400.062382112782,5471.670073607257,5395.850164966048,5408.48681640625,83082500
2020-11-13,5408.486681154636,5433.7599834030225,5324.242340326682,5383.21337890625,82374500
2020-11-16,5463.24542010272,5463.24542010272,5379.001080548322,5459.033203125,54905000
2020-11-17,5475.881254472805,5530.6400670175335,5467.456821773617,5518.00341796875,119784000
2020-11-18,5518.003672885749,5539.064755606688,5509.579239797375,5534.8525390625,99789000
2020-11-19,5492.731059263983,5593.824268943688,5488.518842193996,5572.76318359375,147346500
2020-11-20,5593.823218513257,5602.2476510712595,5518.0033254912405,5560.12548828125,68468500
2020-11-23,5560.12548828125,5568.549920839252,5518.0033254912405,5560.12548828125,75265500
2020-11-24,5560.126142421935,5560.126142421935,5513.791757901751,5530.640625,72349500
2020-11-25,5543.276883653471,5547.489100130411,5374.788224575858,5400.0615234375,170140500
2020-11-26,5349.515561704283,5467.45763708044,5307.393391927084,5459.033203125,64339000
2020-11-27,5459.032602045811,5467.4570350736585,5374.788271767326,5379.00048828125,87361500
2020-11-30,5379.001141027901,5391.637792103143,5168.390289773872,5227.361328125,393091500
2020-12-01,5239.998179730258,5421.123518740227,5239.998179730258,5387.42578125,114563500
2020-12-02,5442.1841993701555,5463.245283733043,5341.090994428295,5433.759765625,93897500
2020-12-03,5475.882307589977,5496.9433933884,5412.6990501947075,5442.1845703125,98210000
2020-12-04,5442.184417485818,5446.396634527216,5357.940076657864,5383.21337890625,64995500
2020-12-07,5475.881115497988,5543.276575381039,5459.032250527224,5492.72998046875,96636000
2020-12-08,5492.730330315871,5492.730330315871,5412.69821660728,5467.45703125,70561500
2020-12-10,5568.5191681024235,5576.96912131654,5526.269402031844,5555.84423828125,151420500
2020-12-11,5576.968610801781,5729.06775473274,5572.743634581478,5691.04296875,214160000
2020-12-14,5745.96825742302,5771.3181173822395,5741.74328076315,5762.8681640625,179785500
2020-12-15,5771.317878284932,5830.467549072625,5581.193936467346,5737.51806640625,164024500
2020-12-16,5796.668190759892,5872.7177734375,5779.7682834982015,5872.7177734375,138674000
2020-12-17,5885.3928301865535,5914.9676685292,5762.868499909877,5860.04296875,91920000
2020-12-18,5860.042631620519,5860.042631620519,5707.943471751493,5745.96826171875,147238500
2020-12-21,5822.01857398998,5822.01857398998,5745.968984489385,5771.31884765625,93692500
2020-12-22,5695.267457418094,5762.867071155994,5669.917602266381,5674.142578125,61790500
2020-12-23,5834.692913568773,5834.692913568773,5593.869237918216,5682.59375,76948000
2020-12-28,5737.5183127074115,5762.868172704646,5627.668919386062,5729.068359375,60234000
2020-12-29,5724.8439972081715,5754.418837046147,5695.269157370196,5716.39404296875,34212500
2020-12-30,5745.968513432423,5745.968513432423,5661.468976470181,5720.61865234375,52675500
2021-01-04,5745.968618553402,5792.443364732878,5678.368987746891,5775.54345703125,47937000
2021-01-05,5796.668629892454,5991.017578125,5788.218675621474,5991.017578125,104831000
2021-01-06,5957.216691414687,5978.341573299136,5813.567494600432,5868.4921875,89753500
2021-01-07,5914.96790593593,5957.217676692615,5838.918318573897,5885.39306640625,71360000
2021-01-08,5944.5423547623,5982.567145944149,5893.842633186502,5957.21728515625,75033500
2021-01-11,6041.717107992256,6219.166141933288,6037.49213099366,6206.4912109375,169034500
2021-01-12,6206.490638434554,6236.065474696666,6050.16650390625,6050.16650390625,95235000
2021-01-13,6121.991611437851,6147.341473182935,5974.11741792486,6016.3671875,76581500
2021-01-14,5957.2175376435625,5991.01735345998,5910.742790895989,5931.86767578125,89319500
2021-01-15,5995.241726247978,5999.466702799245,5779.767922133357,5876.9423828125,89853500
2021-01-18,5876.942947902036,6020.592164457514,5783.993454836727,6016.3671875,86343000
2021-01-19,6016.366581879845,6016.366581879845,5919.192121638808,5995.24169921875,73777000
2021-01-20,6054.391370669816,6164.2407605075105,5974.1168165576555,5995.24169921875,107216000
2021-01-21,6151.566337234983,6168.466244754859,5965.667354516343,5978.34228515625,66428000
2021-01-22,5978.3424058472365,6050.167014256709,5978.3424058472365,5982.5673828125,80829000
2021-01-25,6083.965718283582,6083.965718283582,5914.966670553483,5944.54150390625,76836500
2021-01-26,5876.942533878986,5914.967323817815,5762.8681640625,5762.8681640625,98658000
2021-01-27,5762.867925315261,5855.817407981636,5665.693466164051,5737.51806640625,97920000
2021-01-28,5737.518287194293,5851.592656674592,5737.518287194293,5830.4677734375,104627000
2021-01-29,5830.467305380917,5914.966831545858,5712.16796875,5712.16796875,132762500
2021-02-01,5712.168444144061,5847.367697259897,5572.744214368356,5762.8681640625,113129000
2021-02-02,5885.39249159869,5898.067421587775,5745.96826171875,5745.96826171875,86741000
2021-02-03,5914.967948717949,5914.967948717949,5767.09375,5767.09375,67291000
2021-02-04,5847.368059354486,5914.967690098468,5775.5434516890045,5792.443359375,80950500
2021-02-05,5805.118274217055,5872.7179047756235,5792.443343487324,5843.14306640625,51602000
2021-02-08,5957.217068534366,5961.442045178716,5813.567862626445,5847.36767578125,45604000
2021-02-09,5914.96728935351,5940.317149165025,5876.942499636237,5898.0673828125,75574000
2021-02-10,5957.217068534366,5957.217068534366,5830.467769203848,5847.36767578125,44984500
2021-02-11,5902.291885021121,5902.291885021121,5779.767572447311,5813.5673828125,36926000
2021-02-15,5771.318121696921,5822.017841653263,5678.368635110293,5745.96826171875,83922000
2021-02-16,5813.567374369596,5868.492066133263,5771.317611474468,5864.26708984375,47221000
2021-02-17,5822.0178201426625,5881.167493206522,5788.218006963315,5830.4677734375,66011500
2021-02-18,5788.217421817,5830.467184020044,5691.04296875,5691.04296875,91204000
2021-02-19,5729.068956043956,5788.218635531136,5712.169047619048,5767.09375,70487500
2021-02-22,5830.467549072625,5864.267360951307,5737.51806640625,5737.51806640625,68913000
2021-02-23,5762.868772893773,5783.993658424909,5724.843978937729,5767.09375,58360000
2021-02-24,5767.093285315985,5775.543238847584,5682.59375,5682.59375,71869000
2021-02-25,5695.2681942114095,5720.618052642617,5644.568477348993,5665.693359375,78688000
2021-02-26,5665.693480535698,5754.417986942297,5614.99376258907,5669.91845703125,173631500
2021-03-01,5771.318188875089,5952.9921875,5745.968328601845,5952.9921875,205539000
2021-03-02,6016.366597246971,6050.166409591055,5914.967160214718,5927.64208984375,81446500
2021-03-03,5969.891981375557,5986.791887904576,5914.96728515625,5914.96728515625,84470000
2021-03-04,5834.692287626721,5914.966837565104,5678.3681640625,5678.3681640625,120802500
2021-03-05,5678.368635110293,5851.592678294462,5678.368635110293,5745.96826171875,111871500
2021-03-08,5872.717074439639,5872.717074439639,5678.3681640625,5678.3681640625,90883000
2021-03-09,5661.468894894966,5674.143825256671,5576.969359150265,5581.1943359375,135582000
2021-03-10,5678.368288590604,5678.368288590604,5593.868760486577,5665.693359375,50302000
2021-03-12,5809.343539602388,5813.568516722099,5674.144271771642,5716.39404296875,74328000
2021-03-15,5758.643845531696,5762.868822674419,5631.89453125,5631.89453125,57416000
2021-03-16,5669.918349056604,5669.918349056604,5593.868773584906,5598.09375,70755500
2021-03-17,5619.2192486230615,5631.894179259054,5581.194456715087,5585.41943359375,71474500
2021-03-18,5593.868760486577,5678.368288590604,5585.418807676175,5665.693359375,70067500
2021-03-19,5720.617921366495,5720.617921366495,5598.09360842733,5712.16796875,125853000
2021-03-22,5610.769047394259,5644.568860932779,5585.41918724037,5593.869140625,67523500
2021-03-23,5678.368811881188,5678.368811881188,5538.944577660891,5547.39453125,127762500
2021-03-24,5505.144176412073,5534.719010821041,5424.869625873447,5441.76953125,152050000
2021-03-25,5407.970467032967,5441.770282451923,5348.820790049794,5382.62060546875,119101500
2021-03-26,5382.620229838513,5445.9948793264075,5323.470556983145,5420.64501953125,134467500
2021-03-29,5416.419685411753,5505.1441888389345,5374.169921875,5374.169921875,113370500
2021-03-30,5382.620234008503,5454.444836817093,5382.620234008503,5403.7451171875,83115500
2021-03-31,5399.520179410951,5403.745156077157,5192.4963227668695,5251.64599609375,223390500
2021-04-01,5251.645750188253,5298.120491340362,5200.946032567771,5260.095703125,112286000
2021-04-05,5281.220350102813,5315.020160343471,5200.94580078125,5200.94580078125,73311500
2021-04-06,5184.046623137166,5213.621461247973,5137.571877534469,5209.396484375,80215000
2021-04-07,5200.946148437501,5302.3455859375,5184.0462421875,5281.220703125,107908000
2021-04-08,5312.409459046455,5325.262062576406,5248.1464413967,5256.71484375,123697500
2021-04-09,5410.946298906881,5415.230500252016,5265.283453172253,5312.40966796875,116961000
2021-04-12,5393.809593659831,5393.809593659831,5192.45212670033,5196.736328125,110411500
2021-04-13,5183.883516438802,5192.451918945312,5123.904698893229,5141.04150390625,119211500
2021-04-14,5231.0089292352295,5402.376953125,5192.451123860032,5402.376953125,135519500
2021-04-15,5402.378038540008,5406.66223999801,5295.273002089968,5380.95703125,102686500
2021-04-16,5458.072183920568,5458.072183920568,5325.261950245892,5376.67236328125,79293500
2021-04-19,5376.672873367723,5380.9570748604465,5338.115059933213,5372.388671875,47095000
2021-04-20,5312.4100027566155,5355.252018907879,5299.557397911237,5342.3994140625,72721000
2021-04-21,5312.409820432887,5333.830827773342,5282.42041015625,5282.42041015625,68397000
2021-04-22,5312.410090255431,5376.673115540779,5295.273283512672,5325.2626953125,63758000
2021-04-23,5380.9570404196,5479.4936741215515,5333.830824301276,5475.20947265625,108498500
2021-04-26,5479.493642632508,5483.77784407319,5380.957009496818,5385.2412109375,108742000
2021-04-27,5458.072601818648,5513.767220204552,5445.219997575747,5488.06201171875,132650000
2021-04-28,5483.777689873417,5488.061891193632,5410.9462674297865,5415.23046875,87660000
2021-04-29,5535.187713289782,5535.187713289782,5449.503692960218,5492.345703125,57355000
2021-04-30,5526.6198244474535,5526.6198244474535,5466.641004647248,5488.06201171875,65829500
2021-05-03,5552.32509903169,5552.32509903169,5436.65165946853,5475.20947265625,42065500
2021-05-04,5440.935817718506,5509.483040618897,5432.367414855958,5483.77783203125,50123500
2021-05-05,5500.914529122081,5509.482931815418,5483.7777237354085,5505.19873046875,51685000
2021-05-06,5483.7777237354085,5526.6197372020915,5483.7777237354085,5505.19873046875,38115500
2021-05-07,5535.188249206543,5535.188249206543,5470.925227737427,5483.77783203125,48864000
2021-05-10,5483.777745327103,5500.91455078125,5479.4935439635665,5500.91455078125,68180500
2021-05-11,5483.777488425926,5552.32470703125,5402.377666332104,5552.32470703125,70680000
2021-05-17,5569.46240234375,5569.46240234375,5462.357356144832,5569.46240234375,129058500
2021-05-18,5483.777875586854,5530.904091705179,5453.788465329739,5475.20947265625,73563000
2021-05-19,5466.641266807033,5483.778073286052,5428.083452229241,5436.65185546875,64912500
2021-05-20,5475.209516280123,5513.767329775053,5440.93590428463,5466.64111328125,64950000
2021-05-21,5526.619527564859,5526.619527564859,5363.819882566824,5449.50390625,92620000
2021-05-24,5445.219365658967,5466.640370244565,5389.524753736413,5419.51416015625,59210000
2021-05-25,5398.093513350708,5518.051146980723,5398.093513350708,5445.2197265625,87470000
2021-05-27,5518.051522627591,5552.325134569378,5372.388671875,5372.388671875,537971500
2021-05-28,5423.799272507147,5458.0728856035585,5423.799272507147,5432.36767578125,102108500
2021-05-31,5449.504816176471,5475.210027573529,5419.5154028799025,5462.357421875,101442000
2021-06-02,5569.461085532676,5582.3136880377515,5500.913872172274,5539.4716796875,141732500
2021-06-03,5565.177283824573,5655.1455078125,5509.482668974905,5655.1455078125,133810500
2021-06-04,5672.282398722455,5672.282398722455,5569.461569742592,5638.0087890625,62108500
2021-06-07,5620.871709896631,5629.440111893424,5509.482483938314,5595.16650390625,62576000
2021-06-08,5633.725248013462,5633.725248013462,5509.4833984375,5509.4833984375,64348000
2021-06-09,5449.503669960758,5599.450704904647,5449.503669960758,5595.16650390625,77198000
2021-06-10,5616.588096042414,5672.28271484375,5560.893477241078,5672.28271484375,73262500
2021-06-11,5629.44086740485,5638.009270551584,5535.188432790766,5543.7568359375,72780500
2021-06-14,5586.59812548752,5586.59812548752,5483.777301092044,5492.345703125,61478500
2021-06-15,5522.3358280706625,5543.7568359375,5488.062215483723,5543.7568359375,87799000
2021-06-16,5500.914212387432,5513.766815687402,5449.503799187549,5470.9248046875,48984000
2021-06-17,5475.209736466973,5475.209736466973,5376.673098017254,5423.79931640625,68448500
2021-06-18,5398.093155570652,5436.650963824728,5380.956351902174,5419.51416015625,118043000
2021-06-21,5398.09396875,5398.09396875,5320.978340625,5355.251953125,60823500
2021-06-22,5355.252046314324,5475.209692151765,5346.683643040221,5432.36767578125,65824000
2021-06-23,5393.810348976099,5432.368167197532,5338.11572265625,5338.11572265625,52451000
2021-06-24,5406.662053548964,5406.662053548964,5312.409624723229,5320.97802734375,56010000
2021-06-25,5338.114919634743,5363.820127915489,5303.84130859375,5303.84130859375,68939500
2021-06-28,5226.725289985033,5269.5673005586805,5188.16748046875,5188.16748046875,84420500
2021-06-29,5183.883322186466,5218.156930928195,5175.314920001034,5179.59912109375,53704000
2021-06-30,5141.041882780083,5201.020704745851,5141.041882780083,5162.462890625,65795000
2021-07-01,5192.452301607884,5205.304906314834,5141.041882780083,5162.462890625,58153000
2021-07-02,5201.020864017674,5260.999687820185,5175.315653816599,5226.72607421875,67392500
2021-07-05,5226.725542783347,5252.430750370806,5201.020335195888,5235.2939453125,39710500
2021-07-06,5235.293692099763,5235.293692099763,5188.16748046875,5188.16748046875,34279500
2021-07-07,5295.2729608924155,5295.2729608924155,5166.746918152308,5196.736328125,35595000
2021-07-08,5141.041439370324,5175.315048966126,5123.904634572423,5153.89404296875,47297000
2021-07-09,5149.610307763185,5158.1787109375,5132.473501414555,5158.1787109375,40707500
2021-07-12,5201.021041202391,5295.27348181726,5158.179022741086,5286.705078125,65981500
2021-07-13,5286.704148411653,5290.988349504369,5153.893914537453,5179.59912109375,65946500
2021-07-14,5158.177861540067,5166.746263303423,5123.904254486644,5132.47265625,59321000
2021-07-15,5141.0410172219945,5239.57763671875,5136.75681637431,5239.57763671875,49724000
2021-07-16,5286.704360487418,5286.704360487418,5188.167731402158,5235.2939453125,47998500
2021-07-19,5235.29440635408,5235.29440635408,5145.326171875,5145.326171875,47119000
2021-07-21,5183.883964551269,5243.862787281614,5149.6103515625,5149.6103515625,55009500
2021-07-22,5239.57795364541,5273.8515625,5183.883339256702,5273.8515625,60792000
2021-07-23,5295.272594436102,5303.840996692471,5162.462359462381,5171.03076171875,79938000
2021-07-26,5175.315583368027,5192.45238993547,5145.326171875,5145.326171875,48171500
2021-07-27,5145.326171875,5192.45238993547,5141.041970233139,5145.326171875,53107500
2021-07-28,5145.325791783157,5149.609993108539,5115.336382505487,5123.90478515625,74133000
2021-07-29,5188.167544737557,5213.872751400171,5123.904528081022,5175.31494140625,84605000
2021-07-30,5175.315244844011,5226.725661183522,5106.768023057998,5115.33642578125,105685000
2021-08-02,5192.451597892198,5196.735798880558,5059.641367253041,5106.767578125,119981500
2021-08-03,5162.4623757246745,5295.272611116761,5128.188766591233,5265.283203125,110071500
2021-08-04,5265.283801109962,5269.568002738205,5192.452373429841,5243.86279296875,41112000
2021-08-05,5286.704035683284,5406.661663721478,5260.998829675099,5398.09326171875,93768000
2021-08-06,5449.503785765016,5449.503785765016,5256.71473674031,5278.1357421875,67285000
2021-08-09,5256.715050481981,5312.40966796875,5231.009842411165,5312.40966796875,52858500
2021-08-10,5355.251251705109,5398.09326171875,5239.5778246682785,5398.09326171875,60446000
2021-08-12,5243.862025669643,5415.230065724207,5243.862025669643,5398.09326171875,118325500
2021-08-13,5440.935290927262,5513.76670820739,5419.514285844872,5492.345703125,86929000
2021-08-16,5500.91455078125,5500.91455078125,5402.377919419904,5500.91455078125,69282000
2021-08-18,5586.598289535985,5792.23994436553,5535.187875828598,5655.1455078125,186354500
2021-08-19,5655.1455078125,5655.1455078125,5595.166691820549,5655.1455078125,100926000
2021-08-20,5655.1455078125,5655.1455078125,5578.02988725142,5655.1455078125,120163500
2021-08-23,5582.314613539098,5646.57763671875,5582.314613539098,5646.57763671875,68253000
2021-08-24,5629.440300958807,5655.1455078125,5569.461484966856,5655.1455078125,59561500
2021-08-25,5655.1455078125,5659.429708954782,5642.292904385653,5655.1455078125,80751500
2021-08-26,5620.8720703125,5638.008875404917,5543.756447396628,5620.8720703125,74337000
2021-08-27,5560.893467681932,5595.167079193068,5560.893467681932,5578.0302734375,71572500
2021-08-30,5595.167326881426,5638.009343166888,5586.598923624333,5625.15673828125,74564500
2021-08-31,5586.598017056298,5629.440026389551,5582.313816122973,5612.30322265625,115373500
2021-09-01,5612.304133395611,5655.146149681073,5599.451528509972,5625.15673828125,67362500
2021-09-02,5590.882747545155,5633.724760936306,5530.903928797544,5603.7353515625,53257000
2021-09-03,5620.871898674242,5655.1455078125,5582.314088393702,5655.1455078125,35764500
2021-09-06,5655.145125356464,5659.429326209007,5612.303116831036,5633.72412109375,36780000
2021-09-07,5650.861435888746,5659.429838369245,5629.4404296875,5629.4404296875,53902000
2021-09-08,5612.303698048087,5650.861509714067,5500.914464346371,5518.05126953125,77888000
2021-09-09,5492.345989999524,5629.4404296875,5492.345989999524,5629.4404296875,110074000
2021-09-10,5565.176652966833,5625.155462159701,5565.176652966833,5586.59765625,41483500
2021-09-13,5620.871603260869,5620.871603260869,5590.882196841032,5616.58740234375,29929000
2021-09-14,5646.576851514754,5650.861052464309,5565.17703347319,5608.01904296875,51990500
2021-09-15,5608.018765185961,5612.302965923306,5556.608356337808,5565.1767578125,44514000
2021-09-16,5638.009631911057,5638.009631911057,5552.3255949519225,5569.46240234375,58672500
2021-09-17,5560.8924523102,5599.4502582199,5552.324050996933,5586.59765625,117540000
2021-09-20,5629.440365176538,5646.577169941154,5578.029950882688,5642.29296875,73157500
2021-09-21,5578.029381139253,5599.450384907069,5543.755775110748,5560.892578125,57115500
2021-09-22,5569.461192255434,5638.008406929347,5569.461192255434,5616.58740234375,68722000
2021-09-23,5616.587783025028,5646.577191477489,5608.01938061004,5638.0087890625,60998500
2021-09-24,5569.46154850038,5642.29296875,5569.46154850038,5642.29296875,60539500
2021-09-27,5642.292990269994,5650.861392684983,5616.587783025028,5638.0087890625,55052500
2021-09-28,5603.734458876534,5620.871261503067,5569.460853623466,5586.59765625,80186000
2021-09-29,5586.598374572568,5638.0087890625,5582.314173365074,5638.0087890625,74079000
2021-09-30,5655.145731026785,5997.8818359375,5650.861529715401,5997.8818359375,156848000
2021-10-01,5912.1978723650145,5912.1978723650145,5749.3982208071375,5792.240234375,103954500
2021-10-04,5775.103062421426,5963.60791015625,5775.103062421426,5963.60791015625,74719000
2021-10-05,5920.765963176071,5950.75537109375,5877.923951865101,5950.75537109375,54986500
2021-10-06,5980.745697956563,6152.11376953125,5972.177294377829,6152.11376953125,174312000
2021-10-07,6147.828677726191,6147.828677726191,6066.428855512395,6134.97607421875,107263500
2021-10-08,6169.250096450617,6254.934125567987,6147.829089171275,6246.36572265625,94643500
2021-10-11,6203.523372889387,6246.365385133098,6194.9549704406445,6216.3759765625,47201000
2021-10-12,6216.376666960169,6272.0712890625,6207.80826355981,6272.0712890625,91067000
2021-10-13,6340.618108907807,7068.932351147218,6340.618108907807,6447.72314453125,210893300
2021-10-14,6511.985685483871,6769.037752016128,6511.985685483871,6640.51171875,138811900
2021-10-15,6683.354664522059,6747.617690142463,6383.460544960171,6554.82861328125,142378200
2021-10-18,6554.828180154693,6576.249187279381,6404.881130281873,6447.72314453125,116644300
2021-10-19,6404.880751953125,6447.722763671875,6297.77572265625,6426.3017578125,134601200
2021-10-21,6426.3021933065875,6469.144207928632,6297.776149440456,6340.6181640625,106120100
2021-10-22,6383.460123157184,6469.144151655938,6362.039116032495,6447.72314453125,96730700
2021-10-25,6340.618108907807,6447.72314453125,6340.618108907807,6447.72314453125,60329800
2021-10-26,6511.986165905316,6511.986165905316,6426.302137406561,6447.72314453125,70103000
2021-10-27,6490.564497365247,6490.564497365247,6362.03846771445,6383.45947265625,57067000
2021-10-28,6297.775284692796,6362.038297801907,6297.775284692796,6319.1962890625,75271900
2021-10-29,6383.459853156355,6404.880859375,6319.196834500418,6404.880859375,60639200
2021-11-01,6469.144207928632,6469.144207928632,6340.6181640625,6340.6181640625,38593400
2021-11-02,6319.196610124144,6362.038621040239,6212.091582833904,6254.93359375,90535400
2021-11-03,6254.934351084184,6340.618383290816,6212.092334980867,6297.7763671875,61621500
2021-11-04,6362.038297801907,6404.880306541313,6319.1962890625,6319.1962890625,61081400
2021-11-05,6404.880477598049,6404.880477598049,6319.196457830852,6383.45947265625,43120400
2021-11-08,6426.301922184406,6511.985947813531,6383.459909369843,6490.56494140625,85441700
2021-11-09,6511.9864871742675,6576.24951171875,6490.565478992773,6576.24951171875,101785800
2021-11-10,6576.249621821385,6576.249621821385,6490.565587660845,6554.82861328125,47503900
2021-11-11,6597.6705199002445,6640.5125362632325,6511.9864871742675,6576.24951171875,55790000
2021-11-12,6640.512208653447,6640.512208653447,6447.72314453125,6447.72314453125,52590100
2021-11-15,6533.406787109375,6533.406787109375,6426.3017578125,6426.3017578125,67344200
2021-11-16,6340.617840719064,6404.880859375,6276.354822063127,6404.880859375,98616900
2021-11-17,6447.867032797029,6512.345703125,6383.388362469059,6512.345703125,61968100
2021-11-18,6383.387908110747,6447.86657384924,6361.89501953125,6361.89501953125,78839600
2021-11-19,6383.38818359375,6404.8810731008,6340.402404579651,6383.38818359375,68203700
2021-11-22,6383.388729031668,6469.360294405832,6361.895837688127,6426.37451171875,66328300
2021-11-23,6361.895837688127,6447.8674030622915,6361.895837688127,6426.37451171875,43477500
2021-11-24,6512.346077092914,6512.346077092914,6383.388729031668,6426.37451171875,35181400
2021-11-25,6404.8810731008,6469.359741621949,6383.38818359375,6383.38818359375,40216100
2021-11-26,6361.895605133162,6404.881386248926,6232.938261785867,6254.43115234375,113288400
2021-11-29,6254.430576633762,6383.387908110747,6168.459022315773,6361.89501953125,87907900
2021-11-30,6297.416933459514,6383.388495691043,6254.43115234375,6254.43115234375,144923700
2021-12-01,6254.4304516936,6404.880668744649,6254.4304516936,6275.92333984375,76538100
2021-12-02,6340.402254231771,6447.86669921875,6275.923587239584,6447.86669921875,66831000
2021-12-03,6469.359679555085,6469.359679555085,6318.909454449152,6340.40234375,63283700
2021-12-06,6404.881228077168,6426.374118104272,6318.90966796875,6318.90966796875,56944100
2021-12-07,6404.881228077168,6426.374118104272,6318.90966796875,6318.90966796875,51258200
2021-12-08,6404.8810731008,6426.3739626078495,6361.895294086701,6383.38818359375,74775000
2021-12-09,6361.8954480229595,6404.881228077168,6318.90966796875,6318.90966796875,54886400
2021-12-10,6297.4165651483045,6340.40234375,6254.43078654661,6340.40234375,91092400
2021-12-13,6340.402004294199,6361.894892444349,6275.92333984375,6275.92333984375,59977100
2021-12-14,6275.92333984375,6340.402004294199,6254.4304516936,6275.92333984375,49763600
2021-12-15,6275.92333984375,6340.402004294199,6254.4304516936,6275.92333984375,52477600
2021-12-16,6340.402714575279,6361.895605133162,6254.43115234375,6254.43115234375,95171400
2021-12-17,6297.416476236979,6447.86669921875,6275.923587239584,6447.86669921875,107096800
2021-12-20,6318.909454449152,6361.895233050847,6297.4165651483045,6340.40234375,74753000
2021-12-21,6297.4165651483045,6361.895233050847,6297.4165651483045,6340.40234375,52386100
2021-12-22,6383.388555220777,6383.388555220777,6297.4169921875,6297.4169921875,33232000
2021-12-23,6297.416227993899,6318.909116144049,6275.92333984375,6275.92333984375,37136400
2021-12-24,6275.92333984375,6318.909116144049,6275.92333984375,6275.92333984375,30802100
2021-12-27,6275.9238879145405,6318.90966796875,6275.9238879145405,6318.90966796875,20722100
2021-12-28,6340.402557995854,6361.8954480229595,6297.416777941646,6318.90966796875,39343800
2021-12-29,6318.909116144049,6340.402004294199,6275.92333984375,6275.92333984375,42079500
2021-12-30,6318.909116144049,6318.909116144049,6275.92333984375,6275.92333984375,49954700
2022-01-03,6297.4169921875,6361.895664462458,6275.924101429181,6297.4169921875,54287400
2022-01-04,6297.416353792757,6404.880796690245,6297.416353792757,6361.89501953125,70624000
2022-01-05,6404.88037109375,6469.3590325477135,6340.401709639786,6404.88037109375,76164900
2022-01-06,6447.8674030622915,6469.360294405832,6383.388729031668,6426.37451171875,63657100
2022-01-07,6490.852660334967,6619.809997957516,6447.866881127451,6576.82421875,143433300
2022-01-10,6512.344516151829,6576.82317472759,6490.85162995991,6533.83740234375,45351900
2022-01-11,6576.824764103085,6619.810546875,6555.331872717127,6619.810546875,110334600
2022-01-12,6619.810546875,6619.810546875,6576.824764103085,6619.810546875,62606000
2022-01-13,6619.810546875,6662.796329646916,6576.824764103085,6619.810546875,50025200
2022-01-14,6619.809756916799,6748.76708984375,6576.823979274483,6748.76708984375,65898700
2022-01-17,6791.752740675403,6791.752740675403,6619.809633316532,6662.79541015625,63902600
2022-01-18,6684.288450160321,6684.288450160321,6490.852449994911,6598.31689453125,71476300
2022-01-19,6576.824005623982,6641.302672345786,6512.345338902178,6598.31689453125,60389700
2022-01-20,6641.302310465233,6684.2880859375,6555.330759520699,6684.2880859375,59925500
2022-01-21,6684.288067511793,6834.73828125,6619.809404481132,6834.73828125,63370500
2022-01-24,6727.274628468049,6748.767518654848,6684.288848094451,6705.78173828125,40278300
2022-01-25,6598.316534992966,6684.2880859375,6555.330759520699,6684.2880859375,106796900
2022-01-26,6619.810546875,6662.796329646916,6576.824764103085,6619.810546875,53350200
2022-01-27,6555.331506973657,6705.78173828125,6555.331506973657,6705.78173828125,71945100
2022-01-28,6705.7809736736335,6727.273861409767,6619.809422729099,6684.2880859375,70595000
2022-01-31,6684.288386910861,6684.288386910861,6555.3310546875,6555.3310546875,68122000
2022-02-02,6684.288848094451,6705.78173828125,6598.317287347255,6705.78173828125,65308100
2022-02-03,6705.781894720874,6727.274785409082,6619.810331968042,6641.30322265625,35100600
2022-02-04,6662.796113344459,6705.781894720874,6619.810331968042,6641.30322265625,39324700
2022-02-07,6684.288848094451,6705.78173828125,6619.810177534054,6705.78173828125,56813200
2022-02-08,6662.796113344459,6748.76767609729,6641.30322265625,6641.30322265625,61883100
2022-02-09,6748.766730542453,6834.73828125,6705.780955188679,6834.73828125,108922200
2022-02-10,6834.738517515121,6834.738517515121,6662.79541015625,6662.79541015625,93277000
2022-02-11,6598.316598130491,6727.27392578125,6576.823710188698,6727.27392578125,71968800
2022-02-14,6662.796329646916,6684.289221032874,6619.810546875,6619.810546875,57710700
2022-02-15,6662.795324900794,6770.259765625,6641.302436755953,6770.259765625,55617000
2022-02-16,6748.767483223942,6856.23193359375,6727.27459314998,6856.23193359375,77055100
2022-02-17,6748.767636842365,6813.246308531942,6705.781855715981,6791.75341796875,48704600
2022-02-18,6834.738493814078,6834.738493814078,6748.766940432768,6813.24560546875,56813400
2022-02-21,6813.245393573114,6856.231168926887,6791.7525058962265,6834.73828125,43821700
2022-02-22,6791.75341796875,6834.739199095135,6748.767636842365,6791.75341796875,80095500
2022-02-23,6791.753111655668,6963.696228406445,6770.260222061821,6920.71044921875,99240300
2022-02-24,6985.189552307129,7006.682443237305,6813.2464248657225,6877.72509765625,124947700
2022-02-25,6834.738890843362,7028.174897187985,6813.246001249515,6920.71044921875,135899900
2022-03-01,6877.724670031056,7028.174897187985,6877.724670031056,6920.71044921875,136616800
2022-03-02,7071.1608343333655,7071.1608343333655,6856.23193359375,6856.23193359375,100301000
2022-03-04,6856.232089658327,6899.217870784711,6791.75341796875,6791.75341796875,132983400
2022-03-07,6705.782112418831,6748.767895190747,6619.810546875,6619.810546875,130990900
2022-03-08,6619.809997957516,6748.767335580065,6576.82421875,6576.82421875,119256500
2022-03-09,6619.809756916799,6834.738645128384,6576.823979274483,6748.76708984375,132814500
2022-03-10,6813.24560546875,6856.231382159405,6705.781163742114,6813.24560546875,86484000
2022-03-11,6641.30229215802,6834.73828125,6641.30229215802,6834.73828125,61053900
2022-03-14,6920.710236068112,6963.696013931889,6834.738680340558,6942.203125,78432100
2022-03-15,7006.681640625,7049.66741756135,6942.202975220476,7006.681640625,111214500
2022-03-16,7114.14565370141,7114.14565370141,6942.2025563309835,7049.6669921875,149761300
2022-03-17,7135.639788818359,7135.639788818359,6877.72509765625,6877.72509765625,132439400
2022-03-18,6877.724980221519,6963.6965424742875,6791.75341796875,6791.75341796875,143981700
2022-03-21,6705.781855715981,6834.739199095135,6705.781855715981,6791.75341796875,85485500
2022-03-22,6791.752717123423,6834.738493814078,6770.259828778096,6813.24560546875,60010900
2022-03-23,6813.246308531942,6834.739199095135,6727.274746279173,6791.75341796875,82208000
2022-03-24,6748.766940432768,6834.738493814078,6705.781163742114,6813.24560546875,95245100
2022-03-25,6791.7525058962265,6834.73828125,6791.7525058962265,6834.73828125,85101200
2022-03-28,6830.373977081685,6895.8408203125,6808.551696004747,6895.8408203125,83911500
2022-03-29,6874.019060074143,6895.841342804538,6830.374494613356,6852.19677734375,62180600
2022-03-30,6895.840835813492,6895.840835813492,6830.373992435516,6874.0185546875,71430600
2022-03-31,6917.664025764107,6983.130877742947,6874.019457778213,6961.30859375,112691900
2022-04-01,7048.5967721066645,7048.5967721066645,6852.196242852919,6917.6630859375,105575400
2022-04-04,6917.663101389438,6917.663101389438,6830.373977081685,6895.8408203125,57321200
2022-04-05,6895.8408203125,6895.8408203125,6852.196258158623,6895.8408203125,48528300
2022-04-06,6830.374070690525,6852.196352066532,6764.9072265625,6764.9072265625,119263000
2022-04-07,6743.084945186492,6830.374070690525,6721.262663810484,6764.9072265625,68619400
2022-04-08,6808.552211882961,6874.019060074143,6786.729929152568,6852.19677734375,69791600
2022-04-11,6830.375075849514,6874.019645024272,6743.0859375,6743.0859375,62776200
2022-04-12,6743.08491398738,6808.5517578125,6721.26263271234,6808.5517578125,73471300
2022-04-13,6808.5517578125,6852.19632036258,6764.90719526242,6808.5517578125,57622100
2022-04-14,6808.552315848215,6808.552315848215,6721.26318359375,6721.26318359375,93342900
2022-04-18,6721.26318359375,6743.085466657366,6655.796334402902,6721.26318359375,68464700
2022-04-19,6721.262250256147,6721.262250256147,6655.79541015625,6655.79541015625,98632000
2022-04-20,6743.085008808211,6743.085008808211,6655.795882480596,6677.6181640625,124388800
2022-04-21,6808.5516807965305,6917.6630859375,6764.907118740142,6917.6630859375,129323400
2022-04-22,6852.196273561508,6917.663116939484,6808.551711309524,6874.0185546875,85956100
2022-04-25,6874.01895904541,6983.13037109375,6830.3743942260735,6983.13037109375,91279600
2022-04-26,6917.663442007211,7092.24169921875,6917.663442007211,7092.24169921875,128360900
2022-04-27,7048.597086092321,7157.70849609375,7048.597086092321,7157.70849609375,89463100
2022-04-28,7201.353109975961,7201.353109975961,7048.597134915865,7092.24169921875,133730600
2022-05-09,6874.018731368215,6895.841013055099,6633.9736328125,6633.9736328125,456796600
2022-05-10,6328.461735620847,6633.9736814784055,6328.461735620847,6568.5068359375,268445700
2022-05-11,6568.506756152981,6721.262727226307,6503.039911407271,6677.6181640625,156535200
2022-05-12,6568.507003731744,6590.329286136168,6350.2841796875,6350.2841796875,240529600
2022-05-13,6328.462347349616,6524.8629029570175,6328.462347349616,6393.92919921875,212968600
2022-05-17,6350.284097207559,6524.862354175465,6350.284097207559,6459.3955078125,159657600
2022-05-18,6546.685005414604,6612.15185546875,6437.573588657694,6612.15185546875,153514300
2022-05-19,6459.395475041946,6524.8623210727765,6437.573193031669,6503.0400390625,140908900
2022-05-20,6481.217789933488,6524.862354175465,6459.3955078125,6459.3955078125,86520200
2022-05-23,6503.04008871822,6524.862370895127,6415.750960010593,6437.5732421875,71603500
2022-05-24,6393.9291809497245,6524.862884313882,6393.9291809497245,6415.75146484375,108710800
2022-05-25,6459.395524364407,6503.04008871822,6415.750960010593,6437.5732421875,76747400
2022-05-27,6568.507288765986,6612.15185546875,6524.862722063222,6612.15185546875,84336900
2022-05-30,6612.15185546875,6633.974138820132,6524.862722063222,6612.15185546875,105411400
2022-05-31,6633.973538306452,6764.9072265625,6568.506694178428,6764.9072265625,286292700
2022-06-02,6655.796422171514,6699.440988874278,6568.507288765986,6612.15185546875,149226300
2022-06-03,6633.9736328125,6699.44047787315,6612.151351125617,6633.9736328125,80563100
2022-06-06,6590.329167103607,6612.151449113884,6481.217757052223,6503.0400390625,81140300
2022-06-07,6372.10639565678,6524.862370895127,6372.10639565678,6437.5732421875,129242500
2022-06-08,6546.6845060649675,6633.9736328125,6481.217661004318,6633.9736328125,108910500
2022-06-09,6546.68505859375,6612.151909179687,6546.68505859375,6546.68505859375,107828300
2022-06-10,6459.396032631803,6503.040600419856,6415.75146484375,6415.75146484375,111768600
2022-06-13,6372.106897055698,6459.396032631803,6350.284613161672,6415.75146484375,85539500
2022-06-14,6372.1063793285475,6459.3955078125,6328.461815086571,6459.3955078125,80865100
2022-06-15,6372.106915262372,6437.5737671315055,6372.106915262372,6393.92919921875,130367100
2022-06-16,6459.395872009076,6633.974138820132,6437.573588657694,6612.15185546875,132666300
2022-06-17,6481.218208007813,6590.329625651042,6481.218208007813,6546.68505859375,117839400
2022-06-20,6633.97313012295,6677.617690189549,6546.684009989754,6655.79541015625,88138700
2022-06-21,6633.973600898693,6677.6181640625,6590.329037734885,6677.6181640625,44295700
2022-06-22,6655.796476236979,6677.618759765625,6546.68505859375,6546.68505859375,53041800
2022-06-23,6503.0399903965945,6612.151399631437,6503.0399903965945,6568.5068359375,60443000
2022-06-24,6633.974210911371,6633.974210911371,6524.86279296875,6524.86279296875,57956600
2022-06-27,6524.862884313882,6546.685168207909,6415.75146484375,6415.75146484375,76354100
2022-06-28,6372.10595703125,6459.395079730308,6372.10595703125,6372.10595703125,146078100
2022-06-29,6393.928744496348,6459.395591709622,6350.2841796875,6350.2841796875,98517800
2022-06-30,6372.10647898707,6459.395608836207,6328.4619140625,6328.4619140625,101343900
2022-07-01,6372.10647898707,6393.928761449354,6328.4619140625,6328.4619140625,68738800
2022-07-04,6328.461550448804,6350.283831657248,6110.238738364362,6153.88330078125,102238600
2022-07-05,6197.5282192887935,6393.928761449354,6197.5282192887935,6328.4619140625,69172900
2022-07-06,6372.10595703125,6393.928237706014,6262.994553657427,6372.10595703125,66801100
2022-07-07,6306.639734402509,6328.462017220511,6197.5283203125,6197.5283203125,86126800
2022-07-08,6219.350082290756,6262.994644271744,6175.705520309768,6241.17236328125,64312400
2022-07-11,6284.817434210526,6284.817434210526,6219.3505859375,6219.3505859375,36830800
2022-07-12,6262.99462890625,6328.461471717116,6241.172347969294,6262.99462890625,34269000
2022-07-13,6197.528390066965,6219.350673130581,6110.2392578125,6110.2392578125,71988200
2022-07-14,6132.0615234375,6197.528372442171,6110.2392404359425,6132.0615234375,83316300
2022-07-15,6197.528390066965,6197.528390066965,6110.2392578125,6110.2392578125,57419900
2022-07-18,6132.0609583287805,6241.17236328125,6132.0609583287805,6241.17236328125,60077700
2022-07-19,6197.527786095383,6262.99462890625,6197.527786095383,6262.99462890625,59641000
2022-07-20,6284.817250844595,6459.3955078125,6262.994968723607,6459.3955078125,105792900
2022-07-21,6459.3955078125,6459.3955078125,6328.461815086571,6459.3955078125,64337100
2022-07-22,6459.396051087884,6459.396051087884,6372.106915262372,6393.92919921875,38956500
2022-07-25,6415.750518380779,6437.572799055543,6372.10595703125,6372.10595703125,31247600
2022-07-26,6328.461395681721,6437.572799055543,6328.461395681721,6372.10595703125,44379900
2022-07-27,6393.92919921875,6415.751483175128,6350.284631305994,6393.92919921875,58465500
2022-07-28,6437.573748737776,6503.040600419856,6393.9291809497245,6415.75146484375,86909700
2022-07-29,6459.396032631803,6524.862884313882,6415.75146484375,6415.75146484375,131553000
2022-08-01,6415.751357421875,6546.68505859375,6415.751357421875,6546.68505859375,104841600
2022-08-02,6633.9736328125,6655.795914499384,6546.6845060649675,6633.9736328125,106466900
2022-08-03,6655.79541015625,6655.79541015625,6612.150850089652,6655.79541015625,60170600
2022-08-04,6699.4403514373,6808.5517578125,6677.61807016226,6808.5517578125,164221000
2022-08-05,6830.373992435516,6874.0185546875,6743.084867931548,6874.0185546875,118734200
2022-08-08,6874.0185546875,6917.663116939484,6764.90714905754,6874.0185546875,84328900
2022-08-09,6874.018539235562,6961.307663543314,6874.018539235562,6895.8408203125,92875800
2022-08-10,6808.551696004747,6895.8408203125,6743.084852773932,6895.8408203125,104376300
2022-08-11,6852.196227643475,6939.4853515625,6830.373946663719,6939.4853515625,73204700
2022-08-12,6917.6630859375,6961.307647993888,6852.196242852919,6917.6630859375,59381200
2022-08-15,6939.4853515625,6961.307632542256,6895.840789602988,6939.4853515625,81411000
2022-08-16,6939.486309757053,6961.30859375,6852.197173785266,6961.30859375,83556700
2022-08-18,6895.841241455078,7004.952653503417,6874.01895904541,6983.13037109375,86136900
2022-08-19,7026.77450677413,7026.77450677413,6895.8408203125,6895.8408203125,58194900
2022-08-22,6852.196676635742,6983.13037109375,6830.3743942260735,6983.13037109375,97293300
2022-08-23,6983.129944620253,6983.129944620253,6895.8408203125,6895.8408203125,71671800
2022-08-24,6939.4853515625,7004.952194501769,6895.840789602988,6939.4853515625,108892400
2022-08-25,6983.130321207431,7070.419450222524,6895.841192192338,7048.59716796875,99503500
2022-08-26,7004.952653503417,7092.24178314209,6983.13037109375,6983.13037109375,80472400
2022-08-29,6983.130272239264,7114.06396484375,6939.485708037769,7114.06396484375,57762100
2022-08-30,7070.419384317661,7223.1753586702025,7048.5971022672975,7135.88623046875,124467000
2022-08-31,7048.597086092321,7179.530778094036,7026.774804092035,7157.70849609375,137659900
2022-09-01,7114.06396484375,7201.353093246741,7092.2416827430025,7114.06396484375,74960800
2022-09-02,7114.064399696048,7179.53125,7114.064399696048,7179.53125,71430600
2022-09-05,7179.529758603191,7244.99659530778,7157.707479701662,7223.17431640625,62906000
2022-09-06,7244.99659530778,7288.641153110839,7201.352037504721,7223.17431640625,67079900
2022-09-07,7201.352947178172,7310.46435546875,7201.352947178172,7310.46435546875,117931700
2022-09-08,7332.287144461078,7419.576277133234,7288.642578125,7288.642578125,132777400
2022-09-09,7419.575763759329,7419.575763759329,7223.175228836288,7310.46435546875,91234600
2022-09-12,7266.819792152519,7354.108918784981,7266.819792152519,7310.46435546875,52395300
2022-09-13,7310.465220342284,7485.043494260905,7310.465220342284,7441.39892578125,124485200
2022-09-14,7310.4642764820765,7550.509372127757,7310.4642764820765,7419.57568359375,116642400
2022-09-15,7419.576478794644,7746.910735212054,7419.576478794644,7637.79931640625,190404800
2022-09-16,7594.1539675018485,7615.976249017659,7375.93115234375,7375.93115234375,363127600
2022-09-19,7397.7528309022755,7637.797908011199,7375.930551165101,7550.5087890625,102530600
2022-09-20,7463.22021484375,7550.50934016356,7463.22021484375,7463.22021484375,89238400
2022-09-21,7441.398472068584,7506.86532079646,7354.109340431416,7397.75390625,90933700
2022-09-22,7310.464774612831,7441.398472068584,7310.464774612831,7397.75390625,61908500
2022-09-23,7310.46435546875,7397.753482101213,7310.46435546875,7310.46435546875,60567600
2022-09-26,7157.708352652077,7419.575731407641,7157.708352652077,7354.10888671875,106228200
2022-09-27,7310.46489669616,7375.93174651732,7244.998046875,7244.998046875,89567100
2022-09-28,7201.352978955518,7354.108951236392,7201.352978955518,7266.81982421875,89153400
2022-09-29,7266.819792152519,7375.931200443097,7266.819792152519,7310.46435546875,62643700
2022-09-30,7310.464245534083,7485.042496173703,7223.175120214273,7463.22021484375,176524800
2022-10-03,7375.931120749081,7441.3979650160845,7375.931120749081,7419.57568359375,115079600
2022-10-04,7441.397933513798,7528.687058833608,7441.397933513798,7463.22021484375,80524500
2022-10-05,7441.397996891179,7463.22027840699,7354.108870827939,7375.93115234375,63788000
2022-10-06,7397.753449844678,7419.575731407641,7354.10888671875,7354.10888671875,43967400
2022-10-07,7266.819906095179,7310.464470095751,7157.70849609375,7157.70849609375,112043400
2022-10-10,7114.064347232681,7310.46489669616,7092.242063958961,7244.998046875,80238200
2022-10-11,7157.708463541667,7244.997591145834,7114.063899739584,7201.35302734375,64060000
2022-10-12,7157.708415446697,7266.81982421875,7135.886133692286,7266.81982421875,47569700
2022-10-13,7223.17431640625,7310.463432012368,7223.17431640625,7223.17431640625,62282800
2022-10-14,7244.997591145834,7288.642154947917,7201.35302734375,7201.35302734375,70642900
2022-10-17,7201.35302734375,7244.997591145834,7135.886181640625,7201.35302734375,56387500
2022-10-18,7223.175763601281,7397.75402979104,7201.353480327561,7244.998046875,85665300
2022-10-19,7201.352037504721,7288.641153110839,7179.529758603191,7223.17431640625,66753500
2022-10-20,7201.352869370404,7419.57568359375,7201.352869370404,7419.57568359375,91812300
2022-10-21,7375.930551165101,7615.9756282740245,7375.930551165101,7550.5087890625,122777800
2022-10-24,7637.798249319698,7768.73193359375,7615.975968607356,7768.73193359375,89416500
2022-10-25,7703.265213889637,7746.909776007992,7594.15380859375,7594.15380859375,84696300
2022-10-26,7528.687058833608,7550.50934016356,7463.22021484375,7463.22021484375,98962100
2022-10-27,7463.220122238686,7594.15380859375,7463.220122238686,7594.15380859375,77003400
2022-10-28,7550.5101813616075,7637.799316406251,7550.5101813616075,7637.79931640625,84980600
2022-10-31,7725.08939708363,7725.08939708363,7659.62253778631,7681.44482421875,138922800
2022-11-01,7856.023115678267,7856.023115678267,7615.977964921431,7681.44482421875,118118400
2022-11-02,7681.443883928572,7703.266167689732,7615.97703264509,7637.79931640625,68323600
2022-11-03,7594.155678488992,7703.26711065119,7594.155678488992,7681.44482421875,81856300
2022-11-04,7659.62109375,7681.443376068376,7572.331964476496,7659.62109375,84458300
2022-11-07,7615.976479740466,7725.087890625,7572.331915386652,7725.087890625,94794000
2022-11-08,7725.088451450893,7746.910735212054,7615.97703264509,7637.79931640625,42525500
2022-11-09,7572.331421930018,7746.90966796875,7572.331421930018,7746.90966796875,96599500
2022-11-10,7615.977964921431,7681.44482421875,7615.977964921431,7681.44482421875,89463000
2022-11-11,7768.732454978814,7790.55473715572,7703.265608448093,7725.087890625,59597900
2022-11-14,7746.910735212054,7768.733018973215,7637.799316406251,7637.79931640625,49208200
2022-11-15,7659.62253778631,7725.08939708363,7637.80025135387,7681.44482421875,59092900
2022-11-16,7528.686537631723,7572.331097270167,7463.219698174055,7506.8642578125,143424800
2022-11-17,7528.68743284384,7703.26569215616,7506.8651504297995,7615.9765625,72679800
2022-11-18,7615.977461601452,7768.733456533286,7615.977461601452,7703.2666015625,83556900
2022-11-21,7746.910256984241,7768.732539398281,7615.9765625,7615.9765625,35901000
2022-11-22,7768.73193359375,7812.376495018433,7725.087372169066,7768.73193359375,84684200
2022-11-23,7768.731948723592,7834.198790988116,7746.90966796875,7746.90966796875,84642100
2022-11-24,7834.199202473958,7856.021484375001,7812.376920572917,7856.021484375,53520800
2022-11-25,7856.020521413649,7856.020521413649,7768.7314045090525,7834.1982421875,75048300
2022-11-28,7899.665542222126,7943.310103228878,7834.198700711998,7877.84326171875,96209700
2022-11-29,7834.1982421875,7921.487359092096,7790.553683735202,7834.1982421875,91562100
2022-11-30,7746.909422515541,8205.177303847446,7725.087142452117,8117.88818359375,644359600
2022-12-01,8096.066585286459,8161.533430989583,7856.021484375001,7856.021484375,155775400
2022-12-02,7799.0615234375,7864.783952005793,7799.0615234375,7799.0615234375,130982100
2022-12-05,7711.4323806980055,7799.062294115028,7689.524902343749,7689.52490234375,114656300
2022-12-06,7645.709976416157,7667.61745485861,7514.265105761438,7601.89501953125,180553800
2022-12-07,7448.541512573965,7514.263937684911,7404.7265625,7404.7265625,229308700
2022-12-08,7339.004609949448,7514.264421530331,7317.0971335018385,7448.5419921875,172590100
2022-12-09,7448.542701120627,7536.1726152514575,7404.727744055211,7514.26513671875,90851300
2022-12-12,7470.45085898213,7623.80322265625,7426.635897932381,7623.80322265625,102851800
2022-12-13,7558.080781081627,7623.80322265625,7492.3583395070045,7623.80322265625,104580200
2022-12-14,7536.172599637681,7623.802513586957,7470.450164175724,7558.080078125,118164300
2022-12-15,7514.264421530331,7536.171897977941,7448.5419921875,7448.5419921875,113255700
2022-12-16,7382.820975370185,7579.988301121911,7360.913494731104,7536.17333984375,181516700
2022-12-19,7579.9873046875,7623.8022602059245,7536.172349169075,7579.9873046875,67482900
2022-12-20,7492.357658186042,7579.9875723168725,7492.357658186042,7514.26513671875,41243700
2022-12-21,7536.17258420389,7623.802497973704,7514.265105761438,7601.89501953125,33617700
2022-12-22,7579.9875723168725,7601.895050849581,7514.26513671875,7514.26513671875,59591500
2022-12-23,7470.44946863511,7514.264421530331,7448.5419921875,7448.5419921875,47393000
2022-12-26,7448.542701120627,7558.080093784165,7448.542701120627,7514.26513671875,20495900
2022-12-27,7536.17333984375,7579.988301121911,7514.265859204669,7536.17333984375,27193800
2022-12-28,7579.9873046875,7579.9873046875,7492.35739365065,7579.9873046875,40420200
2022-12-29,7470.450179653334,7536.1726152514575,7448.542701120627,7514.26513671875,47020900
2022-12-30,7514.26489971674,7579.987333241959,7492.357421875,7492.357421875,44681400
2023-01-02,7514.26489971674,7536.17237755848,7448.54246619152,7492.357421875,10653900
2023-01-03,7492.357421875,7536.17237755848,7470.44994403326,7492.357421875,27399100
2023-01-04,7470.450002339072,7514.264958364522,7317.09765625,7317.09765625,90918800
2023-01-05,7317.098180042613,7339.005659623579,7141.838343394886,7229.46826171875,128838500
2023-01-06,7098.022890389684,7295.190192900509,7098.022890389684,7273.28271484375,69286600
2023-01-09,7295.189187315089,7404.7265625,7295.189187315089,7404.7265625,86916900
2023-01-10,7360.912413990825,7382.819891413417,7141.837639764908,7163.7451171875,101759100
2023-01-11,7054.207743389423,7141.837653245192,7010.392788461539,7119.93017578125,96069100
2023-01-12,7141.837639764908,7251.375026877867,7119.930162342316,7163.7451171875,103804600
2023-01-13,7141.838415299884,7163.745895101417,7032.301016292217,7054.20849609375,119748200
2023-01-16,7054.207977856595,7185.652847009203,7054.207977856595,7141.837890625,105710700
2023-01-17,7163.745077597128,7339.004896009291,7141.837600295608,7295.18994140625,88695900
2023-01-18,7185.652802616717,7295.190192900509,7163.745324559959,7273.28271484375,96814600
2023-01-19,7317.09741870777,7317.09741870777,7229.467509501689,7295.18994140625,66391800
2023-01-20,7251.375236786992,7295.190192900509,7229.467758730234,7273.28271484375,96859500
2023-01-24,7273.282983472644,7317.097941204407,7207.560546875,7207.560546875,42474500
2023-01-25,7273.282744616997,7273.282744616997,7185.65283203125,7185.65283203125,66124500
2023-01-26,7207.560941533002,7426.6357421875,7207.560941533002,7426.6357421875,77582300
2023-01-27,7623.80322265625,7755.2481058054955,7492.3583395070045,7623.80322265625,196804700
2023-01-30,7645.710703181125,7689.525664230873,7514.265820031878,7623.80322265625,68544300
2023-01-31,7558.080622580199,7601.8955827110985,7426.6357421875,7426.6357421875,200589000
2023-02-01,7514.264421530331,7514.264421530331,7404.727039292279,7448.5419921875,77396200
2023-02-02,7382.819087463018,7470.448987610947,7360.911612426035,7404.7265625,99109500
2023-02-03,7492.3583395070045,7623.80322265625,7448.543378457256,7623.80322265625,71716700
2023-02-06,7667.616459974928,7667.616459974928,7579.986557575215,7645.708984375,117757700
2023-02-07,7689.524637513242,7755.2470703125,7667.617159913489,7755.2470703125,116014700
2023-02-08,7733.34033203125,7755.2478117253895,7711.4328523371105,7733.34033203125,54495500
2023-02-09,7733.339094869207,7799.0615234375,7711.431618679775,7799.0615234375,72381700
2023-02-10,7777.155291419529,7799.0627711136685,7623.802933560552,7733.34033203125,62060900
2023-02-13,7777.15478515625,7799.062263424295,7689.524872084066,7777.15478515625,63775000
2023-02-14,7755.247043034218,7842.876953125,7733.339565511523,7842.876953125,81678200
2023-02-15,7777.15478515625,7799.062263424295,7667.617393816021,7777.15478515625,38037000
2023-02-16,7733.340625280622,7755.2481058054955,7623.80322265625,7623.80322265625,66040400
2023-02-17,7689.523935574856,7755.246362374642,7645.708984375,7645.708984375,43588900
2023-02-20,7645.71019670759,7733.340113002233,7623.802717633929,7667.61767578125,40077000
2023-02-21,7689.525664230873,7711.433144755747,7623.80322265625,7623.80322265625,25390500
2023-02-22,7623.802497973704,7667.61745485861,7558.080062646344,7601.89501953125,38671900
2023-02-23,7558.0790819752865,7667.616459974928,7558.0790819752865,7645.708984375,53412300
2023-02-24,7689.524933301063,7755.247368628423,7601.89501953125,7601.89501953125,44123400
2023-02-27,7601.894988926727,7689.524902343749,7579.987510572471,7689.52490234375,59983900
2023-02-28,7689.525154854911,7689.525154854911,7601.895238560268,7667.61767578125,106349400
2023-03-01,7645.710743039153,7667.618223678233,7536.17333984375,7536.17333984375,67034700
2023-03-02,7536.172599637681,7623.802513586957,7536.172599637681,7558.080078125,56672000
2023-03-03,7579.988102645649,7601.8955827110985,7426.6357421875,7426.6357421875,95376900
2023-03-06,7492.357962472098,7492.357962472098,7360.9130859375,7360.9130859375,92652000
2023-03-07,7317.09787648368,7426.635269844214,7317.09787648368,7382.8203125,106115600
2023-03-08,7360.912786989796,7514.26513671875,7360.912786989796,7514.26513671875,79350900
2023-03-09,7579.9875723168725,7579.9875723168725,7492.357658186042,7514.26513671875,54201400
2023-03-10,7448.541512573965,7492.356462647929,7404.7265625,7404.7265625,59580100
2023-03-13,7404.727510508042,7558.0798554002195,7404.727510508042,7492.357421875,82077700
2023-03-14,7382.819850612331,7426.634805215372,7295.18994140625,7295.18994140625,90495300
2023-03-15,7404.727327913852,7426.634805215372,7295.18994140625,7295.18994140625,86747400
2023-03-16,7273.28271484375,7317.097670957267,7229.467758730234,7273.28271484375,105894000
2023-03-17,7339.00537109375,7404.727807252798,7295.190413654384,7339.00537109375,198558600
2023-03-20,7360.9130859375,7426.6355242047985,7339.005606515067,7360.9130859375,37277900
2023-03-21,7360.912086397058,7448.5419921875,7339.004609949448,7448.5419921875,91617400
2023-03-24,7623.802933560552,7733.34033203125,7558.080494478133,7733.34033203125,145603600
2023-03-27,7733.340625280622,7733.340625280622,7623.80322265625,7623.80322265625,110692800
2023-03-28,7711.432411743516,7711.432411743516,7601.89501953125,7601.89501953125,98296600
2023-03-29,7753.844424161044,7865.5712890625,7709.153678200461,7865.5712890625,101068200
2023-03-30,7954.95114421034,7954.95114421034,7865.569670679887,7887.9150390625,118912100
2023-03-31,7887.915503627232,7910.260873325893,7798.534024832589,7820.87939453125,97146900
2023-04-03,7887.91666204279,7887.91666204279,7820.880543101917,7865.5712890625,60288900
2023-04-04,7887.914856826478,7887.914856826478,7731.49728176193,7843.22412109375,60975800
2023-04-05,7843.224428892819,7865.5697976361025,7798.53369140625,7798.53369140625,36922100
2023-04-06,7776.1886551339285,7843.224764229911,7776.1886551339285,7820.87939453125,45489400
2023-04-10,7798.535170121626,7865.5712890625,7776.189797141335,7865.5712890625,32996000
2023-04-11,7887.9150390625,7887.9150390625,7820.878933914661,7887.9150390625,44554300
2023-04-12,7954.95068359375,7954.95068359375,7887.914582327511,7954.95068359375,91903600
2023-04-13,7999.643223695728,7999.643223695728,7932.607107296044,7977.2978515625,51726500
2023-04-14,8044.33251953125,8044.33251953125,7999.641783311632,8044.33251953125,110354200
2023-04-17,8066.6787109375,8089.024081327908,7954.951858985457,8066.6787109375,83946900
2023-04-18,8089.023464255137,8200.750307684075,8066.678095569348,8156.0595703125,91178700
2023-04-26,8156.060565450917,8223.0966796875,8044.333708389945,8223.0966796875,186928200
2023-04-27,8133.715505464481,8200.75162226776,8111.370133196721,8178.40625,54842400
2023-04-28,8133.7141747237565,8156.059543335635,8089.0234375,8089.0234375,145775300
2023-05-02,8133.7141747237565,8133.7141747237565,7954.951225828729,8089.0234375,83645900
2023-05-03,8089.024712228642,8089.024712228642,7932.607107296044,7977.2978515625,83728800
2023-05-04,7977.296415201823,8066.677887641059,7932.605678982205,8044.33251953125,67565000
2023-05-05,8044.33251953125,8089.023255750868,7999.641783311632,8044.33251953125,64815100
2023-05-08,8044.33251953125,8111.368623860677,7999.641783311632,8044.33251953125,84754500
2023-05-09,7999.643223695728,8021.988595828957,7954.952479429272,7977.2978515625,40929600
2023-05-10,7977.2978515625,7999.643223695728,7954.952479429272,7977.2978515625,45322600
2023-05-11,7954.95114421034,7954.95114421034,7865.569670679887,7887.9150390625,81993900
2023-05-12,7820.880543101917,7932.607408003373,7798.535170121626,7865.5712890625,96525600
2023-05-15,7932.605592559206,7932.605592559206,7798.533385361022,7843.22412109375,64830300
2023-05-16,7865.56945941092,7887.914827193337,7776.18798828125,7776.18798828125,49497000
2023-05-17,7843.22412109375,7910.260224692842,7820.878753227386,7843.22412109375,69996100
2023-05-19,7954.951047092014,8044.33251953125,7887.914942762587,8044.33251953125,123592500
2023-05-22,8044.33251953125,8111.368623860677,7977.296415201823,8044.33251953125,91000000
2023-05-23,8089.023464255137,8178.404938998287,8066.678095569348,8156.0595703125,102980500
2023-05-24,8223.09630367036,8223.09630367036,8066.6787109375,8066.6787109375,77392900
2023-05-25,8133.7141747237565,8178.404911947514,8089.0234375,8089.0234375,76325700
2023-05-26,8200.75162226776,8223.09699453552,8133.715505464481,8178.40625,55675900
2023-05-29,8267.787739071038,8267.787739071038,8111.370133196721,8178.40625,79148200
2023-05-30,8223.094425675676,8334.821252111486,8178.403695101351,8267.78515625,97189500
2023-05-31,8312.477123618784,8334.822492230664,8089.0234375,8089.0234375,722827900
2023-06-05,8178.4059368631115,8334.82353674847,8133.715194038722,8223.0966796875,163535600
2023-06-06,8089.024760928962,8223.09699453552,8089.024760928962,8178.40625,74872200
2023-06-07,8156.060703822545,8200.751447405135,8111.369960239956,8133.71533203125,87492200
2023-06-08,8111.368832940924,8156.059570312499,8111.368832940924,8156.0595703125,53188400
2023-06-09,8200.751447405135,8200.751447405135,8133.71533203125,8133.71533203125,44632400
2023-06-12,8178.40625,8178.40625,8133.715505464481,8178.40625,38082300
2023-06-13,8200.75162226776,8200.75162226776,8133.715505464481,8178.40625,45552600
2023-06-14,8133.714510158402,8156.059879691805,8089.023771091598,8111.369140625,72223700
2023-06-15,8133.7141747237565,8133.7141747237565,8089.0234375,8089.0234375,59073000
2023-06-16,8133.7141747237565,8133.7141747237565,8021.987331664364,8089.0234375,112769400
2023-06-19,8044.33251953125,8089.023255750868,8044.33251953125,8044.33251953125,32330600
2023-06-20,8066.678068888121,8089.0234375,7999.641963052486,8089.0234375,54990100
2023-06-21,8089.023464255137,8156.059570312499,8044.332726883561,8156.0595703125,42676300
2023-06-22,8156.059543335635,8178.404911947514,8089.0234375,8089.0234375,48291100
2023-06-23,8066.678068888121,8178.404911947514,8066.678068888121,8089.0234375,47813500
2023-06-26,8066.678401558195,8156.059879691805,8066.678401558195,8111.369140625,36389900
2023-06-27,8089.024760928962,8178.40625,8089.024760928962,8178.40625,36225100
2023-07-03,8066.678401558195,8111.369140625,8066.678401558195,8111.369140625,108855900
2023-07-04,8178.404911947514,8178.404911947514,8089.0234375,8089.0234375,35049300
2023-07-05,8089.0234375,8111.368806111878,8066.678068888121,8089.0234375,44609200
2023-07-06,8089.023771091598,8133.714510158402,8066.678401558195,8111.369140625,52532400
2023-07-07,8066.6787109375,8133.7148221087255,8066.6787109375,8066.6787109375,37641300
2023-07-10,8133.7141747237565,8133.7141747237565,8089.0234375,8089.0234375,28981500
2023-07-11,8133.7148221087255,8133.7148221087255,8066.6787109375,8066.6787109375,43703500
2023-07-12,8111.368528610354,8200.75,8089.023160762942,8200.75,61566500
2023-07-13,8223.095676369863,8245.44104505565,8156.059570312499,8156.0595703125,65230900
2023-07-14,8200.751308275305,8223.0966796875,8156.060565450917,8223.0966796875,55554500
2023-07-17,8223.09536784741,8267.786103542234,8200.75,8200.75,62550100
2023-07-18,8223.09699453552,8267.787739071038,8133.715505464481,8178.40625,52924600
2023-07-20,8223.09699453552,8245.44236680328,8156.06087773224,8178.40625,83476600
2023-07-21,8178.40625,8200.75162226776,8156.06087773224,8178.40625,42667800
2023-07-24,8223.09681919643,8223.09681919643,8133.71533203125,8133.71533203125,62061200
2023-07-25,8200.75162226776,8312.478483606557,8178.40625,8178.40625,122802700
2023-07-26,8200.750386447193,8357.16796875,8156.05964864639,8357.16796875,113868700
2023-07-27,8401.858993902439,8401.858993902439,8245.44140625,8245.44140625,77848400
2023-07-28,8223.095676369863,8245.44104505565,8156.059570312499,8156.0595703125,74510200
2023-07-31,8200.750307684075,8223.095676369863,8133.714201626712,8156.0595703125,80868000
2023-08-01,8200.750307684075,8200.750307684075,8133.714201626712,8156.0595703125,49756400
2023-08-02,8156.060565450917,8223.0966796875,8156.060565450917,8223.0966796875,60629900
2023-08-03,8178.403695101351,8312.475886824324,8178.403695101351,8267.78515625,64596100
2023-08-04,8267.787739071038,8290.133111338799,8156.06087773224,8178.40625,52675900
2023-08-07,8178.405955188679,8290.1328125,8178.405955188679,8290.1328125,55589300
2023-08-08,8290.132793924082,8312.478165336277,8223.0966796875,8223.0966796875,43373400
2023-08-09,8290.132521609043,8401.859375,8267.787150930852,8401.859375,77056800
2023-08-10,8401.859375,8424.204745678191,8357.168633643618,8401.859375,76738100
2023-08-11,8424.204745678191,8446.550116356382,8379.514004321809,8401.859375,68898600
2023-08-14,8334.822599849598,8357.16796875,8245.441124247995,8357.16796875,75495400
2023-08-15,8334.822908791162,8379.513648248489,8312.4775390625,8312.4775390625,59303700
2023-08-16,8290.132169333838,8334.822908791162,8267.786799605175,8312.4775390625,53440000
2023-08-18,8267.78515625,8357.166617398649,8267.78515625,8267.78515625,79328900
2023-08-21,8245.440735694823,8267.786103542234,8200.75,8200.75,73573000
2023-08-22,8178.405320690524,8334.822908791162,8178.405320690524,8312.4775390625,65664600
2023-08-23,8312.4775390625,8334.822908791162,8290.132169333838,8312.4775390625,63749800
2023-08-24,8267.787422511889,8334.82353674847,8223.0966796875,8223.0966796875,53725900
2023-08-25,8223.096698113208,8290.1328125,8200.751326650943,8290.1328125,50379000
2023-08-28,8267.787422511889,8267.787422511889,8223.0966796875,8223.0966796875,44423100
2023-08-29,8290.130521537161,8312.475886824324,8223.094425675676,8267.78515625,45428500
2023-08-30,8312.478165336277,8312.478165336277,8223.0966796875,8223.0966796875,56227000
2023-08-31,8223.09536784741,8245.440735694823,8133.713896457765,8200.75,136107200
2023-09-01,8223.096036585366,8290.132145579268,8200.750666920732,8245.44140625,42152700
2023-09-04,8245.44140625,8290.132145579268,8200.750666920732,8245.44140625,40610600
2023-09-05,8267.786775914634,8267.786775914634,8223.096036585366,8245.44140625,42007200
2023-09-06,8223.09699453552,8267.787739071038,8178.40625,8178.40625,49318400
2023-09-07,8156.059264305177,8200.75,8133.713896457765,8200.75,61405200
2023-09-08,8133.714201626712,8178.404938998287,8089.023464255137,8156.0595703125,80732300
2023-09-11,8111.368832940924,8156.059570312499,8111.368832940924,8156.0595703125,53155900
2023-09-12,8133.71533203125,8156.060703822545,8111.369960239956,8133.71533203125,66479000
2023-09-13,8089.023771091598,8111.369140625,8044.333032024793,8111.369140625,69490200
2023-09-14,8044.333844866072,8156.060703822545,8044.333844866072,8133.71533203125,112757900
2023-09-15,8089.023255750868,8133.713991970486,8044.33251953125,8044.33251953125,121005300
2023-09-18,8089.023255750868,8111.368623860677,8044.33251953125,8044.33251953125,34272200
2023-09-19,8044.333032024793,8111.369140625,8021.987662491391,8111.369140625,33325800
2023-09-20,8156.06087773224,8200.75162226776,8111.370133196721,8178.40625,54305500
2023-09-21,8156.059570312499,8178.404938998287,8111.368832940924,8156.0595703125,40607000
2023-09-22,8156.059879691805,8178.405249225207,8111.369140625,8111.369140625,42445300
2023-09-25,8111.368623860677,8111.368623860677,8044.33251953125,8044.33251953125,56132200
2023-09-26,8044.332827775837,8066.678196741882,7999.64208984375,7999.64208984375,73544700
2023-09-27,7954.951325924296,8044.332801496479,7932.60595703125,7932.60595703125,84345000
2023-09-29,7887.9150390625,7954.95114421034,7887.9150390625,7887.9150390625,118960000
2023-10-02,7954.951553891185,8133.714510158402,7932.606184357783,8111.369140625,93663000
2023-10-03,8111.369822626528,8223.0966796875,8066.679079802139,8223.0966796875,98380200
2023-10-04,8223.0966796875,8267.787422511889,8156.060565450917,8223.0966796875,112582800
2023-10-05,8223.09598829201,8223.09598829201,8111.369140625,8111.369140625,72855700
2023-10-06,8133.7148221087255,8133.7148221087255,8066.6787109375,8066.6787109375,53344400
2023-10-09,8066.678068888121,8156.059543335635,8066.678068888121,8089.0234375,43774500
2023-10-10,8044.333967962185,8044.333967962185,7977.2978515625,7977.2978515625,71966100
2023-10-11,7977.2978515625,8066.679340095413,7977.2978515625,7977.2978515625,84305800
2023-10-12,8044.332700276243,8133.7141747237565,8044.332700276243,8089.0234375,71064500
2023-10-13,8133.714510158402,8156.059879691805,8066.678401558195,8111.369140625,62941800
2023-10-16,8156.060703822545,8156.060703822545,8089.024588448661,8133.71533203125,29429200
2023-10-17,8089.023565707926,8111.368934673969,7999.64208984375,7999.64208984375,59606000
2023-10-18,7977.297342591367,7999.642713298906,7910.26123046875,7910.26123046875,50919200
2023-10-19,7887.915503627232,7910.260873325893,7820.87939453125,7820.87939453125,89509700
2023-10-20,7798.53361932016,8066.678041760968,7798.53361932016,8021.9873046875,64554500
2023-10-23,7932.606601176289,7977.297342591367,7910.26123046875,7910.26123046875,50633500
2023-10-24,7843.22412109375,7932.605592559206,7843.22412109375,7843.22412109375,76963200
2023-10-25,7887.915219245158,7977.296694817342,7887.915219245158,7932.60595703125,54748400
2023-10-26,7977.296641352525,7999.642010095809,7798.53369140625,7798.53369140625,63199400
2023-10-27,7798.533356063667,7865.56945941092,7776.18798828125,7776.18798828125,52450700
2023-10-30,7776.189006223517,7910.26123046875,7776.189006223517,7910.26123046875,51958200
2023-10-31,7865.5701339285715,7887.915503627232,7798.534024832589,7820.87939453125,64907600
2023-11-01,7820.8793462708945,7843.224715831669,7686.80712890625,7686.80712890625,67027600
2023-11-02,7798.534376931056,7954.951971883827,7798.534376931056,7910.26123046875,56050900
2023-11-03,7977.296050682497,7999.641417771243,7910.259949416258,7954.95068359375,60414100
2023-11-06,8021.987331664364,8089.0234375,7999.641963052486,8089.0234375,84994200
2023-11-07,8044.332673224234,8066.678041760968,7954.951199077298,8021.9873046875,60648200
2023-11-08,7999.641783311632,8044.33251953125,7954.951047092014,8044.33251953125,31829300
2023-11-09,7954.951047092014,8089.023255750868,7954.951047092014,8044.33251953125,46076800
2023-11-10,7999.641880975567,8044.3326177407935,7887.9150390625,7887.9150390625,50754600
2023-11-13,7932.60595703125,7977.296694817342,7910.260588138204,7932.60595703125,20827700
2023-11-14,7954.952479429272,7999.643223695728,7932.607107296044,7977.2978515625,37195700
2023-11-15,8021.987331664364,8089.0234375,7999.641963052486,8089.0234375,84977900
2023-11-16,8089.023771091598,8111.369140625,7999.642292957989,8111.369140625,48714300
2023-11-17,8066.678401558195,8111.369140625,8021.987662491391,8111.369140625,57050500
2023-11-20,8021.987432603433,8066.678170389525,7932.60595703125,7932.60595703125,49216000
2023-11-21,7887.914856826478,7954.95096042557,7843.22412109375,7843.22412109375,107614800
2023-11-22,7843.224481459067,7932.60595703125,7843.224481459067,7932.60595703125,40364800
2023-11-23,7910.261735162815,8021.988595828957,7910.261735162815,7977.2978515625,55542100
2023-11-24,7977.2978515625,8021.988595828957,7954.952479429272,7977.2978515625,43631900
2023-11-27,7954.951325924296,7999.642063710387,7932.60595703125,7932.60595703125,35679000
2023-11-28,7932.60595703125,7999.642063710387,7910.260588138204,7932.60595703125,69070600
2023-11-29,7954.95068359375,7999.641417771243,7954.95068359375,7954.95068359375,54715600
2023-11-30,7977.296567614032,8021.9873046875,7954.951199077298,8021.9873046875,205312100
2023-12-01,7977.296720877705,8021.987458809794,7954.951351911662,7999.64208984375,80566400
2023-12-04,8037.8103827468485,8105.166335674894,8015.358398437499,8015.3583984375,54747400
2023-12-05,8037.8102176966295,8037.8102176966295,7925.550298455057,7992.90625,94363900
2023-12-06,7948.003093372692,8037.811037930575,7903.09912109375,7903.09912109375,81852800
2023-12-07,7858.194341470432,7925.55029296875,7835.74235763766,7925.55029296875,91322500
2023-12-08,7903.0978125,7948.00177734375,7858.19384765625,7858.19384765625,43891600
2023-12-11,7790.837900390625,7880.645830078125,7790.837900390625,7858.19384765625,78642800
2023-12-12,7813.2900390625,7858.194004804239,7813.2900390625,7813.2900390625,87589300
2023-12-13,7813.290362707133,7858.194330308898,7790.838378906251,7790.83837890625,51560500
2023-12-14,7880.645394509668,8127.6171875,7858.19341332873,8127.6171875,115332800
2023-12-15,8194.974289147189,8284.7822265625,8150.070320439533,8284.7822265625,275013500
2023-12-18,8262.3310546875,8284.783041249151,8217.4270815642,8262.3310546875,111712200
2023-12-19,8194.974451013513,8307.234375,8194.974451013513,8307.234375,65174500
2023-12-20,8307.233729208669,8352.1376953125,8284.781746156754,8352.1376953125,72938100
2023-12-21,8352.138834199062,8374.5908203125,8307.234861972185,8374.5908203125,88116700
2023-12-22,8329.686848085623,8397.042806425938,8329.686848085623,8374.5908203125,64449600
2023-12-27,8419.494140625,8441.946125,8374.590171875,8419.494140625,64464700
2023-12-28,8374.59033462849,8464.398273873836,8374.59033462849,8441.9462890625,70184600
2023-12-29,8464.398273873836,8486.850258685174,8397.042319439828,8441.9462890625,79903400
2024-01-02,8441.946452254642,8464.3984375,8397.042481763927,8464.3984375,30545200
2024-01-03,8464.397943996491,8464.397943996491,8374.590008251169,8397.0419921875,34603300
2024-01-04,8441.946776055409,8509.302734375,8419.494789948878,8509.302734375,56501800
2024-01-05,8531.75342689295,8621.56135770235,8509.301444190602,8599.109375,85290100
2024-01-08,8621.56135770235,8644.013340404701,8509.301444190602,8599.109375,50896000
2024-01-09,8621.561688311689,8644.013671875,8599.109704748376,8644.013671875,59848600
2024-01-10,8666.467129213022,8666.467129213022,8576.6591796875,8576.6591796875,52774900
2024-01-11,8644.013340404701,8666.46532310705,8599.109375,8599.109375,39381500
2024-01-12,8666.466147511275,8711.3701171875,8621.56217783505,8711.3701171875,68253400
2024-01-15,8756.273271810733,8756.273271810733,8666.465340817802,8733.8212890625,88399500
2024-01-16,8711.3701171875,8756.274086863725,8688.918132349389,8711.3701171875,44869200
2024-01-17,8756.2734375,8756.2734375,8666.465504807693,8756.2734375,107706100
2024-01-18,8688.91796875,8756.273921996124,8644.01399991925,8688.91796875,71048900
2024-01-19,8778.725573254871,8778.725573254871,8621.561688311689,8644.013671875,63176500
2024-01-22,8621.561688311689,8666.465655438313,8554.205737621754,8644.013671875,52868300
2024-01-23,8486.849624633789,8621.5615234375,8486.849624633789,8621.5615234375,92348600
2024-01-24,8621.561023622047,8621.561023622047,8509.301114460302,8554.205078125,84906000
2024-01-25,8486.849938322368,8599.109858141446,8486.849938322368,8531.75390625,63212700
2024-01-26,8441.94596006016,8486.84992793282,8352.13802431484,8397.0419921875,78977300
2024-01-29,8441.947255399215,8576.6591796875,8419.495268017834,8576.6591796875,73452800
2024-01-30,8531.753916369818,8666.4658203125,8509.301932379372,8666.4658203125,73136400
2024-01-31,8711.371103975785,8711.371103975785,8576.6591796875,8576.6591796875,102581200
2024-02-01,8666.466147511275,8733.822102025611,8599.110192996939,8711.3701171875,104208700
2024-02-02,8778.726071701836,8801.178056539948,8644.014162673164,8711.3701171875,99324000
2024-02-05,8688.9173058094,8688.9173058094,8554.2054095953,8599.109375,57983300
2024-02-06,8756.273589691558,8756.273589691558,8644.013671875,8644.013671875,87651000
2024-02-07,8711.3701171875,8733.822102025611,8666.466147511275,8711.3701171875,92953500
2024-02-12,8756.273766342474,8801.177734375,8711.369798309948,8801.177734375,87949400
2024-02-13,8756.273271810733,8801.177237307198,8711.369306314267,8733.8212890625,66072400
2024-02-15,8935.890957130394,8958.342944459866,8846.0830078125,8846.0830078125,164748900
2024-02-16,8958.342611494974,8980.794597989949,8868.534665515075,8935.890625,142277200
2024-02-19,8890.985185917722,8958.341134295886,8823.629237539557,8868.533203125,53341300
2024-02-20,8846.083156366894,9003.2470703125,8846.083156366894,9003.2470703125,63997700
2024-02-21,8935.88981242168,8980.79378132832,8846.081874608397,8958.341796875,75371600
2024-02-22,8958.341134295886,8958.341134295886,8868.533203125,8868.533203125,66913000
2024-02-23,8890.985836116412,8913.43782055105,8801.177898377862,8823.6298828125,55192300
2024-02-26,8756.273766342474,8868.533686423789,8733.821782326211,8801.177734375,41356000
2024-02-27,8756.273289161392,8890.985185917722,8756.273289161392,8868.533203125,43735800
2024-02-28,8958.34196044922,8980.7939453125,8890.986005859375,8980.7939453125,54043100
2024-02-29,8980.793117088608,8980.793117088608,8846.081220332278,8868.533203125,126671200
2024-03-01,8890.985836116412,8913.43782055105,8801.177898377862,8823.6298828125,51520600
2024-03-04,8801.177403846154,8823.629387019231,8756.2734375,8756.2734375,43822900
2024-03-05,8890.985670440052,8890.985670440052,8778.725750358737,8801.177734375,61952900
2024-03-06,8890.98665201005,8980.794597989949,8778.726719535176,8935.890625,70242200
2024-03-07,9025.697757523149,9137.957679880401,8980.793788580248,9093.0537109375,118369300
2024-03-08,9205.313798876232,9250.217768626848,9093.053874499692,9115.505859375,100947200
2024-03-13,9340.025703125,9340.025703125,8980.7939453125,8980.7939453125,141622600
2024-03-14,9025.697133209746,9272.6689453125,9003.245150291314,9272.6689453125,110681100
2024-03-15,9160.409829125616,9250.217768626848,9025.697919873768,9115.505859375,154176800
2024-03-18,9137.957844250308,9227.76578375154,9115.505859375,9115.505859375,62444100
2024-03-19,9115.506022535319,9205.313963644041,9115.506022535319,9137.9580078125,55004800
2024-03-20,9070.60172646605,9115.50569540895,9048.149741994599,9093.0537109375,66269700
2024-03-21,9137.957679880401,9182.861648823302,9025.697757523149,9093.0537109375,90279400
2024-03-22,8980.793626237624,9093.053546565594,8935.889658106436,9070.6015625,91968200
2024-03-25,9256.6533203125,9256.6533203125,9118.83714184631,9256.6533203125,66971000
2024-03-26,9233.68359375,9233.68359375,9141.80614505597,9233.68359375,65742700
2024-03-27,9210.714594157103,9256.6533203125,9187.745231079405,9256.6533203125,39514100
2024-03-28,9210.714594157103,9279.622683390198,9164.775868001707,9256.6533203125,79229700
2024-04-01,9256.653969701776,9279.623334390863,9026.960322810914,9049.9296875,79248700
2024-04-02,9118.837528113163,9141.806892163826,9003.990707859848,9095.8681640625,76763100
2024-04-03,8958.052411417322,9003.991141732284,8751.328125,8751.328125,177418400
2024-04-04,8797.266675920051,9049.9296875,8797.266675920051,9049.9296875,75993500
2024-04-05,9141.806779778944,9141.806779778944,9026.9599609375,9026.9599609375,70428600
2024-04-16,8590.54185562335,8797.26612487632,8498.664402622033,8705.388671875,283265900
2024-04-17,8774.29749015748,8889.144315944883,8751.328125,8751.328125,95620700
2024-04-18,8751.32739837566,8797.26612487632,8682.41930862467,8705.388671875,127134000
2024-04-19,8590.54185562335,8728.35803512533,8544.603129122692,8705.388671875,147784300
2024-04-22,8636.48071941845,8659.450083033924,8590.5419921875,8590.5419921875,128908000
2024-04-23,8636.481262050129,8981.021737929788,8636.481262050129,8935.0830078125,178833000
2024-04-24,9026.95982353172,9141.806640625,8958.051733275754,9141.806640625,132832700
2024-04-25,9187.745764066496,9187.745764066496,8912.113391144501,8981.021484375,104874100
2024-04-26,8912.11218547078,9026.958991984578,8843.2041015625,8843.2041015625,100932900
2024-04-29,8751.327243104273,9049.928960060586,8751.327243104273,9003.990234375,90063500
2024-04-30,9233.683862802933,9233.683862802933,9003.990234375,9003.990234375,109623000
2024-05-02,9095.867964659687,9095.867964659687,8728.35814790576,8774.296875,97079400
2024-05-03,8958.052228743654,9049.9296875,8889.144134676395,9049.9296875,81200400
2024-05-06,9049.928960060586,9072.89832290338,8981.020871532206,9003.990234375,53076200
2024-05-07,8912.1142578125,8958.052991100194,8843.20615788096,8912.1142578125,66746800
2024-05-08,8820.235999999999,8912.113458333333,8613.51171875,8613.51171875,112808900
2024-05-13,8452.726377952757,8751.328125,8452.726377952757,8751.328125,145469900
2024-05-14,8843.204965641362,8889.143692735603,8751.32751145288,8774.296875,95363500
2024-05-15,8728.3583984375,8820.235855263158,8659.450305818256,8728.3583984375,54741900
2024-05-16,8797.265988667805,8889.143440246582,8751.327262878418,8820.2353515625,61126000
2024-05-17,8820.235576923076,9049.929211738781,8797.266213441506,8958.0517578125,99848500
2024-05-20,8912.112941127969,9003.990394129289,8705.388671875,8705.388671875,87890100
2024-05-21,8682.4198125,8797.266635416667,8613.51171875,8613.51171875,75311400
2024-05-22,8705.389904882295,8797.267370896883,8567.573705860412,8659.451171875,121712700
2024-05-27,8544.6044921875,8613.512592930949,8521.635125273018,8544.6044921875,128578500
2024-05-28,8544.6044921875,8636.48195984543,8544.6044921875,8544.6044921875,73945700
2024-05-29,8521.633927809085,8567.57265518272,8406.787109375,8406.787109375,117351600
2024-05-30,8268.9716796875,8498.665337456598,8062.247387695313,8268.9716796875,207115100
2024-05-31,8360.848849239865,8498.6650390625,8291.940754328547,8498.6650390625,756431600
2024-06-03,8590.54187900101,8590.54187900101,8475.695062436826,8521.6337890625,72197700
2024-06-04,8751.327537495823,8751.327537495823,8590.5419921875,8590.5419921875,75353100
2024-06-05,8728.359633349868,8728.359633349868,8544.604693700396,8682.4208984375,82087300
2024-06-06,8751.32739837566,8751.32739837566,8682.41930862467,8705.388671875,44991300
2024-06-07,8728.357804121984,8728.357804121984,8567.572265625,8567.572265625,51599800
2024-06-10,8728.35875984252,8751.328125,8682.420029527559,8751.328125,45584700
2024-06-11,8774.298161332326,8774.298161332326,8544.6044921875,8544.6044921875,68690900
2024-06-12,8544.603769003379,8567.573133973818,8498.6650390625,8498.6650390625,49785700
2024-06-13,8705.389584748642,8705.389584748642,8452.7265625,8452.7265625,84652200
2024-06-14,8452.7265625,8498.665293817934,8360.84909986413,8452.7265625,52986300
2024-06-19,8498.664078686119,8498.664078686119,8314.9091796875,8314.9091796875,100051000
2024-06-20,8406.78814033488,8659.451171875,8360.849407327587,8659.451171875,81474800
2024-06-21,8705.38853708903,8889.143440246582,8636.480448404947,8820.2353515625,166841200
2024-06-24,8820.2353515625,8958.051528930664,8797.265988667805,8820.2353515625,79592300
2024-06-25,8820.2353515625,8820.2353515625,8682.419174194336,8820.2353515625,80029000
2024-06-26,8751.327762643916,8866.174583675987,8682.419670024672,8728.3583984375,77913200
2024-06-27,8797.266213441506,8958.0517578125,8774.296849959936,8958.0517578125,89150700
2024-06-28,9003.991065806045,9164.776620552582,8981.021700842253,9118.837890625,166172300
2024-07-01,9049.93004845728,9095.868779667722,9026.960682852057,9072.8994140625,68634600
2024-07-02,9187.745620265152,9187.745620265152,9049.929435961174,9095.8681640625,78848500
2024-07-03,9164.776728515624,9187.74609375,9118.837998046874,9187.74609375,55860200
2024-07-04,9164.776143547233,9187.745507315522,9026.9599609375,9026.9599609375,67054000
2024-07-05,9118.837277206343,9164.776004043655,9072.898550369033,9141.806640625,36946900
2024-07-08,9187.744869402984,9233.68359375,9141.80614505597,9233.68359375,72903600
2024-07-09,9279.622683390198,9325.561409545597,9256.6533203125,9256.6533203125,61853200
2024-07-10,9348.532122621442,9394.470855410736,9233.685290648205,9279.6240234375,62325900
2024-07-11,9187.745231079405,9302.592046467898,9187.745231079405,9256.6533203125,55908400
2024-07-12,9233.683957234802,9279.622683390198,9210.714594157103,9256.6533203125,62646500
2024-07-15,9233.68359375,9256.652955923508,9141.80614505597,9233.68359375,36682600
2024-07-16,9164.776004043655,9210.714730880967,9141.806640625,9141.806640625,37192700
2024-07-17,9095.867685746174,9141.80641143176,9003.990234375,9003.990234375,90666000
2024-07-18,9003.991626701732,9279.6240234375,9003.991626701732,9279.6240234375,65383200
2024-07-19,9233.684678819445,9302.5927734375,9164.776584201389,9302.5927734375,53880300
2024-07-22,9302.593389832147,9325.562756226795,9279.6240234375,9279.6240234375,31285300
2024-07-23,9371.500614250614,9371.500614250614,9302.592521498771,9348.53125,39321100
2024-07-24,9302.592046467898,9348.530772623295,9256.6533203125,9256.6533203125,24658000
2024-07-25,9394.468868514867,9463.376953125,9371.499506978156,9463.376953125,98088100
2024-07-26,9532.286385820218,9555.255750605327,9463.378291464891,9486.34765625,75565800
2024-07-29,9555.255640243902,9578.225004763719,9348.531359565548,9417.439453125,69092500
2024-07-30,9463.378071253072,9463.378071253072,9348.53125,9348.53125,32122900
2024-07-31,9509.316292198906,9509.316292198906,9394.46947707573,9440.408203125,82519900
2024-08-01,9371.500583584337,9532.2861328125,9371.500583584337,9532.2861328125,61176200
2024-08-02,9440.409071978402,9509.317167394302,9371.5009765625,9371.5009765625,55699900
2024-08-05,9187.746242088608,9325.562435719938,9072.8994140625,9072.8994140625,126328300
2024-08-06,9256.654189453126,9256.654189453126,9141.80736328125,9187.74609375,78473900
2024-08-07,9187.74655785891,9279.6240234375,9187.74655785891,9279.6240234375,52327400
2024-08-08,9325.562605058069,9394.470703125,9256.654506991137,9394.470703125,54162100
2024-08-09,9394.47059729064,9417.439963054187,9279.623768472906,9325.5625,47062400
2024-08-12,9279.623516007967,9371.5009765625,9256.654150869332,9371.5009765625,40364100
2024-08-13,9417.438230051579,9463.376953125,9348.530145441444,9463.376953125,55207100
2024-08-14,9463.378437117035,9463.378437117035,9371.5009765625,9371.5009765625,47999100
2024-08-15,9371.501337102689,9463.378801191931,9348.53197108038,9394.470703125,33396600
2024-08-16,9463.378291464891,9486.34765625,9417.439561894673,9486.34765625,40731400
2024-08-19,9486.347404461596,9578.224861163404,9440.408676110692,9532.2861328125,51054400
2024-08-20,9486.348122283423,9601.19495185102,9463.378756369904,9578.2255859375,60304400
2024-08-21,9647.133683678057,9647.133683678057,9578.2255859375,9578.2255859375,84848800
2024-08-22,9509.317021035109,9555.255750605327,9394.470197109564,9486.34765625,56611600
2024-08-23,9486.34765625,9532.286385820218,9463.378291464891,9486.34765625,46651600
2024-08-26,9440.408926679782,9532.286385820218,9417.439561894673,9486.34765625,35145600
2024-08-27,9440.409071978402,9463.378437117035,9348.531611423867,9371.5009765625,60448400
2024-08-28,9463.377679649759,9509.31640625,9417.438953049517,9509.31640625,38489900
2024-08-29,9647.133729370416,9647.133729370416,9394.470703125,9394.470703125,53004700
2024-08-30,9486.34765625,9486.34765625,9371.500832324455,9486.34765625,158403700
2024-09-02,9532.28565522354,9532.28565522354,9371.500114051096,9440.408203125,72008600
2024-09-03,9486.347435503685,9486.347435503685,9325.561885749385,9348.53125,50950200
2024-09-04,9325.560783904733,9463.376953125,9302.591422368023,9463.376953125,44817000
2024-09-05,9509.316911204269,9509.316911204269,9417.439453125,9417.439453125,39332900
2024-09-06,9394.468868514867,9463.376953125,9394.468868514867,9463.376953125,31541800
2024-09-09,9463.377566149635,9509.316292198906,9371.500114051096,9440.408203125,36185100
2024-09-10,9509.31640625,9509.31640625,9440.408316349638,9509.31640625,55093100
2024-09-11,9578.2255859375,9578.2255859375,9509.317488196943,9578.2255859375,64621300
2024-09-12,9601.194697195704,9647.133427804296,9532.286601282816,9624.1640625,70759100
2024-09-13,9555.25622002398,9578.2255859375,9486.348122283423,9578.2255859375,70057100
2024-09-17,9601.194084821429,9647.1328125,9509.316629464285,9647.1328125,89745000
2024-09-18,9647.132674632352,9761.9794921875,9601.193947610294,9761.9794921875,65420200
2024-09-19,9830.888627078555,10014.6435546875,9784.94989517632,10014.6435546875,140886600
2024-09-20,10014.642718604988,10014.642718604988,9899.7958984375,9899.7958984375,142194600
2024-09-23,9853.857742936643,10060.58203125,9853.857742936643,10060.58203125,72553800
2024-09-24,9899.796260127316,10060.581814236111,9899.796260127316,9922.765625,105191100
2024-09-25,9807.9185515373,9968.7041015625,9670.102365801411,9968.7041015625,158369100
2024-09-26,9991.67423426548,9991.67423426548,9807.919305819218,9830.888671875,84960100
2024-09-27,9647.133032570422,9876.826676203053,9555.255575117371,9784.94921875,93027400
2024-09-30,9624.163844960654,9693.07193931598,9486.34765625,9486.34765625,144692100
2024-10-01,9555.256072274882,9693.072265625,9532.286706716528,9693.072265625,59797700
2024-10-02,9486.347265625,9693.071540178571,9486.347265625,9647.1328125,86746200
2024-10-03,9601.1943359375,9670.102429257626,9555.255607057417,9601.1943359375,60887000
2024-10-04,9555.255966587112,9624.1640625,9509.31723597852,9624.1640625,58500400
2024-10-07,9509.315676198423,9532.285037735133,9417.438230051579,9463.376953125,91867900
2024-10-08,9371.500939002404,9647.133319561299,9325.562208909254,9555.255859375,99622900
2024-10-09,9555.25622002398,9670.103049591577,9555.25622002398,9578.2255859375,56835200
2024-10-10,9578.224720982143,9647.1328125,9555.255357142858,9647.1328125,51080000
2024-10-11,9716.041046216114,9716.041046216114,9532.2861328125,9532.2861328125,44632100
2024-10-14,9532.28599330357,9647.1328125,9532.28599330357,9647.1328125,31738600
2024-10-15,9693.071401654412,9761.9794921875,9601.193947610294,9761.9794921875,66635200
2024-10-16,9830.888350238663,9853.85771554296,9624.1640625,9624.1640625,63255900
2024-10-17,9693.071869536714,9922.765515734265,9647.133140297203,9853.857421875,66993300
2024-10-18,9991.672987827034,9991.672987827034,9853.856808684593,9876.826171875,56299600
2024-10-21,9968.704501793032,9968.704501793032,9807.9189453125,9807.9189453125,36472500
2024-10-22,9624.163448660714,9739.010267857142,9624.163448660714,9647.1328125,94799500
2024-10-23,9624.16366820716,9784.94921875,9624.16366820716,9784.94921875,48903000
2024-10-24,9853.858037930782,9968.704868209697,9830.888671875,9830.888671875,85341200
2024-10-25,9784.948719113372,9876.826171875,9761.979355922966,9876.826171875,34847500
2024-10-28,9945.734029517984,9945.734029517984,9739.009765625,9739.009765625,39061500
2024-10-29,9670.102176339286,9716.040904017857,9647.1328125,9647.1328125,49680100
2024-10-30,9440.408316349638,9555.255132850241,9440.408316349638,9509.31640625,114484100
2024-10-31,9486.347546684452,9624.163733803354,9417.439453125,9417.439453125,97553400
2024-11-01,9440.409390456385,9578.2255859375,9440.409390456385,9578.2255859375,47710000
2024-11-04,9578.224861163404,9647.13295368976,9463.378040286145,9532.2861328125,49275700
2024-11-05,9463.377901785714,9716.040904017857,9463.377901785714,9647.1328125,50296500
2024-11-06,9624.163700377543,9647.133064817584,9532.286242617374,9601.1943359375,50324900
2024-11-07,9486.347435503685,9601.194256756757,9348.53125,9348.53125,131579100
2024-11-08,9371.500135700993,9394.469498778692,9233.683957234802,9256.6533203125,92166100
2024-11-11,9003.989972014926,9233.68359375,9003.989972014926,9233.68359375,128707600
2024-11-12,9279.623768472906,9394.47059729064,9187.74630541872,9325.5625,80378500
2024-11-13,9394.47059729064,9417.439963054187,9325.5625,9325.5625,62933100
2024-11-14,9302.593389832147,9348.532122621442,9233.685290648205,9279.6240234375,56381400
2024-11-15,9233.684428746928,9440.408707002456,9233.684428746928,9348.53125,63598200
2024-11-18,9256.654189453126,9302.592919921875,9187.74609375,9187.74609375,65716200
2024-11-19,9095.868525661208,9210.715350480163,9095.868525661208,9118.837890625,85295300
2024-11-20,9210.714594157103,9325.561409545597,9187.745231079405,9256.6533203125,58584400
2024-11-21,9233.569955583756,9233.569955583756,9095.06640625,9095.06640625,93181200
2024-11-22,9164.318180916878,9187.402105805837,9095.06640625,9095.06640625,58396100
2024-11-25,9187.401907056204,9418.24115095209,9141.234058277027,9395.1572265625,165369400
2024-11-26,9464.4095703125,9464.4095703125,9233.5703125,9233.5703125,62310100
2024-11-28,9210.48638671875,9302.82208984375,9164.31853515625,9233.5703125,57443500
2024-11-29,9233.5703125,9325.906015625,9187.402460937501,9233.5703125,76886000
2024-12-02,9233.569711538461,9279.737560096155,9002.73046875,9002.73046875,87879600
2024-12-03,9256.65469898897,9441.326114430147,9141.235064338236,9418.2421875,126087100
2024-12-04,9395.158260569853,9464.410041360294,9279.738625919117,9418.2421875,97876300
2024-12-05,9464.4091796875,9556.744879001524,9441.325254858994,9464.4091796875,96904400
2024-12-06,9325.9052128567,9395.156984239298,9279.7373652683,9302.8212890625,68247200
2024-12-09,9256.654086937651,9556.7451171875,9233.570161533817,9556.7451171875,64458400
2024-12-10,9533.661191783665,9556.7451171875,9487.493340975996,9556.7451171875,61230400
2024-12-11,9441.3256636878,9625.9970703125,9441.3256636878,9625.9970703125,37934300
2024-12-12,9510.576848510444,9579.828621679208,9395.1572265625,9395.1572265625,44780100
2024-12-13,9348.989075618005,9441.324770192008,9256.653381044,9279.7373046875,75126400
2024-12-16,9233.570544554455,9348.990176361387,9233.570544554455,9325.90625,57746100
2024-12-17,9187.402225378788,9279.737926136364,9141.234375,9141.234375,99845900
2024-12-18,9141.234135841836,9256.653758769133,9048.8984375,9048.8984375,84868500
2024-12-19,8956.563418523901,9025.815197533107,8818.059860505491,8933.4794921875,104254100
2024-12-20,8910.3955078125,9002.731212556671,8887.311581626458,8910.3955078125,91576900
2024-12-23,8956.562679827366,9095.066226422634,8956.562679827366,9025.814453125,43292100
2024-12-24,9095.066165865384,9141.234014423077,9002.73046875,9002.73046875,32415700
2024-12-27,9048.8984375,9071.982362085459,8979.646663743622,9048.8984375,24016700
2024-12-30,9048.899123869509,9071.98305020591,8933.4794921875,8933.4794921875,56350100
2025-01-02,8910.39512310606,9141.234375,8910.39512310606,9141.234375,38124800
2025-01-03,9095.06640625,9164.318180916878,9071.98248136104,9095.06640625,41916000
2025-01-06,9095.066976542312,9118.150902878715,8910.395565851099,8933.4794921875,41593900
2025-01-07,8933.479138471948,8979.646989316765,8794.9755859375,8794.9755859375,71318600
2025-01-08,8933.4794921875,9025.815197533107,8841.143786841893,8933.4794921875,55943100
2025-01-09,9002.730706694161,9118.150331138959,8979.646781805202,9095.06640625,42733800
2025-01-10,9048.899240841904,9164.318874015906,8979.6474609375,8979.6474609375,72531300
2025-01-13,8887.311639514695,8979.647344860303,8887.311639514695,8933.4794921875,88270100
2025-01-14,8864.227362204725,8979.646989316765,8794.9755859375,8794.9755859375,70942600
2025-01-15,8841.143116230867,9048.8984375,8818.059191645409,9048.8984375,77098000
2025-01-16,9095.066165865384,9164.317938701923,9002.73046875,9002.73046875,76979000
2025-01-17,9002.730823863636,9141.234375,8910.39512310606,9141.234375,71033100
2025-01-20,9095.065858360389,9118.149781858767,8887.310546875,8887.310546875,112111200
2025-01-21,8864.227480417754,8933.479257608518,8818.059628957246,8841.1435546875,124547900
2025-01-22,8910.394409179688,8933.478332519531,8841.142639160156,8864.2265625,90154800
2025-01-23,8864.2265625,9002.730102539062,8864.2265625,8864.2265625,120515400
2025-01-24,8887.31086282169,8910.394787140709,8633.3876953125,8633.3876953125,152057000
2025-01-30,8448.716796875,8564.136425247609,8448.716796875,8448.716796875,154645800
2025-01-31,8541.053189070768,8771.892464451059,8517.969261532739,8725.724609375,112982800
2025-02-03,8679.555543950535,8679.555543950535,8517.968073717413,8633.3876953125,90439900
2025-02-04,8633.388262091281,8679.556113760218,8471.80078125,8471.80078125,94607700
2025-02-05,8402.548886986302,8471.800663527398,8402.548886986302,8425.6328125,98229900
2025-02-06,8379.465533890538,8402.549460981145,8171.71019007507,8264.0458984375,171477800
2025-02-07,8264.044906208223,8633.3876953125,8148.625284613135,8633.3876953125,131162200
2025-02-10,8333.297168502391,8541.052499573087,8333.297168502391,8448.716796875,76209100
2025-02-11,8333.296993371212,8402.548768939394,8310.213068181818,8379.46484375,71188300
2025-02-12,8264.045391478825,8448.716796875,8264.045391478825,8448.716796875,121172600
2025-02-13,8402.549576822916,8448.717431640625,8310.2138671875,8310.2138671875,90439700
2025-02-14,8310.213810062674,8379.465591813196,8264.045955562326,8287.1298828125,116274500
2025-02-17,8287.12877272537,8610.3037109375,8287.12877272537,8610.3037109375,89096400
2025-02-18,8610.304629746304,8841.143895959342,8541.052849882391,8587.220703125,107318300
2025-02-19,8517.969096434183,8541.05302352479,8264.0458984375,8264.0458984375,154438200
2025-02-20,8287.129939778646,8333.297794596354,8264.046012369792,8310.2138671875,119260800
2025-02-21,8264.046012369792,8310.2138671875,8240.962084960936,8310.2138671875,106054700
2025-02-24,8240.9609375,8287.128785889356,8194.793089110644,8240.9609375,108530300
2025-02-25,8217.877262969192,8310.212962553116,8148.62548828125,8148.62548828125,101592700
2025-02-26,8125.540954415954,8217.876647079771,8056.2891849180905,8102.45703125,117843500
2025-02-27,8125.541330645161,8125.541330645161,7848.534239827713,7871.6181640625,199991600
2025-02-28,7871.618908800075,8010.122467312685,7779.283203125,7779.283203125,293095000
2025-03-03,7940.8701060901985,8217.877202814276,7894.702256636186,8125.54150390625,192944300
2025-03-04,8217.877322784252,8240.961247848252,8010.121997208245,8171.70947265625,125418500
2025-03-05,8148.626375325521,8471.80135904948,8148.626375325521,8310.2138671875,155207900
2025-03-06,8494.885228064066,8494.885228064066,8287.1298828125,8287.1298828125,96270100
2025-03-07,8310.212710084033,8310.212710084033,8240.9609375,8240.9609375,82295300
2025-03-10,8079.373468137255,8287.128785889356,8056.289543942577,8240.9609375,97652100
2025-03-11,8264.044861694678,8356.38055847339,8194.793089110644,8240.9609375,109295600
2025-03-12,8333.297110445206,8425.6328125,8287.129259417808,8425.6328125,87968900
2025-03-13,8448.717373563719,8471.801300813893,8287.1298828125,8287.1298828125,83030700
2025-03-14,8125.542857142857,8240.9625,8079.375,8079.375,111397800
2025-03-17,8079.374162540879,8102.458088719568,7894.702753111374,7940.87060546875,151365700
2025-03-18,7848.534685617469,7894.702536709337,7456.107951336596,7663.86328125,417305700
2025-03-19,7663.863339902403,7756.199042792793,7594.61156273461,7686.947265625,214108200
2025-03-20,7802.366519939365,7825.450444554571,7710.030821478545,7733.11474609375,152917300
2025-03-21,7875.879777739319,7875.879777739319,7518.966796875,7518.966796875,377916400
2025-03-24,7447.584663055228,7709.3208652712265,7257.231061443593,7566.5556640625,331836800
2025-03-25,7685.526621942934,7756.909222146739,7614.14402173913,7661.732421875,136341700
2025-03-26,7899.6739884989,8232.792771146444,7875.879789738362,8113.82177734375,283104600
2025-03-27,8018.644749540441,8161.409937959558,7971.056353400735,8090.02734375,122943900
2025-04-08,7043.0826341438915,7614.143388263666,6924.111643702271,7399.99560546875,533073600
2025-04-09,7328.61343528194,7566.555429933951,7304.819235816739,7542.76123046875,136753900
2025-04-10,8090.02769400646,8232.792888606573,7780.703105706212,7828.29150390625,144148600
2025-04-11,7804.497285687311,7923.46828089596,7661.732091436934,7875.8798828125,82603000
2025-04-14,7852.085876464844,7994.85107421875,7852.085876464844,7994.85107421875,83319300
2025-04-15,8161.41064453125,8185.204844661078,8042.439643882106,8161.41064453125,83431800
2025-04-16,8090.02759725295,8137.615994883849,8018.6450008066,8066.2333984375,76874900
2025-04-17,8042.438947610293,8090.027343749999,7947.262155330882,8090.02734375,83540600
2025-04-21,8090.02741434488,8090.02741434488,7899.673828125,7899.673828125,40683800
2025-04-22,7923.467957261029,8090.027343749999,7923.467957261029,8090.02734375,56537100
2025-04-23,8137.616381626074,8304.17578125,8137.616381626074,8304.17578125,92329600
2025-04-24,8423.146380669248,8423.146380669248,8066.2333984375,8066.2333984375,143675300
2025-04-25,8232.792988621912,8232.792988621912,8161.41039045467,8185.20458984375,58297000
2025-04-28,8327.96947337963,8351.763671875,8232.792679398148,8351.763671875,73235400
2025-04-29,8375.558381088826,8399.3525810351,8280.381581303725,8304.17578125,60315700
2025-04-30,8375.558339235127,8494.52933837199,8256.587340098265,8399.3525390625,164597500
2025-05-02,8565.911385793872,8565.911385793872,8423.14619603064,8542.1171875,92219000
2025-05-05,8565.911385793872,8613.499782381616,8542.1171875,8542.1171875,86385600
2025-05-06,8613.500254284972,8613.500254284972,8542.117655492555,8589.7060546875,48860500
2025-05-07,8637.294921875,8661.089122761708,8565.912319214876,8637.294921875,77382000
2025-05-08,8637.293980675488,8756.264972144847,8494.528790912256,8542.1171875,99614500
2025-05-09,8613.500509982638,8613.500509982638,8542.11790907118,8565.912109375,47167500
2025-05-14,8803.85423685984,8851.44263814016,8708.677434299192,8827.6484375,149002900
2025-05-15,8827.6484375,8946.619440700808,8803.85423685984,8827.6484375,101401300
2025-05-16,8851.44140625,8875.235603578629,8780.058814264114,8851.44140625,63007500
2025-05-19,8827.64714740954,9041.794921875,8803.85295024671,9041.794921875,111597200
2025-05-20,9041.796153529023,9208.35555635719,9018.001953125,9018.001953125,160614800
2025-05-21,9232.1494140625,9255.943613583278,9089.384216937822,9232.1494140625,169739200
2025-05-22,9327.326728465026,9327.326728465026,9184.5615234375,9184.5615234375,103113000
2025-05-23,9208.35546875,9232.149668927648,9160.767068394702,9208.35546875,48521800
2025-05-26,9136.972402597403,9184.560800527597,9041.795606737012,9160.7666015625,56625300
2025-05-27,9089.384812127977,9136.973214285714,8994.2080078125,8994.2080078125,93212000
2025-05-28,8994.207540309175,9089.384339677526,8946.619140625,8946.619140625,236950800
2025-06-02,8589.705298119849,8732.470483130151,8589.705298119849,8661.087890625,264428700
2025-06-03,8613.5009765625,8684.883581340642,8518.324170191643,8613.5009765625,128318100
2025-06-04,8661.08817896936,8684.882377263231,8518.322989206128,8542.1171875,93357200
2025-06-05,8565.911896008403,8613.500295430673,8470.735097163866,8494.529296875,95529000
2025-06-10,8542.116903116415,8661.087890625,8518.322705614697,8661.087890625,80406400
2025-06-11,8661.089379747928,8684.883581340642,8613.5009765625,8613.5009765625,56632600
2025-06-12,8565.911815068494,8684.8828125,8565.911815068494,8684.8828125,41337300
2025-06-13,8661.088653479917,8684.88285307739,8542.117655492555,8589.7060546875,83318000
2025-06-16,8494.529296875,8565.911896008403,8470.735097163866,8494.529296875,57825000
2025-06-17,8542.118118328168,8661.089122761708,8542.118118328168,8637.294921875,54927900
2025-06-18,8518.322770365168,8589.70536341292,8470.734375,8470.734375,86270200
2025-06-19,8470.734664351852,8494.528862847223,8327.96947337963,8351.763671875,78879500
2025-06-20,8280.380859375,8446.940244477371,8208.9982657597,8280.380859375,445915100
2025-06-23,8161.41062330163,8280.381623641304,8090.028023097826,8208.9990234375,87324500
2025-06-24,8304.17527488426,8423.146267361111,8280.381076388889,8351.763671875,110158900
2025-06-25,8304.175586789153,8351.763985567315,8066.233592898347,8185.20458984375,117561000
2025-06-26,8113.821972091762,8232.79296875,8113.821972091762,8232.79296875,117281700
2025-06-30,8161.410119664085,8399.352105660122,8137.615921064482,8256.5869140625,185441800
2025-07-01,8327.969255118534,8351.763452990303,8185.204067887931,8280.380859375,82364500
2025-07-02,8161.410119664085,8256.5869140625,8161.410119664085,8256.5869140625,68545100
2025-07-03,8280.381387400073,8327.969786178235,8185.20458984375,8185.20458984375,50370800
2025-07-04,8232.79296875,8280.381367413294,8137.61617142341,8232.79296875,43593300
2025-07-07,8208.9990234375,8232.793223505434,8137.616423233695,8208.9990234375,49936900
2025-07-08,8137.615739889706,8185.2041360294115,8018.644749540441,8090.02734375,215611000
2025-07-09,8090.027343749999,8137.615739889706,8042.438947610293,8090.02734375,94459300
2025-07-10,8113.821991676508,8232.792988621912,8090.0277922874275,8185.20458984375,111769400
2025-07-11,8161.41062330163,8256.58742357337,8161.41062330163,8208.9990234375,135986500
2025-07-14,8232.792771146444,8256.586969906983,8042.439181062134,8113.82177734375,125196000
2025-07-15,8185.2046098318715,8185.2046098318715,8066.233612595944,8137.6162109375,77219300
2025-07-16,8137.615976104289,8185.204373625366,8090.027578583211,8113.82177734375,97475300
2025-07-17,8090.027578583211,8137.615976104289,8090.027578583211,8113.82177734375,86016400
2025-07-18,8137.6165094120925,8161.410709732011,8018.6455078125,8018.6455078125,80432200
2025-07-21,8042.43994140625,8090.028343426405,7971.057338376017,8042.43994140625,95383500
2025-07-22,8042.439473470052,8066.233673095703,7994.85107421875,7994.85107421875,77981700
2025-07-23,8042.439708132419,8090.028108772256,7994.851307492582,8018.6455078125,70969500
2025-07-24,8066.233145680147,8137.615739889706,8042.438947610293,8090.02734375,138256800
2025-07-25,8090.028343426405,8113.8225444364825,8042.43994140625,8042.43994140625,58682800
2025-07-28,8208.998334099264,8208.998334099264,8066.233145680147,8090.02734375,99484300
2025-07-29,8090.0278727213545,8090.0278727213545,7971.056874593099,7994.85107421875,104240300
2025-07-30,8066.233930445429,8066.233930445429,7923.4687281366605,7971.05712890625,98098100
2025-07-31,7947.262479937689,7971.056678979418,7852.085683770771,7875.8798828125,206006300
2025-08-01,7994.85062123494,8018.644819512425,7899.673828125,7899.673828125,86196100
2025-08-04,7923.46828089596,7947.262479937689,7875.8798828125,7875.8798828125,49054500
2025-08-05,7947.262906852745,8042.439708132419,7923.468706532827,8018.6455078125,69475900
2025-08-06,8018.644819512425,8018.644819512425,7899.673828125,7899.673828125,56325400
2025-08-07,7923.4680264024855,7947.26222467997,7899.673828125,7899.673828125,43621300
2025-08-08,7923.4680264024855,7994.85062123494,7899.673828125,7899.673828125,68378700
2025-08-11,8090.027812043129,8137.6162109375,8018.645213701572,8137.6162109375,128561300
2025-08-12,8208.999644134004,8446.941662804555,8161.411240399894,8423.1474609375,171015700
2025-08-13,8542.11769629727,8542.11769629727,8304.175699185924,8494.529296875,129083900
2025-08-14,8494.528862847223,8518.323061342593,8327.96947337963,8351.763671875,122930900
2025-08-15,8399.351848733837,8423.146046605603,8280.380859375,8280.380859375,68754200
2025-08-19,8185.2041360294115,8185.2041360294115,8042.438947610293,8090.02734375,128591700
2025-08-20,7971.056584780517,8185.204373625366,7947.262386019978,8113.82177734375,202260200
2025-08-21,8137.6162109375,8161.410410384686,8090.027812043129,8137.6162109375,69470200
2025-08-22,8161.410946456638,8161.410946456638,8042.43994140625,8042.43994140625,66394100
2025-08-25,8113.8217960684,8137.615994883849,8066.2333984375,8066.2333984375,64052700
2025-08-26,8042.439035866478,8066.233234197443,7852.08544921875,7852.08544921875,326794200
2025-08-27,7852.08543157003,7947.26222467997,7804.497035015061,7899.673828125,111915700
2025-08-28,7947.262460702891,7971.056659687031,7875.87986375047,7923.46826171875,81281400
2025-08-29,7852.085762142028,7875.879961421247,7685.5263671875,7685.5263671875,236499300
2025-09-01,7281.024774169921,7661.731951904297,7233.436376953125,7614.1435546875,421127500
2025-09-02,7614.1435546875,7780.702944946289,7614.1435546875,7614.1435546875,155531500
2025-09-03,7518.9670111677115,7614.1438087774295,7518.9670111677115,7590.349609375,212372700
2025-09-04,7590.349356079101,7614.1435546875,7542.7609588623045,7614.1435546875,103534800
2025-09-08,7637.937867796266,7637.937867796266,7328.61328125,7328.61328125,321191900
2025-09-09,7257.230999208368,7352.407799197987,7114.465799223942,7162.05419921875,595368700
2025-09-10,7185.84805063101,7423.7900390625,7185.84805063101,7423.7900390625,246849600
2025-09-11,7518.967306926751,7590.349907941879,7471.37890625,7471.37890625,235173400
2025-09-12,7590.349629399152,7590.349629399152,7471.378632073147,7542.76123046875,156084700
2025-09-15,7614.14378894081,7709.32058630257,7590.34958960037,7637.93798828125,142567700
2025-09-16,7661.732227794756,7685.526427259957,7518.967031003549,7542.76123046875,129312900
2025-09-17,7471.37890625,7518.967306926751,7423.790505573248,7471.37890625,183725900
2025-09-18,7471.378475040584,7518.966872970779,7281.024883319805,7328.61328125,275378700
2025-09-19,7281.024846003606,7447.584237905649,7281.024846003606,7423.7900390625,149025300
2025-09-22,7423.79031401699,7447.584513741404,7352.40771484375,7352.40771484375,92588800
2025-09-23,7376.201853918651,7518.96705109127,7376.201853918651,7495.1728515625,102606200
2025-09-24,7566.554992087018,7566.554992087018,7352.407209292102,7399.99560546875,150428400
2025-09-25,7352.407480215097,7399.9958781452915,7328.61328125,7328.61328125,147986600
2025-09-26,7209.642557313013,7328.613556608607,7209.642557313013,7257.23095703125,121657700
2025-09-29,7376.201407380427,7423.789803557074,7328.613011203778,7399.99560546875,116454700
2025-09-30,7328.613556608607,7399.996156185964,7257.23095703125,7257.23095703125,170666700
2025-10-01,7233.4365625,7304.81916015625,7138.259765625,7138.259765625,202433400
2025-10-02,7138.259765625,7233.4365625,7138.259765625,7138.259765625,126952400
2025-10-03,7162.05419921875,7185.848399216155,7138.259999221345,7162.05419921875,76787500
2025-10-06,7138.259765625,7185.8481640625005,7090.6713671875,7138.259765625,104032400
2025-10-07,7185.847891527434,7233.436288160066,7138.259494894802,7209.64208984375,74282600
2025-10-08,7138.259567002118,7162.053765558792,7019.28857421875,7019.28857421875,168080800
2025-10-09,7019.289227416184,7328.613837437914,6947.906625103477,7185.8486328125,293567400
2025-10-10,7090.671406513936,7090.671406513936,6995.494609111064,7043.0830078125,107426000
2025-10-13,6947.906483308448,7019.289084164356,6947.906483308448,6971.70068359375,101847900
2025-10-14,6924.112070649246,6995.494669315733,6900.31787109375,6900.31787109375,151862300
2025-10-15,6900.31787109375,6995.494669315733,6876.523671538254,6900.31787109375,133206400
2025-10-16,6900.317851027397,6971.700449486301,6876.523651541096,6947.90625,120611200
2025-10-17,6947.906171875,7162.05396484375,6924.11197265625,7138.259765625,157334400
2025-10-20,7328.613454861111,7614.143849206349,7257.230856274801,7495.1728515625,393421800
2025-10-21,7709.320416205752,8066.2333984375,7709.320416205752,8066.2333984375,529802600
2025-10-22,8280.381038014482,8280.381038014482,7804.4970703125,7804.4970703125,392957200
2025-10-23,7804.497266798048,7947.262460702891,7756.908868829768,7923.46826171875,187003900
2025-10-24,7899.674081854229,7971.056678979418,7875.8798828125,7875.8798828125,133355100
2025-10-27,7923.468495625935,8018.645294372193,7804.497497193114,7947.2626953125,182275600
2025-10-28,7947.262479937689,7994.850878021149,7852.085683770771,7875.8798828125,180270000
2025-10-29,7899.674197174782,8185.20458984375,7875.879997785702,8185.20458984375,239156800
2025-10-30,8161.410174864828,8327.9695661886,8066.233379822673,8113.82177734375,259009800
2025-10-31,8137.615976104289,8232.792771146444,8113.82177734375,8113.82177734375,177088000
2025-11-03,8232.79296875,8232.79296875,8113.821972091762,8232.79296875,115007100
2025-11-04,8232.79296875,8280.381367413294,8208.998769418353,8232.79296875,155231500
2025-11-05,8208.9982657597,8280.380859375,8185.204067887931,8280.380859375,125731500
2025-11-06,8208.998809279057,8256.587208173429,8137.6162109375,8137.6162109375,89756900
2025-11-07,8137.615921064482,8256.5869140625,8137.615921064482,8256.5869140625,75241900
2025-11-10,8256.587445050565,8256.587445050565,8161.41064453125,8161.41064453125,79897700
2025-11-11,8161.410471598308,8185.204671223958,7994.85107421875,7994.85107421875,130897600
2025-11-12,8018.644749540441,8137.615739889706,7994.850551470588,8090.02734375,85415600
2025-11-13,7994.851329291045,8066.233930445429,7971.05712890625,7971.05712890625,104113800
2025-11-14,7971.057107172664,8090.028108772256,7971.057107172664,8018.6455078125,89815300
2025-11-17,8090.0280441417635,8161.41064453125,8066.233844011935,8161.41064453125,129411100
2025-11-18,8137.616271972656,8161.410471598308,7994.85107421875,7994.85107421875,119377900
2025-11-19,7947.262404360251,8090.02759725295,7923.468205544801,8066.2333984375,114209700
2025-11-20,8066.233908452337,8185.204910051929,7994.851307492582,8018.6455078125,124087400
2025-11-21,7971.056874593099,8018.645273844401,7947.262674967448,7994.85107421875,103917100
2025-11-24,7994.850801991151,8066.2333984375,7947.262404360251,8066.2333984375,279590600
2025-11-25,8066.233145680147,8090.027343749999,7971.056353400735,8090.02734375,98807700
2025-11-26,7994.851307492582,8042.439708132419,7971.057107172664,8018.6455078125,77094400
2025-11-27,8018.645057655312,8042.439256639453,7923.46826171875,7923.46826171875,71051300
2025-11-28,7923.46828089596,7947.262479937689,7875.8798828125,7875.8798828125,67559300
2025-12-01,8042.439473470052,8042.439473470052,7947.262674967448,7994.85107421875,76359200
2025-12-02,7947.262928521455,8018.6455296758395,7947.262928521455,7971.05712890625,97044000
2025-12-03,7999.798492799322,8047.701477786145,7951.8955078125,7951.8955078125,103550900
2025-12-04,7975.847479637633,7999.798973570479,7880.04150390625,7880.04150390625,71410400
2025-12-05,7856.089537838855,7951.8955078125,7856.089537838855,7951.8955078125,71162300
2025-12-08,7999.798492799322,7999.798492799322,7903.992522825678,7951.8955078125,61745200
2025-12-09,7951.895634403935,7951.895634403935,7760.28369140625,7760.28369140625,113057200
2025-12-10,7760.284013399768,7832.138495005321,7688.429531794214,7736.33251953125,143418300
2025-12-11,7832.138484191895,7856.089978027344,7568.6720520019535,7664.47802734375,140766000
2025-12-12,7568.6720520019535,7664.47802734375,7520.769064331055,7664.47802734375,100006800
2025-12-15,7592.623120411333,7951.8955078125,7592.623120411333,7951.8955078125,143105700
2025-12-16,8023.750445953463,8023.750445953463,7688.429531794214,7736.33251953125,122332000
2025-12-17,7664.477706386293,7784.235170548579,7640.526213553836,7688.42919921875,89802700
2025-12-18,7688.429226096617,7903.992662342316,7688.429226096617,7832.13818359375,88497200
2025-12-19,7856.089819487577,7880.041312839674,7712.380859375,7712.380859375,131069800
2025-12-22,7712.3807190128055,7832.13818359375,7688.429226096617,7832.13818359375,72424200
2025-12-23,7760.283677716122,7784.235170548579,7640.526213553836,7688.42919921875,85044100
2025-12-24,7688.42919921875,7736.332184883665,7664.477706386293,7688.42919921875,71260500
2025-12-29,7688.42919921875,7688.42919921875,7616.574720721379,7688.42919921875,78399400
2025-12-30,7616.5750501886605,7832.138495005321,7616.5750501886605,7736.33251953125,101995600
2026-01-02,7736.332184883665,7736.332184883665,7664.477706386293,7688.42919921875,68612400
2026-01-05,7664.478037925696,7760.284013399768,7664.478037925696,7736.33251953125,73408800
2026-01-06,7832.13818359375,7832.13818359375,7736.332211928995,7832.13818359375,97624300
2026-01-07,7784.235517817772,7832.138505619728,7688.429542213861,7808.18701171875,93152500
2026-01-08,7760.283846079193,7808.186832783385,7712.380859375,7712.380859375,79823700
2026-01-09,7784.2353515625,7832.138338341346,7712.380871394231,7784.2353515625,79484700
2026-01-12,7736.332184883665,7760.283677716122,7664.477706386293,7688.42919921875,82935700
2026-01-13,7688.429531794214,7736.33251953125,7664.478037925696,7736.33251953125,80536300
2026-01-14,7688.4295211792,7712.381015014649,7616.575039672852,7664.47802734375,105724300
2026-01-15,7664.478037925696,7832.138495005321,7640.526544057178,7736.33251953125,151753100
2026-01-19,7736.332364783653,7784.2353515625,7640.526391225962,7784.2353515625,172100000
2026-01-20,7712.381015014649,7784.235496520996,7664.47802734375,7664.47802734375,82672500
2026-01-21,7592.6235018643465,7616.574995561079,7377.06005859375,7377.06005859375,301825600
2026-01-22,7377.0597234987745,7448.914201325061,7281.2537530637255,7329.15673828125,268025900
2026-01-23,7281.2537530637255,7353.108230890012,7233.350767846201,7329.15673828125,202878600
2026-01-26,7233.350767846201,7353.108230890012,7209.399275237439,7329.15673828125,213044100
2026-01-27,7257.302231445313,7305.205216471354,7185.44775390625,7185.44775390625,259830900
2026-01-28,6754.321122247554,7089.642029025801,6634.5636555410365,6730.36962890625,1027287500
2026-01-29,6395.048899332683,6969.884755452474,6107.630971272786,6898.0302734375,1432993400
2026-01-30,6898.030141469595,7281.254038217905,6898.030141469595,7089.64208984375,528434900
2026-02-02,7281.25390625,7281.25390625,7017.787482010691,7281.25390625,326948700
2026-02-03,7281.2537530637255,7329.15673828125,7065.6903195848645,7329.15673828125,206015400
2026-02-04,7329.156766451322,7496.817215357071,7281.25378104968,7472.86572265625,193370800
2026-02-05,7472.86572265625,7592.623186160356,7472.86572265625,7472.86572265625,142332400
2026-02-06,7377.059891592019,7448.914371055578,7281.253918973941,7353.1083984375,176352600
2026-02-09,7353.108201497396,7401.011186523438,7137.544768880209,7185.44775390625,174758300
2026-02-10,7185.4480756166395,7233.351062787417,7137.545088445861,7161.49658203125,127704200
2026-02-11,7161.496414901426,7209.3994009542785,7089.641935822147,7137.544921875,213505000
2026-02-12,7137.545065193046,7161.496558700405,6993.836104148891,7017.78759765625,237465300
2026-02-13,7017.787743462457,7017.787743462457,6898.0302734375,6898.0302734375,356015300
2026-02-18,6921.981777545103,7065.690741784794,6921.981777545103,6969.884765625,125301200
2026-02-19,7017.787573837652,7017.787573837652,6874.07861328125,6874.07861328125,133463400
2026-02-20,6874.078459531791,6945.932938202855,6850.126966641436,6921.9814453125,122959500
2026-02-23,6993.8359375,7041.738923373288,6969.884444563357,6993.8359375,100443800
2026-02-24,6969.88443109321,7017.787416873919,6921.9814453125,6921.9814453125,159225400
2026-02-25,6969.884610641531,7065.690584670968,6945.933117134172,7017.78759765625,133278000
2026-02-26,7041.738923373288,7065.690416309932,6898.029965753425,6993.8359375,127811900
2026-02-27,6898.030106707317,6969.884586985518,6874.07861328125,6874.07861328125,193104700
2026-03-02,6778.272615588857,6850.127095612767,6682.466642223643,6730.36962890625,156182700
2026-03-03,6778.2724609375,6826.175446527164,6730.369475347836,6778.2724609375,103031100
2026-03-04,6778.272590553977,6778.272590553977,6538.757658025568,6586.66064453125,216518700
2026-03-05,6682.466654173085,6826.175614477883,6658.515160788952,6802.22412109375,110256300
2026-03-06,6778.272446986607,6802.223939732143,6706.41796875,6706.41796875,102725700
2026-03-09,6610.612137784091,6658.515124289773,6538.757658025568,6586.66064453125,150426400
2026-03-10,6658.515302979391,6754.321278561828,6634.563809083781,6682.466796875,129977900
2026-03-11,6682.466775412088,6706.4182692307695,6538.7578125,6538.7578125,91723400
2026-03-12,6538.75782311481,6730.369773975317,6538.75782311481,6610.6123046875,98787400
2026-03-13,6562.709151278409,6730.3696040482955,6562.709151278409,6586.66064453125,107940600
2026-03-16,6562.709295428241,6586.660789207176,6419.000332754629,6466.9033203125,127757500
2026-03-17,6466.902999596402,6538.757477369696,6466.902999596402,6490.8544921875,160903900
2026-03-25,6395.048859969429,6634.563798545063,6395.048859969429,6610.6123046875,314281100
2026-03-26,6610.612137784091,6682.466617542614,6562.709151278409,6586.66064453125,145934900
2026-03-27,6490.85447761194,6562.70895522388,6419.0,6419.0,283556500
2026-03-30,6400.0,6500.0,6350.0,6450.0,242278100
2026-03-31,6450.0,6550.0,6450.0,6450.0,150657800
2026-04-01,6550.0,6650.0,6500.0,6500.0,132798100
2026-04-02,6550.0,6600.0,6500.0,6575.0,72725400
2026-04-06,6600.0,6625.0,6450.0,6500.0,57914600
2026-04-07,6500.0,6525.0,6450.0,6500.0,65168700
2026-04-08,6650.0,6850.0,6625.0,6750.0,163594000
2026-04-09,6775.0,6800.0,6450.0,6475.0,182409800
2026-04-10,6525.0,6700.0,6475.0,6700.0,167336100
2026-04-13,6650.0,6700.0,6575.0,6575.0,81955300
2026-04-14,6675.0,6800.0,6675.0,6750.0,105010900
2026-04-15,6775.0,6800.0,6550.0,6550.0,104880600
2026-04-16,6575.0,6650.0,6500.0,6525.0,122416100
2026-04-17,6500.0,6550.0,6425.0,6425.0,156827000
2026-04-20,6450.0,6575.0,6425.0,6475.0,137435700
2026-04-21,6475.0,6525.0,6425.0,6500.0,112151900
2026-04-22,6475.0,6525.0,6450.0,6450.0,95673700
2026-04-23,6450.0,6550.0,6425.0,6425.0,95913400
2026-04-24,6400.0,6425.0,6050.0,6050.0,435004800
2026-04-27,6025.0,6050.0,5950.0,5975.0,273263100
2026-04-28,6025.0,6075.0,5950.0,6000.0,174091200
2026-04-29,6000.0,6050.0,5950.0,5975.0,176050900
2026-04-30,5950.0,5975.0,5800.0,5850.0,303405400
2026-05-04,5800.0,5950.0,5800.0,5900.0,207566700
2026-05-05,5900.0,6075.0,5875.0,5950.0,179928300
2026-05-06,5950.0,6000.0,5900.0,5950.0,90843100
2026-05-07,6000.0,6325.0,6000.0,6225.0,238690900
2026-05-08,6225.0,6425.0,6175.0,6175.0,201784700
2026-05-11,6225.0,6275.0,6100.0,6150.0,126301300
2026-05-12,6125.0,6150.0,6050.0,6125.0,107394400
2026-05-13,6125.0,6200.0,6025.0,6100.0,147339600
2026-05-14,6100.0,6100.0,6100.0,6100.0,0
2026-05-15,6100.0,6100.0,6100.0,6100.0,0
2026-05-18,5950.0,6125.0,5900.0,6125.0,208748400
2026-05-19,6050.0,6200.0,5950.0,5950.0,184830100
2026-05-20,5975.0,6100.0,5875.0,5975.0,195107100
2026-05-21,6000.0,6150.0,5925.0,5950.0,210976100
2026-05-22,5900.0,5975.0,5825.0,5900.0,288919700
2026-05-25,5950.0,6175.0,5925.0,6100.0,263179200
2026-05-26,6050.0,6100.0,5950.0,5975.0,225158700
2026-05-27,5975.0,5975.0,5975.0,5975.0,0
2026-05-28,5975.0,5975.0,5975.0,5975.0,0
2026-05-29,5750.0,5875.0,5700.0,5700.0,1014028000
2026-06-02,5750.0,5875.0,5700.0,5825.0,346305200
2026-06-03,5775.0,5825.0,5525.0,5525.0,353332300
2026-06-04,5475.0,5600.0,5300.0,5425.0,550059500
2026-06-05,5325.0,5375.0,5075.0,5075.0,572612000
2026-06-08,4950.0,5050.0,4850.0,4850.0,705093300
2026-06-09,4850.0,5150.0,4820.0,5150.0,772898000
2026-06-10,5175.0,5700.0,5175.0,5650.0,747366000
2026-06-11,5650.0,5875.0,5550.0,5825.0,543032300
2026-06-12,6000.0,6100.0,5900.0,5925.0,415872300
2026-06-15,6100.0,6425.0,6100.0,6275.0,480395000
2026-06-17,6400.0,6550.0,6275.0,6275.0,467494300
2026-06-18,6250.0,6275.0,6075.0,6075.0,232489300
2026-06-19,6050.0,6300.0,6050.0,6300.0,366595500
2026-06-22,6400.0,6400.0,6125.0,6225.0,193401600
2026-06-23,6150.0,6200.0,6075.0,6125.0,144561900
