Date,Harga_Close,Aktual_Tren_5D,RF_Probabilitas,RF_Sinyal,XGB_Probabilitas,XGB_Sinyal
2010-03-05,728.0695190429688,Naik,0.5532645622258991,Turun (HOLD),0.50573283,Turun (HOLD)
2010-03-08,735.3502807617188,Turun,0.5524989660118673,Turun (HOLD),0.5289161,Turun (HOLD)
2010-03-09,757.1922607421875,Naik,0.4881361340600247,Turun (HOLD),0.45523885,Turun (HOLD)
2010-03-10,749.9114379882812,Naik,0.5047514185764437,Turun (HOLD),0.47726792,Turun (HOLD)
2010-03-11,757.1922607421875,Naik,0.5368211820877328,Turun (HOLD),0.50756294,Turun (HOLD)
2010-03-12,742.6307983398438,Naik,0.5478554904471821,Turun (HOLD),0.52719516,Turun (HOLD)
2010-03-15,757.1922607421875,Naik,0.5262612297479599,Turun (HOLD),0.49405307,Turun (HOLD)
2010-03-17,844.5606689453125,Turun,0.2899050193023763,Turun (HOLD),0.3586222,Turun (HOLD)
2010-03-18,793.595703125,Naik,0.49774650450070645,Turun (HOLD),0.41683146,Turun (HOLD)
2010-03-19,793.595703125,Naik,0.4950030095171018,Turun (HOLD),0.4289987,Turun (HOLD)
2010-03-22,793.595703125,Turun,0.5246099112731746,Turun (HOLD),0.47886425,Turun (HOLD)
2010-03-23,815.4379272460938,Turun,0.4480908133758674,Turun (HOLD),0.37912863,Turun (HOLD)
2010-03-24,829.9992065429688,Turun,0.3615494796125849,Turun (HOLD),0.34258232,Turun (HOLD)
2010-03-25,837.280029296875,Turun,0.30710011835577167,Turun (HOLD),0.33974284,Turun (HOLD)
2010-03-26,837.280029296875,Naik,0.3388145555766734,Turun (HOLD),0.34085688,Turun (HOLD)
2010-03-29,815.4379272460938,Naik,0.5686026254657438,Turun (HOLD),0.5147562,Turun (HOLD)
2010-03-30,808.1571044921875,Naik,0.5741555346549673,Turun (HOLD),0.53372914,Turun (HOLD)
2010-03-31,800.8762817382812,Naik,0.5144214561763322,Turun (HOLD),0.49249095,Turun (HOLD)
2010-04-01,793.595703125,Turun,0.5192279100503177,Turun (HOLD),0.5090321,Turun (HOLD)
2010-04-05,837.280029296875,Naik,0.4002831969108315,Turun (HOLD),0.36072752,Turun (HOLD)
2010-04-06,829.9992065429688,Turun,0.43746185163119444,Turun (HOLD),0.39178312,Turun (HOLD)
2010-04-07,851.84130859375,Turun,0.3026058593529284,Turun (HOLD),0.34359342,Turun (HOLD)
2010-04-08,822.718505859375,Naik,0.5656951295247048,Turun (HOLD),0.49359223,Turun (HOLD)
2010-04-09,808.1571044921875,Naik,0.6039536933831932,Turun (HOLD),0.628915,Turun (HOLD)
2010-04-12,851.84130859375,Turun,0.39293451991389405,Turun (HOLD),0.3687081,Turun (HOLD)
2010-04-13,829.9992065429688,Naik,0.48935591523484373,Turun (HOLD),0.44504818,Turun (HOLD)
2010-04-14,844.5606689453125,Turun,0.48448625604021694,Turun (HOLD),0.4268177,Turun (HOLD)
2010-04-15,844.5606689453125,Turun,0.4921623051423443,Turun (HOLD),0.43108937,Turun (HOLD)
2010-04-16,837.280029296875,Naik,0.5211647027222738,Turun (HOLD),0.48003665,Turun (HOLD)
2010-04-19,822.718505859375,Turun,0.6062407353074784,Turun (HOLD),0.6313336,Turun (HOLD)
2010-04-20,851.84130859375,Turun,0.4830789657986161,Turun (HOLD),0.42673534,Turun (HOLD)
2010-04-21,837.280029296875,Turun,0.514606763773217,Turun (HOLD),0.4558385,Turun (HOLD)
2010-04-22,829.9992065429688,Turun,0.5807596502194348,Turun (HOLD),0.59102756,Turun (HOLD)
2010-04-23,829.9992065429688,Turun,0.5811597406193655,Turun (HOLD),0.5908941,Turun (HOLD)
2010-04-26,829.9992065429688,Turun,0.5842655739312674,Turun (HOLD),0.5961073,Turun (HOLD)
2010-04-27,829.9992065429688,Naik,0.5716872892212423,Turun (HOLD),0.56523,Turun (HOLD)
2010-04-28,793.595703125,Turun,0.6886638469851875,Naik (BUY),0.66847473,Naik (BUY)
2010-04-29,793.595703125,Turun,0.6612927161522566,Naik (BUY),0.66800237,Naik (BUY)
2010-04-30,793.595703125,Turun,0.6608472655489708,Naik (BUY),0.6617178,Naik (BUY)
2010-05-03,800.8762817382812,Turun,0.5550987752371651,Turun (HOLD),0.55915487,Turun (HOLD)
2010-05-04,800.8762817382812,Turun,0.5383517021644263,Turun (HOLD),0.55036074,Turun (HOLD)
2010-05-05,757.1922607421875,Naik,0.6322610839946804,Turun (HOLD),0.65398693,Naik (BUY)
2010-05-06,742.6307983398438,Naik,0.6497172086377533,Turun (HOLD),0.67004436,Naik (BUY)
2010-05-07,717.1484375,Naik,0.6662993201963746,Naik (BUY),0.6752046,Naik (BUY)
2010-05-10,757.1922607421875,Naik,0.5959141424191365,Turun (HOLD),0.61439896,Turun (HOLD)
2010-05-11,749.9114379882812,Naik,0.5906628243152278,Turun (HOLD),0.6070325,Turun (HOLD)
2010-05-12,749.9114379882812,Turun,0.6429718732444257,Turun (HOLD),0.6346885,Turun (HOLD)
2010-05-14,764.4730834960938,Turun,0.6539402501192524,Naik (BUY),0.6530963,Naik (BUY)
2010-05-17,779.0343627929688,Turun,0.6378682105933878,Turun (HOLD),0.64685,Turun (HOLD)
2010-05-18,793.595703125,Turun,0.5661056405885203,Turun (HOLD),0.58524835,Turun (HOLD)
2010-05-19,764.4730834960938,Naik,0.6971147232647642,Naik (BUY),0.6774893,Naik (BUY)
2010-05-20,757.1922607421875,Naik,0.6959185669737532,Naik (BUY),0.69478655,Naik (BUY)
2010-05-21,742.6307983398438,Naik,0.6707657829197435,Naik (BUY),0.67660975,Naik (BUY)
2010-05-24,749.9114379882812,Naik,0.6733014548052635,Naik (BUY),0.68009263,Naik (BUY)
2010-05-25,728.0695190429688,Naik,0.6645563452031706,Naik (BUY),0.6795668,Naik (BUY)
2010-05-26,764.4730834960938,Naik,0.6200118545309617,Turun (HOLD),0.6197403,Turun (HOLD)
2010-05-27,771.7537231445312,Naik,0.615617428173567,Turun (HOLD),0.6193079,Turun (HOLD)
2010-05-31,808.1571044921875,Naik,0.5125691085206789,Turun (HOLD),0.46723363,Turun (HOLD)
2010-06-01,781.6118774414062,Naik,0.61178777176868,Turun (HOLD),0.60820436,Turun (HOLD)
2010-06-02,803.7328491210938,Naik,0.5135796262487565,Turun (HOLD),0.4854434,Turun (HOLD)
2010-06-03,818.4803466796875,Turun,0.5071154711539294,Turun (HOLD),0.4807808,Turun (HOLD)
2010-06-04,833.2277221679688,Turun,0.47243772888658264,Turun (HOLD),0.42461655,Turun (HOLD)
2010-06-07,811.1065063476562,Turun,0.5399850822249612,Turun (HOLD),0.4968762,Turun (HOLD)
2010-06-08,825.8541259765625,Turun,0.49130219874282866,Turun (HOLD),0.44850567,Turun (HOLD)
2010-06-09,825.8541259765625,Naik,0.5086048753232222,Turun (HOLD),0.45858693,Turun (HOLD)
2010-06-10,803.7328491210938,Naik,0.6628301805245749,Naik (BUY),0.68267715,Naik (BUY)
2010-06-11,803.7328491210938,Naik,0.6606927796129104,Naik (BUY),0.68360996,Naik (BUY)
2010-06-14,803.7328491210938,Naik,0.6584510326274058,Naik (BUY),0.6835165,Naik (BUY)
2010-06-15,811.1065063476562,Naik,0.5792451745475606,Turun (HOLD),0.5424537,Turun (HOLD)
2010-06-16,833.2277221679688,Naik,0.5115775379929718,Turun (HOLD),0.47419682,Turun (HOLD)
2010-06-17,825.8541259765625,Turun,0.4992690677925525,Turun (HOLD),0.4679031,Turun (HOLD)
2010-06-18,840.6014404296875,Turun,0.5060439225078736,Turun (HOLD),0.46917936,Turun (HOLD)
2010-06-21,855.348876953125,Turun,0.524170977699241,Turun (HOLD),0.4741014,Turun (HOLD)
2010-06-22,862.7225341796875,Turun,0.4850978415234059,Turun (HOLD),0.4456202,Turun (HOLD)
2010-06-23,855.348876953125,Naik,0.5437496009412631,Turun (HOLD),0.50061387,Turun (HOLD)
2010-06-24,833.2277221679688,Turun,0.5969622699553727,Turun (HOLD),0.5719547,Turun (HOLD)
2010-06-25,847.9752197265625,Turun,0.5294387349447258,Turun (HOLD),0.49538425,Turun (HOLD)
2010-06-28,855.348876953125,Turun,0.5121028214086989,Turun (HOLD),0.46127388,Turun (HOLD)
2010-06-29,855.348876953125,Naik,0.5100874620677709,Turun (HOLD),0.44935125,Turun (HOLD)
2010-06-30,877.47021484375,Naik,0.4277274117888391,Turun (HOLD),0.38908103,Turun (HOLD)
2010-07-01,840.6014404296875,Naik,0.5984574350215149,Turun (HOLD),0.62500024,Turun (HOLD)
2010-07-02,825.8541259765625,Naik,0.6568953869102068,Naik (BUY),0.68872374,Naik (BUY)
2010-07-05,825.8541259765625,Naik,0.6597532969476023,Naik (BUY),0.69013005,Naik (BUY)
2010-07-06,840.6014404296875,Naik,0.5649890526076607,Turun (HOLD),0.5913923,Turun (HOLD)
2010-07-07,855.348876953125,Naik,0.49531965442687487,Turun (HOLD),0.45102313,Turun (HOLD)
2010-07-08,847.9752197265625,Naik,0.4993617850990516,Turun (HOLD),0.46520895,Turun (HOLD)
2010-07-09,862.7225341796875,Naik,0.49688309437948147,Turun (HOLD),0.45486447,Turun (HOLD)
2010-07-12,870.09619140625,Naik,0.4489056838213141,Turun (HOLD),0.4132352,Turun (HOLD)
2010-07-13,870.09619140625,Turun,0.4549666852859604,Turun (HOLD),0.4188377,Turun (HOLD)
2010-07-14,877.47021484375,Naik,0.44523206586025,Turun (HOLD),0.40984,Turun (HOLD)
2010-07-15,870.09619140625,Turun,0.4278943436622733,Turun (HOLD),0.4261469,Turun (HOLD)
2010-07-16,892.2173461914062,Naik,0.40840155359831637,Turun (HOLD),0.3874374,Turun (HOLD)
2010-07-19,877.47021484375,Turun,0.4200871166224628,Turun (HOLD),0.41703197,Turun (HOLD)
2010-07-20,877.47021484375,Naik,0.5118287091967592,Turun (HOLD),0.46673056,Turun (HOLD)
2010-07-21,877.47021484375,Naik,0.5135920214011801,Turun (HOLD),0.46466056,Turun (HOLD)
2010-07-22,877.47021484375,Naik,0.531201748488522,Turun (HOLD),0.5060188,Turun (HOLD)
2010-07-23,884.8436279296875,Turun,0.5129839345317907,Turun (HOLD),0.47076434,Turun (HOLD)
2010-07-26,877.47021484375,Turun,0.5686228628870966,Turun (HOLD),0.53169996,Turun (HOLD)
2010-07-27,884.8436279296875,Turun,0.5302992229412087,Turun (HOLD),0.49238467,Turun (HOLD)
2010-07-28,884.8436279296875,Turun,0.5385102376391908,Turun (HOLD),0.496239,Turun (HOLD)
2010-07-29,914.338623046875,Turun,0.4747172850621682,Turun (HOLD),0.42130816,Turun (HOLD)
2010-07-30,877.47021484375,Naik,0.6455788087730229,Turun (HOLD),0.6491985,Turun (HOLD)
2010-08-02,877.47021484375,Naik,0.6156746188175694,Turun (HOLD),0.65645766,Naik (BUY)
2010-08-03,847.9752197265625,Naik,0.7051164845781592,Naik (BUY),0.70464724,Naik (BUY)
2010-08-04,847.9752197265625,Turun,0.6938499483330516,Naik (BUY),0.69796497,Naik (BUY)
2010-08-05,877.47021484375,Turun,0.5404306498482356,Turun (HOLD),0.56789815,Turun (HOLD)
2010-08-06,884.8436279296875,Turun,0.5059318314092904,Turun (HOLD),0.45733866,Turun (HOLD)
2010-08-09,906.9649047851562,Turun,0.4980323876151407,Turun (HOLD),0.44553837,Turun (HOLD)
2010-08-10,884.8436279296875,Naik,0.5697238944815796,Turun (HOLD),0.57989466,Turun (HOLD)
2010-08-11,877.47021484375,Naik,0.6136252377455579,Turun (HOLD),0.6416827,Turun (HOLD)
2010-08-12,870.09619140625,Turun,0.5841572840750853,Turun (HOLD),0.6299825,Turun (HOLD)
2010-08-13,884.8436279296875,Naik,0.5131775270789539,Turun (HOLD),0.5453788,Turun (HOLD)
2010-08-16,870.09619140625,Naik,0.5515977484632237,Turun (HOLD),0.5968654,Turun (HOLD)
2010-08-18,884.8436279296875,Naik,0.5055117125736356,Turun (HOLD),0.5404379,Turun (HOLD)
2010-08-19,877.47021484375,Turun,0.5781354900876635,Turun (HOLD),0.59828794,Turun (HOLD)
2010-08-20,884.8436279296875,Turun,0.5831417446325255,Turun (HOLD),0.6124205,Turun (HOLD)
2010-08-23,892.2173461914062,Turun,0.45859382678885624,Turun (HOLD),0.43918502,Turun (HOLD)
2010-08-24,892.2173461914062,Turun,0.49441002905951736,Turun (HOLD),0.48091725,Turun (HOLD)
2010-08-25,892.2173461914062,Naik,0.44492634563711253,Turun (HOLD),0.45055732,Turun (HOLD)
2010-08-26,877.47021484375,Naik,0.5394138451603532,Turun (HOLD),0.62955296,Turun (HOLD)
2010-08-27,870.09619140625,Naik,0.5614934693144586,Turun (HOLD),0.64167804,Turun (HOLD)
2010-08-30,855.348876953125,Naik,0.5705437787112722,Turun (HOLD),0.64177746,Turun (HOLD)
2010-08-31,855.348876953125,Naik,0.677651189456067,Naik (BUY),0.6934546,Naik (BUY)
2010-09-01,892.2173461914062,Naik,0.4896747067021963,Turun (HOLD),0.46038353,Turun (HOLD)
2010-09-02,870.09619140625,Naik,0.5379872537910528,Turun (HOLD),0.5855897,Turun (HOLD)
2010-09-03,884.8436279296875,Naik,0.5283347080982324,Turun (HOLD),0.56498575,Turun (HOLD)
2010-09-06,892.2173461914062,Naik,0.4376264788862658,Turun (HOLD),0.44105172,Turun (HOLD)
2010-09-07,892.2173461914062,Naik,0.4466241127172404,Turun (HOLD),0.4522221,Turun (HOLD)
2010-09-15,958.5807495117188,Turun,0.43069524886669647,Turun (HOLD),0.40751585,Turun (HOLD)
2010-09-16,936.4593505859376,Turun,0.4359108512469237,Turun (HOLD),0.41283607,Turun (HOLD)
2010-09-17,958.5807495117188,Naik,0.44520599423375506,Turun (HOLD),0.41624025,Turun (HOLD)
2010-09-20,951.2069702148438,Naik,0.4704757458682618,Turun (HOLD),0.42017975,Turun (HOLD)
2010-09-21,943.8330688476562,Naik,0.5276213794044488,Turun (HOLD),0.49615714,Turun (HOLD)
2010-09-22,921.7120361328124,Naik,0.5920866552923446,Turun (HOLD),0.5650883,Turun (HOLD)
2010-09-23,943.8330688476562,Naik,0.515468390009596,Turun (HOLD),0.47028548,Turun (HOLD)
2010-09-24,958.5807495117188,Naik,0.4950010490947907,Turun (HOLD),0.4402292,Turun (HOLD)
2010-09-27,988.0751953125,Naik,0.49380520714054654,Turun (HOLD),0.440988,Turun (HOLD)
2010-09-28,995.4491577148438,Turun,0.48479669352449034,Turun (HOLD),0.4215281,Turun (HOLD)
2010-09-29,1002.8226318359376,Naik,0.47387989727051827,Turun (HOLD),0.41442138,Turun (HOLD)
2010-09-30,988.0751953125,Turun,0.49143829453557036,Turun (HOLD),0.44054964,Turun (HOLD)
2010-10-01,1032.3173828125,Turun,0.3435852409621142,Turun (HOLD),0.3540639,Turun (HOLD)
2010-10-04,1010.1966552734376,Turun,0.502951921869868,Turun (HOLD),0.43634915,Turun (HOLD)
2010-10-05,1002.8226318359376,Turun,0.5241235318960974,Turun (HOLD),0.48773608,Turun (HOLD)
2010-10-06,1017.5703125,Turun,0.49210049321382815,Turun (HOLD),0.43373552,Turun (HOLD)
2010-10-07,1024.9442138671875,Turun,0.4849158017638145,Turun (HOLD),0.41174316,Turun (HOLD)
2010-10-08,1010.1966552734376,Turun,0.5237628543103862,Turun (HOLD),0.48965198,Turun (HOLD)
2010-10-11,995.4491577148438,Turun,0.556863743161156,Turun (HOLD),0.53554326,Turun (HOLD)
2010-10-12,995.4491577148438,Turun,0.5686755252647581,Turun (HOLD),0.5342683,Turun (HOLD)
2010-10-13,1002.8226318359376,Turun,0.5426161467984177,Turun (HOLD),0.494126,Turun (HOLD)
2010-10-14,1002.8226318359376,Naik,0.5267986886105805,Turun (HOLD),0.46644175,Turun (HOLD)
2010-10-15,980.7019653320312,Naik,0.6209943435341784,Turun (HOLD),0.6403065,Turun (HOLD)
2010-10-18,973.327880859375,Naik,0.6319842095951729,Turun (HOLD),0.6508093,Naik (BUY)
2010-10-19,995.4491577148438,Naik,0.5175636417856979,Turun (HOLD),0.46736005,Turun (HOLD)
2010-10-20,1002.8226318359376,Naik,0.5006765469349521,Turun (HOLD),0.44883522,Turun (HOLD)
2010-10-21,1002.8226318359376,Turun,0.5019393057470443,Turun (HOLD),0.45112762,Turun (HOLD)
2010-10-22,1010.1966552734376,Naik,0.5029859291885891,Turun (HOLD),0.44961762,Turun (HOLD)
2010-10-25,1017.5703125,Turun,0.5037459312334719,Turun (HOLD),0.4493783,Turun (HOLD)
2010-10-26,1039.691162109375,Naik,0.47498180868445355,Turun (HOLD),0.4133397,Turun (HOLD)
2010-10-27,1032.3173828125,Naik,0.48841768894411347,Turun (HOLD),0.42776906,Turun (HOLD)
2010-10-28,1010.1966552734376,Naik,0.5685554571604785,Turun (HOLD),0.536873,Turun (HOLD)
2010-10-29,1032.3173828125,Naik,0.520648816312247,Turun (HOLD),0.46257764,Turun (HOLD)
2010-11-01,1039.691162109375,Naik,0.5570582964997993,Turun (HOLD),0.49997556,Turun (HOLD)
2010-11-02,1039.691162109375,Turun,0.510033345048752,Turun (HOLD),0.4501103,Turun (HOLD)
2010-11-03,1054.438720703125,Turun,0.49104005727574623,Turun (HOLD),0.4320612,Turun (HOLD)
2010-11-04,1054.438720703125,Turun,0.5109528801660068,Turun (HOLD),0.45687088,Turun (HOLD)
2010-11-05,1047.06494140625,Turun,0.5182985040591872,Turun (HOLD),0.464937,Turun (HOLD)
2010-11-08,1054.438720703125,Turun,0.5029259041344692,Turun (HOLD),0.4352415,Turun (HOLD)
2010-11-09,1032.3173828125,Turun,0.5711476851430711,Turun (HOLD),0.5428761,Turun (HOLD)
2010-11-10,1039.691162109375,Turun,0.5388810265809009,Turun (HOLD),0.5016035,Turun (HOLD)
2010-11-11,1024.9442138671875,Naik,0.6041062155114794,Turun (HOLD),0.6352619,Turun (HOLD)
2010-11-12,1017.5703125,Naik,0.6319724920222373,Turun (HOLD),0.6576118,Naik (BUY)
2010-11-15,1002.8226318359376,Turun,0.6513505586273278,Naik (BUY),0.6615679,Naik (BUY)
2010-11-16,1039.691162109375,Turun,0.4992214238170208,Turun (HOLD),0.4478778,Turun (HOLD)
2010-11-18,1010.1966552734376,Turun,0.6545654229645291,Naik (BUY),0.6420064,Turun (HOLD)
2010-11-19,1024.9442138671875,Turun,0.5646540622416365,Turun (HOLD),0.5651473,Turun (HOLD)
2010-11-22,1008.99267578125,Turun,0.6120781854861086,Turun (HOLD),0.6289124,Turun (HOLD)
2010-11-23,979.3164672851562,Turun,0.698232653907182,Naik (BUY),0.69959986,Naik (BUY)
2010-11-24,979.3164672851562,Turun,0.6802734875693172,Naik (BUY),0.69574124,Naik (BUY)
2010-11-25,979.3164672851562,Naik,0.6693784234238854,Naik (BUY),0.68993235,Naik (BUY)
2010-11-26,957.0594482421876,Turun,0.6606116282381914,Naik (BUY),0.684947,Naik (BUY)
2010-11-29,957.0594482421876,Naik,0.6512319884564588,Naik (BUY),0.6794876,Naik (BUY)
2010-11-30,897.7069091796875,Naik,0.668353347981751,Naik (BUY),0.6851219,Naik (BUY)
2010-12-01,949.6401977539062,Naik,0.6551489745919794,Naik (BUY),0.65064144,Naik (BUY)
2010-12-02,964.4786376953124,Naik,0.6274251801597804,Turun (HOLD),0.63522315,Turun (HOLD)
2010-12-03,957.0594482421876,Turun,0.6369990284527196,Turun (HOLD),0.6396909,Turun (HOLD)
2010-12-06,971.8976440429688,Turun,0.6219219133594396,Turun (HOLD),0.6323131,Turun (HOLD)
2010-12-08,994.1546020507812,Turun,0.5970612794163456,Turun (HOLD),0.6144025,Turun (HOLD)
2010-12-09,979.3164672851562,Turun,0.6388737670825625,Turun (HOLD),0.6461419,Turun (HOLD)
2010-12-10,971.8976440429688,Naik,0.6607567951975312,Naik (BUY),0.67022765,Naik (BUY)
2010-12-13,949.6401977539062,Naik,0.6891857301166185,Naik (BUY),0.6936536,Naik (BUY)
2010-12-14,964.4786376953124,Naik,0.6748998359648729,Naik (BUY),0.6755734,Naik (BUY)
2010-12-15,964.4786376953124,Naik,0.6677101472306072,Naik (BUY),0.6567676,Naik (BUY)
2010-12-16,949.6401977539062,Turun,0.6865249136811932,Naik (BUY),0.6932246,Naik (BUY)
2010-12-17,994.1546020507812,Turun,0.6157231262747426,Turun (HOLD),0.6329874,Turun (HOLD)
2010-12-20,979.3164672851562,Turun,0.6189702918565841,Turun (HOLD),0.62664837,Turun (HOLD)
2010-12-21,986.7359008789062,Naik,0.6180696032838607,Turun (HOLD),0.6338179,Turun (HOLD)
2010-12-22,957.0594482421876,Naik,0.709774006254608,Naik (BUY),0.6980735,Naik (BUY)
2010-12-23,942.2211303710938,Turun,0.6850358068887168,Naik (BUY),0.6932869,Naik (BUY)
2010-12-27,957.0594482421876,Naik,0.6700606569658479,Naik (BUY),0.6711705,Naik (BUY)
2010-12-28,957.0594482421876,Naik,0.6841931540108724,Naik (BUY),0.68264234,Naik (BUY)
2010-12-29,964.4786376953124,Naik,0.6447317883442876,Turun (HOLD),0.63740355,Turun (HOLD)
2010-12-30,949.6401977539062,Turun,0.6631455825153082,Naik (BUY),0.6713012,Naik (BUY)
2011-01-03,957.0594482421876,Turun,0.656047638833025,Naik (BUY),0.6532524,Naik (BUY)
2011-01-04,964.4786376953124,Turun,0.6501685240124864,Naik (BUY),0.6483588,Turun (HOLD)
2011-01-05,979.3164672851562,Turun,0.6103220652696074,Turun (HOLD),0.6164863,Turun (HOLD)
2011-01-06,971.8976440429688,Turun,0.6352624864129855,Turun (HOLD),0.63267124,Turun (HOLD)
2011-01-07,949.6401977539062,Naik,0.6912487203126627,Naik (BUY),0.6960955,Naik (BUY)
2011-01-10,875.4496459960938,Naik,0.6547221030668635,Naik (BUY),0.68013054,Naik (BUY)
2011-01-11,845.7733764648438,Turun,0.6875637682773483,Naik (BUY),0.6860267,Naik (BUY)
2011-01-12,860.6116333007812,Turun,0.6173295267048478,Turun (HOLD),0.673907,Naik (BUY)
2011-01-13,875.4496459960938,Turun,0.6085102580774524,Turun (HOLD),0.6587504,Naik (BUY)
2011-01-14,897.7069091796875,Turun,0.6065155048198455,Turun (HOLD),0.6301441,Turun (HOLD)
2011-01-17,882.8690795898438,Turun,0.6061019774849089,Turun (HOLD),0.6422538,Turun (HOLD)
2011-01-18,860.6116333007812,Turun,0.6248536297931194,Turun (HOLD),0.67639697,Naik (BUY)
2011-01-19,853.192626953125,Naik,0.6156847115180906,Turun (HOLD),0.67104053,Naik (BUY)
2011-01-20,845.7733764648438,Naik,0.6228742737675809,Turun (HOLD),0.68002504,Naik (BUY)
2011-01-21,808.677978515625,Naik,0.6967520539871178,Naik (BUY),0.6853557,Naik (BUY)
2011-01-24,801.2589721679688,Naik,0.6751637543529904,Naik (BUY),0.6808221,Naik (BUY)
2011-01-25,830.9354248046875,Turun,0.6026212281841314,Turun (HOLD),0.6437492,Turun (HOLD)
2011-01-26,868.0305786132812,Turun,0.6117162773206323,Turun (HOLD),0.6360293,Turun (HOLD)
2011-01-27,875.4496459960938,Naik,0.6115142068391529,Turun (HOLD),0.63271904,Turun (HOLD)
2011-01-28,860.6116333007812,Naik,0.5957944111239817,Turun (HOLD),0.6269847,Turun (HOLD)
2011-01-31,838.3543090820312,Naik,0.6322987127195129,Turun (HOLD),0.6799573,Naik (BUY)
2011-02-01,838.3543090820312,Naik,0.6364850852573933,Turun (HOLD),0.6838153,Naik (BUY)
2011-02-02,868.0305786132812,Turun,0.6014495782429693,Turun (HOLD),0.6310848,Turun (HOLD)
2011-02-04,890.2879028320312,Turun,0.560590631702223,Turun (HOLD),0.58750194,Turun (HOLD)
2011-02-07,897.7069091796875,Naik,0.5899913638001607,Turun (HOLD),0.6127166,Turun (HOLD)
2011-02-08,890.2879028320312,Naik,0.5655981269143134,Turun (HOLD),0.60007524,Turun (HOLD)
2011-02-09,875.4496459960938,Naik,0.5840074247969606,Turun (HOLD),0.6390739,Turun (HOLD)
2011-02-10,845.7733764648438,Naik,0.6445052119363701,Turun (HOLD),0.6885337,Naik (BUY)
2011-02-11,882.8690795898438,Naik,0.6215262993939075,Turun (HOLD),0.64306724,Turun (HOLD)
2011-02-14,905.1260375976562,Naik,0.527085815444642,Turun (HOLD),0.5026973,Turun (HOLD)
2011-02-16,897.7069091796875,Naik,0.5495276400262212,Turun (HOLD),0.58199495,Turun (HOLD)
2011-02-17,890.2879028320312,Naik,0.5539393062220066,Turun (HOLD),0.5914527,Turun (HOLD)
2011-02-18,912.545166015625,Turun,0.5300174883115082,Turun (HOLD),0.5156019,Turun (HOLD)
2011-02-21,927.383056640625,Naik,0.5737186575939153,Turun (HOLD),0.54307556,Turun (HOLD)
2011-02-22,927.383056640625,Naik,0.5426651631805887,Turun (HOLD),0.5079428,Turun (HOLD)
2011-02-23,949.6401977539062,Naik,0.520088798713342,Turun (HOLD),0.47877002,Turun (HOLD)
2011-02-24,927.383056640625,Naik,0.5703916653356745,Turun (HOLD),0.53451,Turun (HOLD)
2011-02-25,905.1260375976562,Naik,0.5901933255302294,Turun (HOLD),0.6403304,Turun (HOLD)
2011-02-28,934.8023071289062,Naik,0.48894515030990854,Turun (HOLD),0.47372153,Turun (HOLD)
2011-03-01,957.0594482421876,Naik,0.5214949722656065,Turun (HOLD),0.47895628,Turun (HOLD)
2011-03-02,964.4786376953124,Naik,0.5381941320615176,Turun (HOLD),0.5038508,Turun (HOLD)
2011-03-03,986.7359008789062,Naik,0.5053783337656099,Turun (HOLD),0.46128526,Turun (HOLD)
2011-03-04,1008.99267578125,Turun,0.5124519220527219,Turun (HOLD),0.4552191,Turun (HOLD)
2011-03-07,1023.8312377929688,Turun,0.5353325969473672,Turun (HOLD),0.49748537,Turun (HOLD)
2011-03-08,1016.4119262695312,Turun,0.5079980550641454,Turun (HOLD),0.45562115,Turun (HOLD)
2011-03-09,1016.4119262695312,Turun,0.5288753026118251,Turun (HOLD),0.47430438,Turun (HOLD)
2011-03-10,1023.8312377929688,Turun,0.5235050546895521,Turun (HOLD),0.47432917,Turun (HOLD)
2011-03-11,1008.99267578125,Turun,0.5494265021975648,Turun (HOLD),0.5247831,Turun (HOLD)
2011-03-14,1008.99267578125,Naik,0.4902428929329943,Turun (HOLD),0.5148891,Turun (HOLD)
2011-03-15,986.7359008789062,Naik,0.6188314194263417,Turun (HOLD),0.65828836,Naik (BUY)
2011-03-16,994.1546020507812,Naik,0.588012629619009,Turun (HOLD),0.64224714,Turun (HOLD)
2011-03-17,971.8976440429688,Naik,0.6428979820887278,Turun (HOLD),0.6876823,Naik (BUY)
2011-03-18,971.8976440429688,Naik,0.6216635461869915,Turun (HOLD),0.676603,Naik (BUY)
2011-03-21,994.1546020507812,Naik,0.5519258531048662,Turun (HOLD),0.57475126,Turun (HOLD)
2011-03-22,1001.5738525390624,Naik,0.5319944329175383,Turun (HOLD),0.53160816,Turun (HOLD)
2011-03-23,1008.99267578125,Turun,0.5365770993544342,Turun (HOLD),0.49106902,Turun (HOLD)
2011-03-24,1016.4119262695312,Naik,0.49225016457805687,Turun (HOLD),0.45868874,Turun (HOLD)
2011-03-25,1023.8312377929688,Naik,0.44467916900979326,Turun (HOLD),0.45182392,Turun (HOLD)
2011-03-28,1031.25048828125,Naik,0.4450882253920423,Turun (HOLD),0.4569414,Turun (HOLD)
2011-03-29,1031.25048828125,Naik,0.44615689144671344,Turun (HOLD),0.44385672,Turun (HOLD)
2011-03-30,1016.4119262695312,Turun,0.5342458424200237,Turun (HOLD),0.5372561,Turun (HOLD)
2011-03-31,1031.25048828125,Turun,0.4675044227907156,Turun (HOLD),0.45070016,Turun (HOLD)
2011-04-01,1053.5072021484375,Turun,0.39412125919566515,Turun (HOLD),0.41802514,Turun (HOLD)
2011-04-04,1038.6690673828125,Naik,0.49005337945279287,Turun (HOLD),0.46865165,Turun (HOLD)
2011-04-05,1038.6690673828125,Naik,0.5001392703177839,Turun (HOLD),0.47180972,Turun (HOLD)
2011-04-06,1031.25048828125,Naik,0.540881237435926,Turun (HOLD),0.52626216,Turun (HOLD)
2011-04-07,1046.088134765625,Naik,0.4652656358887228,Turun (HOLD),0.45282996,Turun (HOLD)
2011-04-08,1038.6690673828125,Naik,0.4914206838298804,Turun (HOLD),0.48273045,Turun (HOLD)
2011-04-11,1053.5072021484375,Naik,0.39131338784393366,Turun (HOLD),0.39109683,Turun (HOLD)
2011-04-12,1046.088134765625,Naik,0.4593447724528113,Turun (HOLD),0.43817592,Turun (HOLD)
2011-04-13,1060.9263916015625,Naik,0.3738704748462508,Turun (HOLD),0.38691634,Turun (HOLD)
2011-04-14,1060.9263916015625,Naik,0.38973215022166097,Turun (HOLD),0.40069616,Turun (HOLD)
2011-04-15,1083.18359375,Naik,0.3681112718230935,Turun (HOLD),0.40031523,Turun (HOLD)
2011-04-18,1098.021484375,Naik,0.35320769715481964,Turun (HOLD),0.3698557,Turun (HOLD)
2011-04-19,1105.44091796875,Turun,0.34565770663189327,Turun (HOLD),0.3619299,Turun (HOLD)
2011-04-20,1120.2791748046875,Naik,0.2888148457098182,Turun (HOLD),0.32956484,Turun (HOLD)
2011-04-21,1112.8594970703125,Turun,0.338805112105905,Turun (HOLD),0.35112405,Turun (HOLD)
2011-04-25,1112.8594970703125,Turun,0.35372945579637594,Turun (HOLD),0.37259683,Turun (HOLD)
2011-04-26,1120.2791748046875,Turun,0.34066403553756397,Turun (HOLD),0.3510082,Turun (HOLD)
2011-04-27,1112.8594970703125,Turun,0.3550663760127596,Turun (HOLD),0.39335987,Turun (HOLD)
2011-04-28,1127.69775390625,Turun,0.3442648149401598,Turun (HOLD),0.3533232,Turun (HOLD)
2011-04-29,1098.021484375,Turun,0.5364508561365412,Turun (HOLD),0.5477774,Turun (HOLD)
2011-05-02,1112.8594970703125,Turun,0.3844320494497296,Turun (HOLD),0.38537526,Turun (HOLD)
2011-05-03,1075.7645263671875,Turun,0.6190193520073898,Turun (HOLD),0.6155985,Turun (HOLD)
2011-05-04,1090.6025390625,Naik,0.4884936484254304,Turun (HOLD),0.5222584,Turun (HOLD)
2011-05-05,1060.9263916015625,Turun,0.5864065790227814,Turun (HOLD),0.6176083,Turun (HOLD)
2011-05-06,1083.18359375,Naik,0.4705851314243389,Turun (HOLD),0.5112549,Turun (HOLD)
2011-05-09,1068.3453369140625,Turun,0.5028941295244915,Turun (HOLD),0.566704,Turun (HOLD)
2011-05-10,1083.18359375,Turun,0.4586381991360933,Turun (HOLD),0.4986959,Turun (HOLD)
2011-05-11,1090.6025390625,Naik,0.444979037811601,Turun (HOLD),0.4730123,Turun (HOLD)
2011-05-12,1068.3453369140625,Turun,0.5530097132968678,Turun (HOLD),0.5935226,Turun (HOLD)
2011-05-13,1083.18359375,Naik,0.4584345936790841,Turun (HOLD),0.49877983,Turun (HOLD)
2011-05-16,1053.5072021484375,Turun,0.6130557960698729,Turun (HOLD),0.65760964,Naik (BUY)
2011-05-18,1060.9263916015625,Turun,0.5607986859586916,Turun (HOLD),0.6257462,Turun (HOLD)
2011-05-19,1075.7645263671875,Turun,0.4659392135405085,Turun (HOLD),0.51639867,Turun (HOLD)
2011-05-20,1083.18359375,Turun,0.45914199444734655,Turun (HOLD),0.5093317,Turun (HOLD)
2011-05-23,1060.9263916015625,Naik,0.5409718651554235,Turun (HOLD),0.5977379,Turun (HOLD)
2011-05-24,1046.088134765625,Turun,0.5861624320609186,Turun (HOLD),0.62998927,Turun (HOLD)
2011-05-25,1053.5072021484375,Turun,0.5722544377009536,Turun (HOLD),0.61396366,Turun (HOLD)
2011-05-26,1075.7645263671875,Turun,0.4850610334853205,Turun (HOLD),0.5415962,Turun (HOLD)
2011-05-27,1060.9263916015625,Naik,0.5063475850696149,Turun (HOLD),0.55509704,Turun (HOLD)
2011-05-30,1053.5072021484375,Naik,0.5638995654152742,Turun (HOLD),0.5876486,Turun (HOLD)
2011-05-31,1053.5072021484375,Turun,0.5312159242480206,Turun (HOLD),0.5751753,Turun (HOLD)
2011-06-01,1053.5072021484375,Turun,0.5656246304141389,Turun (HOLD),0.58952045,Turun (HOLD)
2011-06-03,1060.9263916015625,Turun,0.5026594807690823,Turun (HOLD),0.5459452,Turun (HOLD)
2011-06-06,1060.9263916015625,Turun,0.5069302746675897,Turun (HOLD),0.54882926,Turun (HOLD)
2011-06-07,1063.9234619140625,Turun,0.5147766163963932,Turun (HOLD),0.55667835,Turun (HOLD)
2011-06-08,1048.938232421875,Naik,0.5325043107043492,Turun (HOLD),0.58084863,Turun (HOLD)
2011-06-09,1048.938232421875,Naik,0.5414158058780993,Turun (HOLD),0.5832939,Turun (HOLD)
2011-06-10,1048.938232421875,Naik,0.5271272462680692,Turun (HOLD),0.57036716,Turun (HOLD)
2011-06-13,1048.938232421875,Naik,0.5284971437175113,Turun (HOLD),0.57080555,Turun (HOLD)
2011-06-14,1048.938232421875,Naik,0.518599056660066,Turun (HOLD),0.55737054,Turun (HOLD)
2011-06-15,1071.4154052734375,Naik,0.49463036423531853,Turun (HOLD),0.5348659,Turun (HOLD)
2011-06-16,1063.9234619140625,Naik,0.5092656050087497,Turun (HOLD),0.55098444,Turun (HOLD)
2011-06-17,1078.9080810546875,Naik,0.5237160084004293,Turun (HOLD),0.5421123,Turun (HOLD)
2011-06-20,1086.400390625,Naik,0.4957683532818177,Turun (HOLD),0.5344058,Turun (HOLD)
2011-06-21,1078.9080810546875,Naik,0.5297673139392702,Turun (HOLD),0.5432448,Turun (HOLD)
2011-06-22,1093.893310546875,Naik,0.5061130803722668,Turun (HOLD),0.5326229,Turun (HOLD)
2011-06-23,1108.877685546875,Naik,0.43173664627945435,Turun (HOLD),0.48580992,Turun (HOLD)
2011-06-24,1116.3702392578125,Naik,0.40810894621229143,Turun (HOLD),0.4685727,Turun (HOLD)
2011-06-27,1116.3702392578125,Naik,0.43622956823984327,Turun (HOLD),0.48443744,Turun (HOLD)
2011-06-28,1116.3702392578125,Naik,0.41685761686362144,Turun (HOLD),0.4768062,Turun (HOLD)
2011-06-30,1146.33984375,Turun,0.3969014243976035,Turun (HOLD),0.47266707,Turun (HOLD)
2011-07-01,1168.8173828125,Naik,0.381332883135173,Turun (HOLD),0.4447054,Turun (HOLD)
2011-07-04,1168.8173828125,Naik,0.38338514784271194,Turun (HOLD),0.4465465,Turun (HOLD)
2011-07-05,1176.3096923828125,Naik,0.388001294515055,Turun (HOLD),0.45236415,Turun (HOLD)
2011-07-06,1168.8173828125,Naik,0.3938212016133407,Turun (HOLD),0.46706423,Turun (HOLD)
2011-07-07,1168.8173828125,Turun,0.3967672905752633,Turun (HOLD),0.47035024,Turun (HOLD)
2011-07-08,1206.279052734375,Naik,0.3635760951836852,Turun (HOLD),0.39974293,Turun (HOLD)
2011-07-11,1206.279052734375,Naik,0.36646702134436726,Turun (HOLD),0.39693058,Turun (HOLD)
2011-07-12,1191.2940673828125,Naik,0.37622781054112425,Turun (HOLD),0.41939342,Turun (HOLD)
2011-07-13,1191.2940673828125,Turun,0.3958701995887296,Turun (HOLD),0.4542099,Turun (HOLD)
2011-07-14,1198.786865234375,Turun,0.3757996690072256,Turun (HOLD),0.407614,Turun (HOLD)
2011-07-15,1243.7412109375,Naik,0.37194352586595886,Turun (HOLD),0.40721822,Turun (HOLD)
2011-07-18,1221.2637939453125,Naik,0.3747743761838145,Turun (HOLD),0.40982327,Turun (HOLD)
2011-07-19,1198.786865234375,Naik,0.4924616231424805,Turun (HOLD),0.5180658,Turun (HOLD)
2011-07-20,1198.786865234375,Naik,0.48086599853440315,Turun (HOLD),0.53051966,Turun (HOLD)
2011-07-21,1213.771484375,Turun,0.37837026094772575,Turun (HOLD),0.4007093,Turun (HOLD)
2011-07-22,1236.2484130859375,Naik,0.36190291947839837,Turun (HOLD),0.40035677,Turun (HOLD)
2011-07-25,1221.2637939453125,Naik,0.4010290358112764,Turun (HOLD),0.41494247,Turun (HOLD)
2011-07-26,1243.7412109375,Naik,0.35532892290942497,Turun (HOLD),0.3975679,Turun (HOLD)
2011-07-27,1251.233642578125,Naik,0.3586296735745458,Turun (HOLD),0.3963822,Turun (HOLD)
2011-07-28,1228.75634765625,Naik,0.4472324648466022,Turun (HOLD),0.45039052,Turun (HOLD)
2011-07-29,1243.7412109375,Turun,0.37607286492833203,Turun (HOLD),0.39801514,Turun (HOLD)
2011-08-01,1281.203369140625,Turun,0.3472852729516416,Turun (HOLD),0.38241726,Turun (HOLD)
2011-08-02,1311.1729736328125,Turun,0.23955995906216482,Turun (HOLD),0.36843923,Turun (HOLD)
2011-08-03,1303.680419921875,Turun,0.2865384925662306,Turun (HOLD),0.35596257,Turun (HOLD)
2011-08-04,1288.695556640625,Turun,0.37149539608995497,Turun (HOLD),0.41166303,Turun (HOLD)
2011-08-05,1243.7412109375,Turun,0.6092751003219335,Turun (HOLD),0.5515273,Turun (HOLD)
2011-08-08,1206.279052734375,Naik,0.6019516996775822,Turun (HOLD),0.59906167,Turun (HOLD)
2011-08-09,1176.3096923828125,Naik,0.599118802606935,Turun (HOLD),0.608191,Turun (HOLD)
2011-08-10,1198.786865234375,Naik,0.5378432674701223,Turun (HOLD),0.587025,Turun (HOLD)
2011-08-11,1176.3096923828125,Naik,0.5952224064947452,Turun (HOLD),0.61180514,Turun (HOLD)
2011-08-12,1191.2940673828125,Turun,0.4690720868975324,Turun (HOLD),0.50822896,Turun (HOLD)
2011-08-15,1221.2637939453125,Turun,0.4426416416575785,Turun (HOLD),0.49031803,Turun (HOLD)
2011-08-16,1221.2637939453125,Turun,0.4658803733711487,Turun (HOLD),0.50469357,Turun (HOLD)
2011-08-18,1228.75634765625,Turun,0.45142194232963173,Turun (HOLD),0.49407336,Turun (HOLD)
2011-08-19,1198.786865234375,Naik,0.5701965178254379,Turun (HOLD),0.60517424,Turun (HOLD)
2011-08-22,1161.3243408203125,Naik,0.6295372169501403,Turun (HOLD),0.63445204,Turun (HOLD)
2011-08-23,1191.2940673828125,Naik,0.5176339370978911,Turun (HOLD),0.56677026,Turun (HOLD)
2011-08-24,1183.8021240234375,Naik,0.5691534455497879,Turun (HOLD),0.5903281,Turun (HOLD)
2011-08-25,1198.786865234375,Naik,0.4950240942782472,Turun (HOLD),0.51634246,Turun (HOLD)
2011-08-26,1198.786865234375,Naik,0.4785092895265041,Turun (HOLD),0.53095424,Turun (HOLD)
2011-09-05,1221.2637939453125,Turun,0.4675061410302817,Turun (HOLD),0.5058877,Turun (HOLD)
2011-09-06,1228.75634765625,Turun,0.46522782843584704,Turun (HOLD),0.4999776,Turun (HOLD)
2011-09-07,1251.233642578125,Turun,0.4321631818592127,Turun (HOLD),0.46148852,Turun (HOLD)
2011-09-08,1258.7259521484375,Turun,0.4315931512420736,Turun (HOLD),0.44836327,Turun (HOLD)
2011-09-09,1251.233642578125,Turun,0.43357505511943634,Turun (HOLD),0.46071965,Turun (HOLD)
2011-09-12,1206.279052734375,Turun,0.6473850327725423,Turun (HOLD),0.64086246,Turun (HOLD)
2011-09-13,1213.771484375,Naik,0.5931018545909678,Turun (HOLD),0.62888014,Turun (HOLD)
2011-09-14,1161.3243408203125,Turun,0.6534339033806079,Naik (BUY),0.6402363,Turun (HOLD)
2011-09-15,1183.8021240234375,Turun,0.5979264871859503,Turun (HOLD),0.62827855,Turun (HOLD)
2011-09-16,1183.8021240234375,Turun,0.5637786397277325,Turun (HOLD),0.5880934,Turun (HOLD)
2011-09-19,1176.3096923828125,Turun,0.5619268824477138,Turun (HOLD),0.5944577,Turun (HOLD)
2011-09-20,1191.2940673828125,Turun,0.5470977414260814,Turun (HOLD),0.55536854,Turun (HOLD)
2011-09-21,1161.3243408203125,Naik,0.633683862663956,Turun (HOLD),0.6381597,Turun (HOLD)
2011-09-22,1063.9234619140625,Naik,0.6387685015450918,Turun (HOLD),0.62849534,Turun (HOLD)
2011-09-23,1123.86279296875,Naik,0.5761779558727624,Turun (HOLD),0.61243796,Turun (HOLD)
2011-09-26,1101.38525390625,Turun,0.5828256650364644,Turun (HOLD),0.61087793,Turun (HOLD)
2011-09-27,1123.86279296875,Turun,0.5649851252346,Turun (HOLD),0.56466496,Turun (HOLD)
2011-09-28,1131.355224609375,Turun,0.5597144883927838,Turun (HOLD),0.5678609,Turun (HOLD)
2011-09-29,1146.33984375,Turun,0.5414333212647042,Turun (HOLD),0.561684,Turun (HOLD)
2011-09-30,1153.832275390625,Naik,0.5630428677571199,Turun (HOLD),0.57041824,Turun (HOLD)
2011-10-03,1101.38525390625,Naik,0.6268139458304433,Turun (HOLD),0.62161916,Turun (HOLD)
2011-10-04,1078.9080810546875,Naik,0.5865948933531386,Turun (HOLD),0.61026603,Turun (HOLD)
2011-10-05,1093.893310546875,Naik,0.5806746906377005,Turun (HOLD),0.60363287,Turun (HOLD)
2011-10-06,1123.86279296875,Naik,0.546161241352125,Turun (HOLD),0.56365925,Turun (HOLD)
2011-10-07,1116.3702392578125,Naik,0.5337348675145496,Turun (HOLD),0.55740076,Turun (HOLD)
2011-10-10,1123.86279296875,Naik,0.5622669760823983,Turun (HOLD),0.56875503,Turun (HOLD)
2011-10-11,1161.3243408203125,Turun,0.5154596155933755,Turun (HOLD),0.548599,Turun (HOLD)
2011-10-12,1191.2940673828125,Turun,0.5381071070035831,Turun (HOLD),0.543791,Turun (HOLD)
2011-10-13,1198.786865234375,Turun,0.5276903589142317,Turun (HOLD),0.5404881,Turun (HOLD)
2011-10-14,1191.2940673828125,Turun,0.5254918017733973,Turun (HOLD),0.52786815,Turun (HOLD)
2011-10-17,1206.279052734375,Naik,0.5427881780905541,Turun (HOLD),0.5479386,Turun (HOLD)
2011-10-18,1161.3243408203125,Naik,0.6444355893841045,Turun (HOLD),0.6318714,Turun (HOLD)
2011-10-19,1176.3096923828125,Naik,0.5951940486206564,Turun (HOLD),0.6083824,Turun (HOLD)
2011-10-20,1146.33984375,Naik,0.61507000707769,Turun (HOLD),0.6300161,Turun (HOLD)
2011-10-21,1146.33984375,Naik,0.5870040184858485,Turun (HOLD),0.618933,Turun (HOLD)
2011-10-24,1191.2940673828125,Naik,0.5531420110107707,Turun (HOLD),0.54948723,Turun (HOLD)
2011-10-25,1198.786865234375,Turun,0.5204011020767411,Turun (HOLD),0.5303915,Turun (HOLD)
2011-10-26,1198.786865234375,Turun,0.5261017828119666,Turun (HOLD),0.528711,Turun (HOLD)
2011-10-27,1191.2940673828125,Turun,0.5422103388588446,Turun (HOLD),0.5433214,Turun (HOLD)
2011-10-28,1198.786865234375,Turun,0.541013878242725,Turun (HOLD),0.542637,Turun (HOLD)
2011-10-31,1213.771484375,Naik,0.5338352501651974,Turun (HOLD),0.5451266,Turun (HOLD)
2011-11-01,1183.8021240234375,Naik,0.6094151336240321,Turun (HOLD),0.6279993,Turun (HOLD)
2011-11-02,1191.2940673828125,Naik,0.5488796766959134,Turun (HOLD),0.5767476,Turun (HOLD)
2011-11-03,1168.8173828125,Naik,0.6032910807931967,Turun (HOLD),0.62688214,Turun (HOLD)
2011-11-04,1198.786865234375,Naik,0.5491031165980341,Turun (HOLD),0.5457805,Turun (HOLD)
2011-11-07,1191.2940673828125,Naik,0.5673829361301029,Turun (HOLD),0.5634656,Turun (HOLD)
2011-11-08,1228.75634765625,Turun,0.5217049854722465,Turun (HOLD),0.50904065,Turun (HOLD)
2011-11-09,1243.7412109375,Turun,0.5075842865394915,Turun (HOLD),0.49919128,Turun (HOLD)
2011-11-10,1221.2637939453125,Turun,0.5133128022261476,Turun (HOLD),0.50109816,Turun (HOLD)
2011-11-11,1221.2637939453125,Turun,0.5198206894798907,Turun (HOLD),0.5114307,Turun (HOLD)
2011-11-14,1236.2484130859375,Turun,0.5086569477425424,Turun (HOLD),0.49879673,Turun (HOLD)
2011-11-15,1221.2637939453125,Turun,0.5229303279142864,Turun (HOLD),0.5298232,Turun (HOLD)
2011-11-16,1206.279052734375,Turun,0.6053168259577514,Turun (HOLD),0.63100195,Turun (HOLD)
2011-11-17,1206.279052734375,Turun,0.5983904805108338,Turun (HOLD),0.616836,Turun (HOLD)
2011-11-18,1176.3096923828125,Turun,0.6170667080819566,Turun (HOLD),0.6309941,Turun (HOLD)
2011-11-21,1161.3243408203125,Turun,0.6040262349847201,Turun (HOLD),0.62731445,Turun (HOLD)
2011-11-22,1168.8173828125,Turun,0.6020801076852194,Turun (HOLD),0.6293213,Turun (HOLD)
2011-11-23,1153.832275390625,Naik,0.6017493942069001,Turun (HOLD),0.62794286,Turun (HOLD)
2011-11-24,1146.33984375,Naik,0.5995906721361167,Turun (HOLD),0.6235542,Turun (HOLD)
2011-11-25,1116.3702392578125,Naik,0.6016064717475959,Turun (HOLD),0.62204677,Turun (HOLD)
2011-11-28,1131.355224609375,Naik,0.5967737132618085,Turun (HOLD),0.62269694,Turun (HOLD)
2011-11-29,1153.832275390625,Turun,0.560011413283246,Turun (HOLD),0.56163955,Turun (HOLD)
2011-11-30,1183.8021240234375,Naik,0.5510366250725158,Turun (HOLD),0.56300336,Turun (HOLD)
2011-12-01,1183.8021240234375,Turun,0.5403867228567704,Turun (HOLD),0.5555098,Turun (HOLD)
2011-12-02,1198.786865234375,Turun,0.5253656035595674,Turun (HOLD),0.5332549,Turun (HOLD)
2011-12-05,1206.279052734375,Naik,0.5108815849978126,Turun (HOLD),0.50189096,Turun (HOLD)
2011-12-06,1183.8021240234375,Turun,0.564575951276164,Turun (HOLD),0.5919578,Turun (HOLD)
2011-12-07,1212.9580078125,Turun,0.5119991382136658,Turun (HOLD),0.5066055,Turun (HOLD)
2011-12-08,1197.89013671875,Turun,0.5328071799639393,Turun (HOLD),0.5646114,Turun (HOLD)
2011-12-09,1190.356689453125,Turun,0.5492907519411803,Turun (HOLD),0.58199126,Turun (HOLD)
2011-12-12,1205.4241943359375,Naik,0.5157104845745051,Turun (HOLD),0.5101504,Turun (HOLD)
2011-12-13,1182.82275390625,Turun,0.61441504658533,Turun (HOLD),0.63249683,Turun (HOLD)
2011-12-14,1190.356689453125,Naik,0.5852755445689265,Turun (HOLD),0.5978609,Turun (HOLD)
2011-12-15,1175.288818359375,Turun,0.6212827861498692,Turun (HOLD),0.64124066,Turun (HOLD)
2011-12-16,1205.4241943359375,Naik,0.5491801842168519,Turun (HOLD),0.5379359,Turun (HOLD)
2011-12-19,1205.4241943359375,Naik,0.5203273510386907,Turun (HOLD),0.52301896,Turun (HOLD)
2011-12-20,1190.356689453125,Turun,0.5650947680673897,Turun (HOLD),0.59201896,Turun (HOLD)
2011-12-21,1197.89013671875,Naik,0.5390184512166761,Turun (HOLD),0.55694276,Turun (HOLD)
2011-12-22,1197.89013671875,Turun,0.5397536107930758,Turun (HOLD),0.552786,Turun (HOLD)
2011-12-23,1212.9580078125,Turun,0.5279787017245592,Turun (HOLD),0.5186868,Turun (HOLD)
2011-12-27,1205.4241943359375,Naik,0.539174821191586,Turun (HOLD),0.5524934,Turun (HOLD)
2011-12-28,1197.89013671875,Naik,0.5519849952761189,Turun (HOLD),0.57606506,Turun (HOLD)
2011-12-29,1212.9580078125,Naik,0.5302867994465386,Turun (HOLD),0.5270992,Turun (HOLD)
2011-12-30,1205.4241943359375,Turun,0.5518542494496014,Turun (HOLD),0.5660005,Turun (HOLD)
2012-01-02,1205.4241943359375,Naik,0.5447899461565516,Turun (HOLD),0.56050766,Turun (HOLD)
2012-01-03,1220.4918212890625,Naik,0.5191088527472342,Turun (HOLD),0.5299542,Turun (HOLD)
2012-01-04,1220.4918212890625,Naik,0.5450518789680523,Turun (HOLD),0.5423888,Turun (HOLD)
2012-01-05,1212.9580078125,Naik,0.5667429167101541,Turun (HOLD),0.5543624,Turun (HOLD)
2012-01-06,1205.4241943359375,Turun,0.5957178263579201,Turun (HOLD),0.6070667,Turun (HOLD)
2012-01-09,1228.0257568359375,Turun,0.5092942939733133,Turun (HOLD),0.49817201,Turun (HOLD)
2012-01-10,1228.0257568359375,Turun,0.5558303287707805,Turun (HOLD),0.5218092,Turun (HOLD)
2012-01-11,1220.4918212890625,Turun,0.5533352241341929,Turun (HOLD),0.54735667,Turun (HOLD)
2012-01-12,1228.0257568359375,Turun,0.5599981549902363,Turun (HOLD),0.5350771,Turun (HOLD)
2012-01-13,1205.4241943359375,Naik,0.6230556695810398,Turun (HOLD),0.64315224,Turun (HOLD)
2012-01-16,1197.89013671875,Naik,0.5943207986941862,Turun (HOLD),0.62596005,Turun (HOLD)
2012-01-17,1197.89013671875,Naik,0.5894957463280318,Turun (HOLD),0.6113441,Turun (HOLD)
2012-01-18,1197.89013671875,Naik,0.5638093550785576,Turun (HOLD),0.59453154,Turun (HOLD)
2012-01-19,1205.4241943359375,Naik,0.5491636657343852,Turun (HOLD),0.5663057,Turun (HOLD)
2012-01-20,1205.4241943359375,Turun,0.5521385892589146,Turun (HOLD),0.5660247,Turun (HOLD)
2012-01-24,1220.4918212890625,Turun,0.5228325496199379,Turun (HOLD),0.52960175,Turun (HOLD)
2012-01-25,1212.9580078125,Turun,0.5410804873788437,Turun (HOLD),0.5563749,Turun (HOLD)
2012-01-26,1228.0257568359375,Turun,0.5192030812734983,Turun (HOLD),0.51863354,Turun (HOLD)
2012-01-27,1220.4918212890625,Naik,0.557221587707073,Turun (HOLD),0.54674184,Turun (HOLD)
2012-01-30,1197.89013671875,Naik,0.6006824749231952,Turun (HOLD),0.6200879,Turun (HOLD)
2012-01-31,1205.4241943359375,Turun,0.5925966994092714,Turun (HOLD),0.60520625,Turun (HOLD)
2012-02-01,1205.4241943359375,Turun,0.5525349066533435,Turun (HOLD),0.5815651,Turun (HOLD)
2012-02-02,1220.4918212890625,Turun,0.526855416952323,Turun (HOLD),0.5333144,Turun (HOLD)
2012-02-03,1212.9580078125,Turun,0.5406586732367505,Turun (HOLD),0.5565621,Turun (HOLD)
2012-02-06,1212.9580078125,Turun,0.5276774649483498,Turun (HOLD),0.54533565,Turun (HOLD)
2012-02-07,1190.356689453125,Turun,0.6064116649062952,Turun (HOLD),0.6138763,Turun (HOLD)
2012-02-08,1190.356689453125,Turun,0.5838712318755177,Turun (HOLD),0.61452466,Turun (HOLD)
2012-02-09,1190.356689453125,Turun,0.5655316722324948,Turun (HOLD),0.58524704,Turun (HOLD)
2012-02-10,1137.619384765625,Turun,0.630618775305011,Turun (HOLD),0.6210322,Turun (HOLD)
2012-02-13,1145.1529541015625,Naik,0.5812279018924256,Turun (HOLD),0.6189161,Turun (HOLD)
2012-02-14,1115.0172119140625,Naik,0.6146628346842672,Turun (HOLD),0.6299994,Turun (HOLD)
2012-02-15,1099.949951171875,Naik,0.5803891397677429,Turun (HOLD),0.61850464,Turun (HOLD)
2012-02-16,1107.4835205078125,Naik,0.587222883475561,Turun (HOLD),0.61909825,Turun (HOLD)
2012-02-17,1122.551513671875,Turun,0.5295996548259982,Turun (HOLD),0.55631256,Turun (HOLD)
2012-02-20,1122.551513671875,Turun,0.5170804171987932,Turun (HOLD),0.55206996,Turun (HOLD)
2012-02-21,1137.619384765625,Turun,0.525318200312038,Turun (HOLD),0.54734546,Turun (HOLD)
2012-02-22,1137.619384765625,Naik,0.5348682771085039,Turun (HOLD),0.5562759,Turun (HOLD)
2012-02-23,1130.0853271484375,Naik,0.5555804423124298,Turun (HOLD),0.5674943,Turun (HOLD)
2012-02-24,1122.551513671875,Naik,0.5483454791814896,Turun (HOLD),0.58913904,Turun (HOLD)
2012-02-27,1115.0172119140625,Naik,0.5744050911925365,Turun (HOLD),0.6165983,Turun (HOLD)
2012-02-28,1122.551513671875,Naik,0.5716228139198795,Turun (HOLD),0.59126776,Turun (HOLD)
2012-02-29,1145.1529541015625,Turun,0.5153381466591721,Turun (HOLD),0.5447946,Turun (HOLD)
2012-03-01,1152.6868896484375,Turun,0.5246727424927049,Turun (HOLD),0.5496877,Turun (HOLD)
2012-03-02,1167.7545166015625,Turun,0.5204019591695443,Turun (HOLD),0.5306552,Turun (HOLD)
2012-03-05,1160.2208251953125,Turun,0.5274937391348549,Turun (HOLD),0.5492218,Turun (HOLD)
2012-03-06,1160.2208251953125,Naik,0.5395243977159069,Turun (HOLD),0.55696744,Turun (HOLD)
2012-03-07,1130.0853271484375,Naik,0.6325758974004276,Turun (HOLD),0.6465205,Turun (HOLD)
2012-03-08,1137.619384765625,Naik,0.6109751551796658,Turun (HOLD),0.6369324,Turun (HOLD)
2012-03-09,1130.0853271484375,Naik,0.6004391642525538,Turun (HOLD),0.6302317,Turun (HOLD)
2012-03-12,1160.2208251953125,Naik,0.5437276949745904,Turun (HOLD),0.5593568,Turun (HOLD)
2012-03-13,1152.6868896484375,Naik,0.5403031672573203,Turun (HOLD),0.5637967,Turun (HOLD)
2012-03-14,1182.82275390625,Naik,0.4517591179180108,Turun (HOLD),0.48001632,Turun (HOLD)
2012-03-15,1175.288818359375,Naik,0.5350382132490016,Turun (HOLD),0.50414646,Turun (HOLD)
2012-03-16,1190.356689453125,Naik,0.5109354931708907,Turun (HOLD),0.49449483,Turun (HOLD)
2012-03-19,1197.89013671875,Naik,0.5048629529658644,Turun (HOLD),0.4856847,Turun (HOLD)
2012-03-20,1205.4241943359375,Naik,0.4895874900588898,Turun (HOLD),0.46990722,Turun (HOLD)
2012-03-21,1190.356689453125,Naik,0.4757741285438028,Turun (HOLD),0.4854891,Turun (HOLD)
2012-03-22,1197.89013671875,Turun,0.5070279145176763,Turun (HOLD),0.48411292,Turun (HOLD)
2012-03-26,1205.4241943359375,Turun,0.512230717461792,Turun (HOLD),0.48850507,Turun (HOLD)
2012-03-27,1220.4918212890625,Turun,0.4915345703430712,Turun (HOLD),0.4692809,Turun (HOLD)
2012-03-28,1220.4918212890625,Turun,0.5014384189218298,Turun (HOLD),0.47725287,Turun (HOLD)
2012-03-29,1212.9580078125,Turun,0.4994437039833414,Turun (HOLD),0.4781731,Turun (HOLD)
2012-03-30,1205.4241943359375,Turun,0.5168977154414726,Turun (HOLD),0.5136762,Turun (HOLD)
2012-04-02,1212.9580078125,Turun,0.48374895742971186,Turun (HOLD),0.46401408,Turun (HOLD)
2012-04-03,1212.9580078125,Naik,0.4850436645128269,Turun (HOLD),0.46550217,Turun (HOLD)
2012-04-04,1167.7545166015625,Naik,0.6594088507375565,Naik (BUY),0.6239363,Turun (HOLD)
2012-04-05,1197.89013671875,Turun,0.5178025395631486,Turun (HOLD),0.49326843,Turun (HOLD)
2012-04-09,1197.89013671875,Turun,0.5090854724726818,Turun (HOLD),0.48712108,Turun (HOLD)
2012-04-10,1190.356689453125,Turun,0.5413852583964626,Turun (HOLD),0.5276964,Turun (HOLD)
2012-04-11,1190.356689453125,Turun,0.5372457673390771,Turun (HOLD),0.5134665,Turun (HOLD)
2012-04-12,1205.4241943359375,Turun,0.4815541455823574,Turun (HOLD),0.47206742,Turun (HOLD)
2012-04-13,1197.89013671875,Naik,0.524490127326319,Turun (HOLD),0.5000259,Turun (HOLD)
2012-04-16,1182.82275390625,Naik,0.5878849507664854,Turun (HOLD),0.5851651,Turun (HOLD)
2012-04-17,1190.356689453125,Naik,0.5320477969049298,Turun (HOLD),0.51191926,Turun (HOLD)
2012-04-18,1190.356689453125,Turun,0.5337323897690012,Turun (HOLD),0.51446474,Turun (HOLD)
2012-04-19,1197.89013671875,Turun,0.5198643483023736,Turun (HOLD),0.49440366,Turun (HOLD)
2012-04-20,1205.4241943359375,Turun,0.48830372790230425,Turun (HOLD),0.47707576,Turun (HOLD)
2012-04-23,1205.4241943359375,Turun,0.49875168107895185,Turun (HOLD),0.48476556,Turun (HOLD)
2012-04-24,1205.4241943359375,Naik,0.49898964507796695,Turun (HOLD),0.48357967,Turun (HOLD)
2012-04-25,1197.89013671875,Turun,0.533736807809391,Turun (HOLD),0.52184385,Turun (HOLD)
2012-04-26,1205.4241943359375,Naik,0.49572083636256215,Turun (HOLD),0.48143455,Turun (HOLD)
2012-04-27,1182.82275390625,Naik,0.6324126311151589,Turun (HOLD),0.6195477,Turun (HOLD)
2012-04-30,1205.4241943359375,Turun,0.5105676651876854,Turun (HOLD),0.48547417,Turun (HOLD)
2012-05-01,1205.4241943359375,Turun,0.5027230645011099,Turun (HOLD),0.48016927,Turun (HOLD)
2012-05-02,1205.4241943359375,Turun,0.5074640352320705,Turun (HOLD),0.4833536,Turun (HOLD)
2012-05-03,1212.9580078125,Turun,0.4661199468812157,Turun (HOLD),0.44946086,Turun (HOLD)
2012-05-04,1212.9580078125,Turun,0.4783518827558978,Turun (HOLD),0.45703527,Turun (HOLD)
2012-05-07,1205.4241943359375,Turun,0.49084592412209094,Turun (HOLD),0.49649227,Turun (HOLD)
2012-05-08,1205.4241943359375,Turun,0.5200832512258747,Turun (HOLD),0.5112977,Turun (HOLD)
2012-05-09,1205.4241943359375,Turun,0.5206972634857053,Turun (HOLD),0.5111604,Turun (HOLD)
2012-05-10,1205.4241943359375,Turun,0.5262210766778491,Turun (HOLD),0.50947165,Turun (HOLD)
2012-05-11,1205.4241943359375,Turun,0.5162453292563212,Turun (HOLD),0.49734807,Turun (HOLD)
2012-05-14,1167.7545166015625,Turun,0.6899030913248922,Naik (BUY),0.64389485,Turun (HOLD)
2012-05-15,1175.288818359375,Turun,0.6542874913894234,Naik (BUY),0.62443024,Turun (HOLD)
2012-05-16,1137.619384765625,Turun,0.7164080674097182,Naik (BUY),0.6547979,Naik (BUY)
2012-05-21,1099.949951171875,Turun,0.6602236403178778,Naik (BUY),0.6095343,Turun (HOLD)
2012-05-22,1122.551513671875,Turun,0.6808513658277849,Naik (BUY),0.64421874,Turun (HOLD)
2012-05-23,1122.551513671875,Turun,0.6455547226247498,Turun (HOLD),0.5983757,Turun (HOLD)
2012-05-24,1122.551513671875,Turun,0.578597783124587,Turun (HOLD),0.5247521,Turun (HOLD)
2012-05-25,1092.4156494140625,Turun,0.6862827588790765,Naik (BUY),0.6371729,Turun (HOLD)
2012-05-28,1092.4156494140625,Turun,0.6912312078378573,Naik (BUY),0.647996,Turun (HOLD)
2012-05-29,1092.4156494140625,Turun,0.6726987219387803,Naik (BUY),0.63659567,Turun (HOLD)
2012-05-30,1099.949951171875,Naik,0.6120033281377083,Turun (HOLD),0.5358297,Turun (HOLD)
2012-05-31,1054.745849609375,Naik,0.688126568155876,Naik (BUY),0.64621246,Turun (HOLD)
2012-06-01,1069.8140869140625,Naik,0.6702005348893926,Naik (BUY),0.6356236,Turun (HOLD)
2012-06-04,1039.678466796875,Naik,0.676301699894468,Naik (BUY),0.6455767,Turun (HOLD)
2012-06-05,1062.280029296875,Naik,0.6050390171504266,Turun (HOLD),0.5514468,Turun (HOLD)
2012-06-06,1084.8817138671875,Naik,0.5284742250336093,Turun (HOLD),0.512369,Turun (HOLD)
2012-06-07,1084.8817138671875,Naik,0.5556264051741512,Turun (HOLD),0.52789736,Turun (HOLD)
2012-06-08,1062.280029296875,Turun,0.5775416016227641,Turun (HOLD),0.5490525,Turun (HOLD)
2012-06-11,1095.76171875,Naik,0.5354962431926709,Turun (HOLD),0.5150307,Turun (HOLD)
2012-06-12,1088.1519775390625,Naik,0.5770033753010185,Turun (HOLD),0.5248067,Turun (HOLD)
2012-06-13,1088.1519775390625,Naik,0.5869354313961883,Turun (HOLD),0.5335544,Turun (HOLD)
2012-06-14,1088.1519775390625,Naik,0.6172957585187554,Turun (HOLD),0.5467973,Turun (HOLD)
2012-06-15,1080.5428466796875,Turun,0.6135835664413104,Turun (HOLD),0.56612444,Turun (HOLD)
2012-06-18,1110.98095703125,Turun,0.5312496197347909,Turun (HOLD),0.5204762,Turun (HOLD)
2012-06-19,1133.8089599609375,Turun,0.4622102569223572,Turun (HOLD),0.47737962,Turun (HOLD)
2012-06-20,1141.4185791015625,Naik,0.4628088833124666,Turun (HOLD),0.46733847,Turun (HOLD)
2012-06-21,1118.590087890625,Naik,0.5430665824279158,Turun (HOLD),0.5257034,Turun (HOLD)
2012-06-22,1103.37109375,Naik,0.6524618318471479,Naik (BUY),0.63118947,Turun (HOLD)
2012-06-25,1103.37109375,Naik,0.6854384768686069,Naik (BUY),0.6508608,Naik (BUY)
2012-06-26,1118.590087890625,Naik,0.5524187953255715,Turun (HOLD),0.52200294,Turun (HOLD)
2012-06-27,1133.8089599609375,Turun,0.512483096876518,Turun (HOLD),0.48638532,Turun (HOLD)
2012-06-28,1110.98095703125,Naik,0.5845762536624951,Turun (HOLD),0.5555998,Turun (HOLD)
2012-06-29,1110.98095703125,Naik,0.5971044956848479,Turun (HOLD),0.5589227,Turun (HOLD)
2012-07-02,1118.590087890625,Turun,0.5580193680458078,Turun (HOLD),0.53154886,Turun (HOLD)
2012-07-03,1141.4185791015625,Turun,0.5000499480353254,Turun (HOLD),0.4750767,Turun (HOLD)
2012-07-04,1133.8089599609375,Turun,0.502943464334812,Turun (HOLD),0.49182266,Turun (HOLD)
2012-07-05,1126.1993408203125,Naik,0.530607576616194,Turun (HOLD),0.5116017,Turun (HOLD)
2012-07-06,1126.1993408203125,Naik,0.5393878711934947,Turun (HOLD),0.51334685,Turun (HOLD)
2012-07-09,1110.98095703125,Naik,0.6632201530976631,Naik (BUY),0.6548664,Naik (BUY)
2012-07-10,1118.590087890625,Naik,0.558232670175286,Turun (HOLD),0.5294986,Turun (HOLD)
2012-07-11,1118.590087890625,Naik,0.5591044984775159,Turun (HOLD),0.5193695,Turun (HOLD)
2012-07-12,1133.8089599609375,Naik,0.5076516596141233,Turun (HOLD),0.48553127,Turun (HOLD)
2012-07-13,1133.8089599609375,Naik,0.5201319581887522,Turun (HOLD),0.49231324,Turun (HOLD)
2012-07-16,1156.6373291015625,Turun,0.4969271394912547,Turun (HOLD),0.4877716,Turun (HOLD)
2012-07-17,1179.4654541015625,Turun,0.47636637397710063,Turun (HOLD),0.46584713,Turun (HOLD)
2012-07-18,1179.4654541015625,Turun,0.47994422346763416,Turun (HOLD),0.46302104,Turun (HOLD)
2012-07-19,1187.0753173828125,Turun,0.4818870719941002,Turun (HOLD),0.4691854,Turun (HOLD)
2012-07-20,1194.684814453125,Naik,0.4721513331526345,Turun (HOLD),0.45628193,Turun (HOLD)
2012-07-23,1179.4654541015625,Naik,0.4957791676471996,Turun (HOLD),0.48328367,Turun (HOLD)
2012-07-24,1164.246826171875,Naik,0.583842880106058,Turun (HOLD),0.58480626,Turun (HOLD)
2012-07-25,1149.0281982421875,Naik,0.6390417692488183,Turun (HOLD),0.62680024,Turun (HOLD)
2012-07-26,1171.856201171875,Turun,0.5075152201315098,Turun (HOLD),0.4584032,Turun (HOLD)
2012-07-27,1217.512939453125,Turun,0.4835325682307499,Turun (HOLD),0.47253245,Turun (HOLD)
2012-07-30,1209.9033203125,Turun,0.48136422353488145,Turun (HOLD),0.46288493,Turun (HOLD)
2012-07-31,1217.512939453125,Turun,0.48484394791897534,Turun (HOLD),0.46187994,Turun (HOLD)
2012-08-01,1209.9033203125,Turun,0.4973421447865531,Turun (HOLD),0.45823452,Turun (HOLD)
2012-08-02,1194.684814453125,Naik,0.5657666668491876,Turun (HOLD),0.56637,Turun (HOLD)
2012-08-03,1171.856201171875,Naik,0.6130008966218896,Turun (HOLD),0.59573865,Turun (HOLD)
2012-08-06,1171.856201171875,Naik,0.6005587350950062,Turun (HOLD),0.5902785,Turun (HOLD)
2012-08-07,1187.0753173828125,Naik,0.4806728939926932,Turun (HOLD),0.44744197,Turun (HOLD)
2012-08-08,1194.684814453125,Turun,0.4906074185337213,Turun (HOLD),0.45392537,Turun (HOLD)
2012-08-09,1217.512939453125,Naik,0.48442472111120394,Turun (HOLD),0.46452603,Turun (HOLD)
2012-08-10,1209.9033203125,Turun,0.4900777777403432,Turun (HOLD),0.45453277,Turun (HOLD)
2012-08-13,1202.2943115234375,Turun,0.5072271100563005,Turun (HOLD),0.4661007,Turun (HOLD)
2012-08-14,1202.2943115234375,Turun,0.5096647795187356,Turun (HOLD),0.47718453,Turun (HOLD)
2012-08-15,1209.9033203125,Turun,0.4941590627170009,Turun (HOLD),0.45781538,Turun (HOLD)
2012-08-16,1225.1224365234375,Turun,0.509200063018041,Turun (HOLD),0.46211076,Turun (HOLD)
2012-08-23,1202.2943115234375,Turun,0.508322754483739,Turun (HOLD),0.4942033,Turun (HOLD)
2012-08-24,1187.0753173828125,Turun,0.6021747053447912,Turun (HOLD),0.58903897,Turun (HOLD)
2012-08-27,1202.2943115234375,Naik,0.5068999001336184,Turun (HOLD),0.47595263,Turun (HOLD)
2012-08-28,1202.2943115234375,Naik,0.5068842595667883,Turun (HOLD),0.47174823,Turun (HOLD)
2012-08-29,1179.4654541015625,Naik,0.6368639921715801,Turun (HOLD),0.62052536,Turun (HOLD)
2012-08-30,1187.0753173828125,Naik,0.5463232221645792,Turun (HOLD),0.501579,Turun (HOLD)
2012-08-31,1179.4654541015625,Naik,0.6015377662961225,Turun (HOLD),0.5899879,Turun (HOLD)
2012-09-03,1209.9033203125,Naik,0.4944180837049113,Turun (HOLD),0.45655513,Turun (HOLD)
2012-09-04,1202.2943115234375,Naik,0.5108801576269563,Turun (HOLD),0.46189398,Turun (HOLD)
2012-09-05,1194.684814453125,Naik,0.5179747285574687,Turun (HOLD),0.4769807,Turun (HOLD)
2012-09-06,1209.9033203125,Turun,0.4791292287579159,Turun (HOLD),0.4465174,Turun (HOLD)
2012-09-07,1225.1224365234375,Naik,0.4806243472253777,Turun (HOLD),0.4542153,Turun (HOLD)
2012-09-10,1209.9033203125,Turun,0.46234830617545425,Turun (HOLD),0.45659217,Turun (HOLD)
2012-09-11,1225.1224365234375,Turun,0.47954434371857124,Turun (HOLD),0.4532603,Turun (HOLD)
2012-09-12,1217.512939453125,Turun,0.48063490138627435,Turun (HOLD),0.45314303,Turun (HOLD)
2012-09-13,1202.2943115234375,Turun,0.6031562727494431,Turun (HOLD),0.61622655,Turun (HOLD)
2012-09-14,1225.1224365234375,Turun,0.46432298874320616,Turun (HOLD),0.43993118,Turun (HOLD)
2012-09-17,1217.512939453125,Turun,0.474148785327979,Turun (HOLD),0.45142224,Turun (HOLD)
2012-09-18,1202.2943115234375,Turun,0.5560164294752528,Turun (HOLD),0.5748433,Turun (HOLD)
2012-09-19,1194.684814453125,Turun,0.6266081769327378,Turun (HOLD),0.6211485,Turun (HOLD)
2012-09-20,1217.512939453125,Turun,0.48474079465892717,Turun (HOLD),0.4520637,Turun (HOLD)
2012-09-21,1209.9033203125,Turun,0.5087208068752866,Turun (HOLD),0.49602288,Turun (HOLD)
2012-09-24,1202.2943115234375,Turun,0.5450263270802947,Turun (HOLD),0.51752764,Turun (HOLD)
2012-09-25,1194.684814453125,Naik,0.5805886855276625,Turun (HOLD),0.5730604,Turun (HOLD)
2012-09-26,1187.0753173828125,Turun,0.6332844465348884,Turun (HOLD),0.62301975,Turun (HOLD)
2012-09-27,1202.2943115234375,Turun,0.45688007317077,Turun (HOLD),0.48826993,Turun (HOLD)
2012-09-28,1202.2943115234375,Turun,0.45557932001997287,Turun (HOLD),0.49383783,Turun (HOLD)
2012-10-01,1194.684814453125,Turun,0.46684112148186085,Turun (HOLD),0.49854904,Turun (HOLD)
2012-10-02,1202.2943115234375,Naik,0.43485959890264525,Turun (HOLD),0.48268268,Turun (HOLD)
2012-10-03,1194.684814453125,Naik,0.47213132338035463,Turun (HOLD),0.5119952,Turun (HOLD)
2012-10-04,1202.2943115234375,Naik,0.436477640425419,Turun (HOLD),0.48334506,Turun (HOLD)
2012-10-05,1194.684814453125,Naik,0.4590711928618759,Turun (HOLD),0.50191134,Turun (HOLD)
2012-10-08,1202.2943115234375,Naik,0.42404685654810415,Turun (HOLD),0.4961847,Turun (HOLD)
2012-10-09,1209.9033203125,Naik,0.4023439762159571,Turun (HOLD),0.47477737,Turun (HOLD)
2012-10-10,1209.9033203125,Naik,0.4138313964284641,Turun (HOLD),0.48308623,Turun (HOLD)
2012-10-11,1217.512939453125,Naik,0.38296313896301526,Turun (HOLD),0.46285868,Turun (HOLD)
2012-10-12,1240.3411865234375,Naik,0.3689598764715469,Turun (HOLD),0.44815162,Turun (HOLD)
2012-10-15,1225.1224365234375,Turun,0.42775197393816045,Turun (HOLD),0.49319848,Turun (HOLD)
2012-10-16,1240.3411865234375,Naik,0.37275457949522456,Turun (HOLD),0.44282156,Turun (HOLD)
2012-10-17,1240.3411865234375,Turun,0.38918618633098295,Turun (HOLD),0.4557235,Turun (HOLD)
2012-10-18,1247.95068359375,Turun,0.3768241641526338,Turun (HOLD),0.4480105,Turun (HOLD)
2012-10-19,1240.3411865234375,Turun,0.3806284606532756,Turun (HOLD),0.4532224,Turun (HOLD)
2012-10-22,1232.731689453125,Turun,0.4086125519186734,Turun (HOLD),0.50090855,Turun (HOLD)
2012-10-23,1247.95068359375,Turun,0.3765229172995928,Turun (HOLD),0.45019665,Turun (HOLD)
2012-10-24,1247.95068359375,Naik,0.39614866013869726,Turun (HOLD),0.47007263,Turun (HOLD)
2012-10-25,1240.3411865234375,Naik,0.3951821293298479,Turun (HOLD),0.48661992,Turun (HOLD)
2012-10-29,1232.731689453125,Naik,0.43612922471536436,Turun (HOLD),0.52094793,Turun (HOLD)
2012-10-30,1247.95068359375,Naik,0.3735151005839072,Turun (HOLD),0.44859338,Turun (HOLD)
2012-10-31,1247.95068359375,Naik,0.38053064235502404,Turun (HOLD),0.4596897,Turun (HOLD)
2012-11-01,1263.169677734375,Naik,0.3723107410594864,Turun (HOLD),0.44733432,Turun (HOLD)
2012-11-02,1270.7791748046875,Naik,0.3778782824345582,Turun (HOLD),0.4587047,Turun (HOLD)
2012-11-05,1255.5599365234375,Naik,0.36344629095373854,Turun (HOLD),0.45839718,Turun (HOLD)
2012-11-06,1293.607421875,Naik,0.3611768210229271,Turun (HOLD),0.45552075,Turun (HOLD)
2012-11-07,1293.607421875,Naik,0.3727730654676,Turun (HOLD),0.45976683,Turun (HOLD)
2012-11-08,1285.9981689453125,Naik,0.3800911726373786,Turun (HOLD),0.4581731,Turun (HOLD)
2012-11-09,1301.2169189453125,Naik,0.3704725104476201,Turun (HOLD),0.45213583,Turun (HOLD)
2012-11-12,1324.04541015625,Turun,0.35545897466186727,Turun (HOLD),0.44235557,Turun (HOLD)
2012-11-13,1369.7021484375,Turun,0.4134291754353789,Turun (HOLD),0.45272088,Turun (HOLD)
2012-11-14,1377.311767578125,Naik,0.41296969191159427,Turun (HOLD),0.45304957,Turun (HOLD)
2012-11-19,1308.826416015625,Naik,0.5715973377533512,Turun (HOLD),0.5865915,Turun (HOLD)
2012-11-20,1346.8736572265625,Naik,0.3916578562550728,Turun (HOLD),0.45504415,Turun (HOLD)
2012-11-21,1346.8736572265625,Naik,0.42259018773947615,Turun (HOLD),0.49164823,Turun (HOLD)
2012-11-22,1354.4833984375,Turun,0.38425398788555737,Turun (HOLD),0.45865706,Turun (HOLD)
2012-11-23,1377.311767578125,Turun,0.3600216269442911,Turun (HOLD),0.44932142,Turun (HOLD)
2012-11-26,1384.9210205078125,Naik,0.3829569333864454,Turun (HOLD),0.4549866,Turun (HOLD)
2012-11-27,1362.092529296875,Turun,0.38293600588462007,Turun (HOLD),0.45712173,Turun (HOLD)
2012-11-28,1362.092529296875,Turun,0.39514774397293156,Turun (HOLD),0.46858764,Turun (HOLD)
2012-11-29,1369.7021484375,Naik,0.3779729788515003,Turun (HOLD),0.447471,Turun (HOLD)
2012-11-30,1339.2642822265625,Turun,0.5301154245183102,Turun (HOLD),0.56386316,Turun (HOLD)
2012-12-03,1445.796630859375,Naik,0.31069321638912223,Turun (HOLD),0.36615708,Turun (HOLD)
2012-12-04,1337.7803955078125,Naik,0.5817904615318259,Turun (HOLD),0.58832306,Turun (HOLD)
2012-12-05,1345.425048828125,Naik,0.5269335124665319,Turun (HOLD),0.5767167,Turun (HOLD)
2012-12-06,1345.425048828125,Naik,0.5202148990788833,Turun (HOLD),0.5739642,Turun (HOLD)
2012-12-07,1345.425048828125,Naik,0.525198523650177,Turun (HOLD),0.58155084,Turun (HOLD)
2012-12-10,1398.9364013671875,Turun,0.39157188766044176,Turun (HOLD),0.46096238,Turun (HOLD)
2012-12-11,1414.2247314453125,Turun,0.3732628615209258,Turun (HOLD),0.45145148,Turun (HOLD)
2012-12-12,1444.8028564453125,Turun,0.3580538013157794,Turun (HOLD),0.42705652,Turun (HOLD)
2012-12-13,1444.8028564453125,Turun,0.3630906887654697,Turun (HOLD),0.4300422,Turun (HOLD)
2012-12-14,1414.2247314453125,Turun,0.42638885427293177,Turun (HOLD),0.49335352,Turun (HOLD)
2012-12-17,1406.580810546875,Naik,0.5033403112881124,Turun (HOLD),0.56120217,Turun (HOLD)
2012-12-18,1398.9364013671875,Naik,0.5094288669758693,Turun (HOLD),0.5650388,Turun (HOLD)
2012-12-19,1383.6473388671875,Turun,0.5311770057594173,Turun (HOLD),0.58048946,Turun (HOLD)
2012-12-20,1406.580810546875,Naik,0.3817924519362513,Turun (HOLD),0.44624192,Turun (HOLD)
2012-12-21,1360.7139892578125,Turun,0.5820167263348781,Turun (HOLD),0.5950771,Turun (HOLD)
2012-12-26,1406.580810546875,Turun,0.36965902183443133,Turun (HOLD),0.44193584,Turun (HOLD)
2012-12-27,1406.580810546875,Naik,0.37261959265098443,Turun (HOLD),0.44560176,Turun (HOLD)
2012-12-28,1391.2919921875,Naik,0.3981749885826895,Turun (HOLD),0.47833735,Turun (HOLD)
2013-01-02,1391.2919921875,Turun,0.3939230761585163,Turun (HOLD),0.46489292,Turun (HOLD)
2013-01-03,1398.9364013671875,Turun,0.3946972652829139,Turun (HOLD),0.4633474,Turun (HOLD)
2013-01-04,1383.6473388671875,Turun,0.4554551923725631,Turun (HOLD),0.51993036,Turun (HOLD)
2013-01-07,1406.580810546875,Turun,0.3961516851318639,Turun (HOLD),0.45977876,Turun (HOLD)
2013-01-08,1398.9364013671875,Naik,0.39072762112251275,Turun (HOLD),0.46377057,Turun (HOLD)
2013-01-09,1391.2919921875,Naik,0.4136583353869216,Turun (HOLD),0.4958801,Turun (HOLD)
2013-01-10,1360.7139892578125,Naik,0.5788298516558824,Turun (HOLD),0.6080973,Turun (HOLD)
2013-01-11,1353.0693359375,Naik,0.5552565516822389,Turun (HOLD),0.60093844,Turun (HOLD)
2013-01-14,1391.2919921875,Naik,0.39136212042215784,Turun (HOLD),0.46837148,Turun (HOLD)
2013-01-15,1398.9364013671875,Naik,0.37639852926975137,Turun (HOLD),0.452621,Turun (HOLD)
2013-01-16,1398.9364013671875,Naik,0.3796792792243394,Turun (HOLD),0.4562314,Turun (HOLD)
2013-01-17,1398.9364013671875,Turun,0.38129313788541636,Turun (HOLD),0.45686096,Turun (HOLD)
2013-01-18,1452.447265625,Turun,0.3845843676887054,Turun (HOLD),0.4468371,Turun (HOLD)
2013-01-21,1421.86962890625,Naik,0.40786097238088304,Turun (HOLD),0.4709138,Turun (HOLD)
2013-01-22,1421.86962890625,Naik,0.3745391961294907,Turun (HOLD),0.45104232,Turun (HOLD)
2013-01-23,1421.86962890625,Naik,0.370558745770668,Turun (HOLD),0.44654563,Turun (HOLD)
2013-01-25,1429.5137939453125,Naik,0.37342480458531235,Turun (HOLD),0.447253,Turun (HOLD)
2013-01-28,1421.86962890625,Naik,0.37542224289753556,Turun (HOLD),0.45134237,Turun (HOLD)
2013-01-29,1444.8028564453125,Naik,0.3671756805850679,Turun (HOLD),0.43873525,Turun (HOLD)
2013-01-30,1444.8028564453125,Naik,0.3852146095546349,Turun (HOLD),0.45887592,Turun (HOLD)
2013-01-31,1475.3807373046875,Naik,0.3740326226283264,Turun (HOLD),0.44793835,Turun (HOLD)
2013-02-01,1505.958740234375,Turun,0.3899678777998662,Turun (HOLD),0.4477652,Turun (HOLD)
2013-02-04,1536.5362548828125,Naik,0.3656708487451655,Turun (HOLD),0.42896605,Turun (HOLD)
2013-02-05,1513.60302734375,Naik,0.3703424647439465,Turun (HOLD),0.42967483,Turun (HOLD)
2013-02-06,1513.60302734375,Turun,0.38248094397511534,Turun (HOLD),0.4400373,Turun (HOLD)
2013-02-07,1536.5362548828125,Naik,0.3813337192020082,Turun (HOLD),0.43313715,Turun (HOLD)
2013-02-08,1521.2471923828125,Turun,0.38080063374954864,Turun (HOLD),0.44987264,Turun (HOLD)
2013-02-11,1551.8253173828125,Naik,0.3759005871259244,Turun (HOLD),0.42998013,Turun (HOLD)
2013-02-12,1536.5362548828125,Naik,0.37631149133898406,Turun (HOLD),0.4319101,Turun (HOLD)
2013-02-13,1505.958740234375,Naik,0.5007685973357614,Turun (HOLD),0.55186313,Turun (HOLD)
2013-02-14,1528.8919677734375,Naik,0.3806422569671004,Turun (HOLD),0.43226084,Turun (HOLD)
2013-02-15,1536.5362548828125,Naik,0.3844609222159273,Turun (HOLD),0.43400598,Turun (HOLD)
2013-02-18,1559.4697265625,Naik,0.38094797165556343,Turun (HOLD),0.43715358,Turun (HOLD)
2013-02-19,1567.1141357421875,Naik,0.38796163249038257,Turun (HOLD),0.44412166,Turun (HOLD)
2013-02-20,1574.7584228515625,Naik,0.3817407535278346,Turun (HOLD),0.44042012,Turun (HOLD)
2013-02-21,1582.4031982421875,Naik,0.3798958238915005,Turun (HOLD),0.43671432,Turun (HOLD)
2013-02-22,1612.980712890625,Turun,0.363779028590238,Turun (HOLD),0.42407882,Turun (HOLD)
2013-02-25,1727.6475830078125,Turun,0.24403574047792728,Turun (HOLD),0.3794702,Turun (HOLD)
2013-02-26,1651.2030029296875,Turun,0.3980011711365294,Turun (HOLD),0.3967127,Turun (HOLD)
2013-02-27,1628.2696533203125,Turun,0.4197094297297205,Turun (HOLD),0.46645862,Turun (HOLD)
2013-02-28,1681.78076171875,Naik,0.2682581924999122,Turun (HOLD),0.35242745,Turun (HOLD)
2013-03-01,1635.9146728515625,Naik,0.5380974843554175,Turun (HOLD),0.5600052,Turun (HOLD)
2013-03-04,1635.9146728515625,Naik,0.40174489874996305,Turun (HOLD),0.45796925,Turun (HOLD)
2013-03-05,1605.336669921875,Turun,0.5089811817072148,Turun (HOLD),0.5516525,Turun (HOLD)
2013-03-06,1635.9146728515625,Turun,0.3720801163067777,Turun (HOLD),0.4251131,Turun (HOLD)
2013-03-07,1643.55908203125,Turun,0.36834429994873924,Turun (HOLD),0.41703027,Turun (HOLD)
2013-03-08,1651.2030029296875,Turun,0.37909703955785473,Turun (HOLD),0.42747793,Turun (HOLD)
2013-03-11,1643.55908203125,Turun,0.3667466413228034,Turun (HOLD),0.42022958,Turun (HOLD)
2013-03-13,1635.9146728515625,Naik,0.38673622023712106,Turun (HOLD),0.4466653,Turun (HOLD)
2013-03-14,1628.2696533203125,Naik,0.42928338772774244,Turun (HOLD),0.47738227,Turun (HOLD)
2013-03-15,1643.55908203125,Turun,0.3752931513842865,Turun (HOLD),0.4167154,Turun (HOLD)
2013-03-18,1628.2696533203125,Naik,0.390934021639443,Turun (HOLD),0.44663846,Turun (HOLD)
2013-03-19,1635.9146728515625,Turun,0.39877081170808415,Turun (HOLD),0.44360653,Turun (HOLD)
2013-03-20,1666.4923095703125,Naik,0.37710310609910724,Turun (HOLD),0.39460564,Turun (HOLD)
2013-03-21,1643.55908203125,Naik,0.37903327865378905,Turun (HOLD),0.4081279,Turun (HOLD)
2013-03-22,1620.62548828125,Naik,0.6288535230816225,Turun (HOLD),0.6180014,Turun (HOLD)
2013-03-25,1666.4923095703125,Naik,0.5653664916836139,Turun (HOLD),0.49533516,Turun (HOLD)
2013-03-26,1628.2696533203125,Naik,0.6457144643928936,Turun (HOLD),0.6215136,Turun (HOLD)
2013-03-27,1681.78076171875,Turun,0.527928720459487,Turun (HOLD),0.48399,Turun (HOLD)
2013-03-28,1742.9368896484375,Naik,0.45274902367223835,Turun (HOLD),0.43115023,Turun (HOLD)
2013-04-01,1681.78076171875,Turun,0.5764390218831923,Turun (HOLD),0.5192146,Turun (HOLD)
2013-04-02,1689.425537109375,Turun,0.565323999170681,Turun (HOLD),0.5090124,Turun (HOLD)
2013-04-03,1712.359130859375,Turun,0.5473541672146386,Turun (HOLD),0.49517605,Turun (HOLD)
2013-04-04,1658.8475341796875,Turun,0.6529693494640962,Naik (BUY),0.63201106,Turun (HOLD)
2013-04-05,1689.425537109375,Turun,0.5499073384099351,Turun (HOLD),0.5018776,Turun (HOLD)
2013-04-08,1635.9146728515625,Turun,0.6468106934468608,Turun (HOLD),0.63378125,Turun (HOLD)
2013-04-09,1620.62548828125,Naik,0.6391916170868971,Turun (HOLD),0.6288508,Turun (HOLD)
2013-04-10,1612.980712890625,Naik,0.6433740849537388,Turun (HOLD),0.6295385,Turun (HOLD)
2013-04-11,1651.2030029296875,Naik,0.6252755106318642,Turun (HOLD),0.5376698,Turun (HOLD)
2013-04-12,1666.4923095703125,Naik,0.6137350439557225,Turun (HOLD),0.5299721,Turun (HOLD)
2013-04-15,1620.62548828125,Naik,0.6226502732057135,Turun (HOLD),0.5959835,Turun (HOLD)
2013-04-16,1651.2030029296875,Naik,0.598357284098096,Turun (HOLD),0.5289781,Turun (HOLD)
2013-04-17,1681.78076171875,Naik,0.6018225385420327,Turun (HOLD),0.52139986,Turun (HOLD)
2013-04-18,1681.78076171875,Naik,0.6092250881681696,Turun (HOLD),0.5290192,Turun (HOLD)
2013-04-19,1681.78076171875,Turun,0.6119403678357468,Turun (HOLD),0.5287951,Turun (HOLD)
2013-04-22,1666.4923095703125,Naik,0.6115346527254844,Turun (HOLD),0.5626341,Turun (HOLD)
2013-04-23,1666.4923095703125,Turun,0.6281725621222928,Turun (HOLD),0.565936,Turun (HOLD)
2013-04-24,1689.425537109375,Turun,0.6151616562234641,Turun (HOLD),0.52068776,Turun (HOLD)
2013-04-25,1697.06982421875,Turun,0.6186025712054366,Turun (HOLD),0.5269925,Turun (HOLD)
2013-04-26,1643.55908203125,Turun,0.6490173552800448,Turun (HOLD),0.6462103,Turun (HOLD)
2013-04-29,1681.78076171875,Turun,0.6158687543837246,Turun (HOLD),0.53718317,Turun (HOLD)
2013-04-30,1643.55908203125,Naik,0.6212769791687789,Turun (HOLD),0.638508,Turun (HOLD)
2013-05-01,1643.55908203125,Naik,0.6101641468134646,Turun (HOLD),0.6333611,Turun (HOLD)
2013-05-02,1628.2696533203125,Naik,0.6212772231339099,Turun (HOLD),0.63408446,Turun (HOLD)
2013-05-03,1643.55908203125,Naik,0.6220438559151348,Turun (HOLD),0.5786585,Turun (HOLD)
2013-05-06,1674.1365966796875,Turun,0.6295890740347018,Turun (HOLD),0.53412604,Turun (HOLD)
2013-05-07,1674.1365966796875,Turun,0.6381076720133714,Turun (HOLD),0.54228497,Turun (HOLD)
2013-05-08,1681.78076171875,Turun,0.6370610688759789,Turun (HOLD),0.53354794,Turun (HOLD)
2013-05-10,1689.425537109375,Turun,0.6081466706702313,Turun (HOLD),0.5126191,Turun (HOLD)
2013-05-13,1689.425537109375,Turun,0.579739779650981,Turun (HOLD),0.5198543,Turun (HOLD)
2013-05-14,1681.78076171875,Turun,0.6004725981303951,Turun (HOLD),0.53675103,Turun (HOLD)
2013-05-15,1681.78076171875,Turun,0.601070293353379,Turun (HOLD),0.5313338,Turun (HOLD)
2013-05-16,1666.4923095703125,Naik,0.5854876865695338,Turun (HOLD),0.57525843,Turun (HOLD)
2013-05-17,1681.78076171875,Turun,0.5852195313680266,Turun (HOLD),0.5299225,Turun (HOLD)
2013-05-20,1666.4923095703125,Turun,0.56944119235789,Turun (HOLD),0.5521832,Turun (HOLD)
2013-05-21,1681.78076171875,Turun,0.5855861397783299,Turun (HOLD),0.5304882,Turun (HOLD)
2013-05-22,1674.1365966796875,Naik,0.5803805643889512,Turun (HOLD),0.53968,Turun (HOLD)
2013-05-23,1666.4923095703125,Turun,0.5722644353223131,Turun (HOLD),0.5543092,Turun (HOLD)
2013-05-24,1674.1365966796875,Turun,0.5792897776855974,Turun (HOLD),0.5385283,Turun (HOLD)
2013-05-27,1635.9146728515625,Turun,0.5745828957521918,Turun (HOLD),0.6043924,Turun (HOLD)
2013-05-28,1666.4923095703125,Turun,0.555528082507261,Turun (HOLD),0.53051597,Turun (HOLD)
2013-05-29,1692.807373046875,Turun,0.5173846555105122,Turun (HOLD),0.49647346,Turun (HOLD)
2013-05-30,1662.0291748046875,Turun,0.5082203670846157,Turun (HOLD),0.534459,Turun (HOLD)
2013-05-31,1592.7781982421875,Turun,0.5553905986227173,Turun (HOLD),0.59507626,Turun (HOLD)
2013-06-03,1531.22119140625,Turun,0.5678191350598127,Turun (HOLD),0.59597874,Turun (HOLD)
2013-06-04,1554.305419921875,Turun,0.5349966114260095,Turun (HOLD),0.58727515,Turun (HOLD)
2013-06-05,1546.6104736328125,Turun,0.5304464570221883,Turun (HOLD),0.591309,Turun (HOLD)
2013-06-07,1477.3594970703125,Naik,0.5468981203617851,Turun (HOLD),0.59169924,Turun (HOLD)
2013-06-10,1454.2755126953125,Naik,0.5107958785602593,Turun (HOLD),0.5728512,Turun (HOLD)
2013-06-11,1423.4970703125,Naik,0.5254112295553947,Turun (HOLD),0.57746524,Turun (HOLD)
2013-06-12,1446.5814208984375,Naik,0.5040005177461953,Turun (HOLD),0.56689703,Turun (HOLD)
2013-06-13,1431.1920166015625,Turun,0.5058871237124037,Turun (HOLD),0.5696305,Turun (HOLD)
2013-06-14,1508.137939453125,Turun,0.5023031986627472,Turun (HOLD),0.5582704,Turun (HOLD)
2013-06-17,1531.22119140625,Turun,0.5042791803457265,Turun (HOLD),0.5455567,Turun (HOLD)
2013-06-18,1546.6104736328125,Turun,0.4972090734572591,Turun (HOLD),0.54714614,Turun (HOLD)
2013-06-19,1531.22119140625,Turun,0.5181784130803929,Turun (HOLD),0.555314,Turun (HOLD)
2013-06-20,1454.2755126953125,Naik,0.5402604396189095,Turun (HOLD),0.5757709,Turun (HOLD)
2013-06-21,1415.802978515625,Naik,0.525614255308047,Turun (HOLD),0.58108723,Turun (HOLD)
2013-06-24,1400.413818359375,Naik,0.5082785377487475,Turun (HOLD),0.5735304,Turun (HOLD)
2013-06-25,1377.3297119140625,Naik,0.5333706159050718,Turun (HOLD),0.5949359,Turun (HOLD)
2013-06-26,1438.8863525390625,Turun,0.520849341262283,Turun (HOLD),0.54580593,Turun (HOLD)
2013-06-27,1454.2755126953125,Turun,0.497342357488166,Turun (HOLD),0.52195424,Turun (HOLD)
2013-06-28,1538.916015625,Turun,0.5096031717471882,Turun (HOLD),0.55525976,Turun (HOLD)
2013-07-01,1523.52685546875,Turun,0.5061112666250764,Turun (HOLD),0.5417533,Turun (HOLD)
2013-07-02,1531.22119140625,Turun,0.5166949552710106,Turun (HOLD),0.5422143,Turun (HOLD)
2013-07-03,1454.2755126953125,Turun,0.5447407944583934,Turun (HOLD),0.5819687,Turun (HOLD)
2013-07-04,1469.6650390625,Naik,0.5266813920613352,Turun (HOLD),0.5763352,Turun (HOLD)
2013-07-05,1461.9700927734375,Naik,0.5206644682409977,Turun (HOLD),0.57903147,Turun (HOLD)
2013-07-08,1400.413818359375,Naik,0.5372516475204765,Turun (HOLD),0.57537794,Turun (HOLD)
2013-07-09,1423.4970703125,Naik,0.5183086837771105,Turun (HOLD),0.57406163,Turun (HOLD)
2013-07-10,1454.2755126953125,Naik,0.5162712020144361,Turun (HOLD),0.53686106,Turun (HOLD)
2013-07-11,1508.137939453125,Naik,0.4939089062800608,Turun (HOLD),0.5493947,Turun (HOLD)
2013-07-12,1554.305419921875,Turun,0.4795044175507217,Turun (HOLD),0.5322862,Turun (HOLD)
2013-07-15,1569.6943359375,Turun,0.5227382231907882,Turun (HOLD),0.5313478,Turun (HOLD)
2013-07-16,1554.305419921875,Naik,0.5164254038344,Turun (HOLD),0.5381634,Turun (HOLD)
2013-07-17,1569.6943359375,Naik,0.5095317911945665,Turun (HOLD),0.53434783,Turun (HOLD)
2013-07-18,1569.6943359375,Naik,0.5304631190836087,Turun (HOLD),0.5412181,Turun (HOLD)
2013-07-19,1569.6943359375,Naik,0.5253568465373613,Turun (HOLD),0.53618085,Turun (HOLD)
2013-07-22,1538.916015625,Turun,0.538848152135848,Turun (HOLD),0.5788229,Turun (HOLD)
2013-07-23,1585.083251953125,Turun,0.5034305950315955,Turun (HOLD),0.5313135,Turun (HOLD)
2013-07-24,1600.4725341796875,Naik,0.49889784900065537,Turun (HOLD),0.5246372,Turun (HOLD)
2013-07-25,1569.6943359375,Naik,0.49823556435692223,Turun (HOLD),0.5279762,Turun (HOLD)
2013-07-26,1592.7781982421875,Naik,0.5026423602324731,Turun (HOLD),0.5197277,Turun (HOLD)
2013-07-29,1554.305419921875,Turun,0.523591000600079,Turun (HOLD),0.5762979,Turun (HOLD)
2013-07-30,1585.083251953125,Naik,0.5198961024981764,Turun (HOLD),0.5220581,Turun (HOLD)
2013-07-31,1600.4725341796875,Naik,0.5240470105736202,Turun (HOLD),0.5219441,Turun (HOLD)
2013-08-01,1608.1671142578125,Naik,0.5053745963758489,Turun (HOLD),0.50118846,Turun (HOLD)
2013-08-02,1646.6405029296875,Turun,0.4717450082101996,Turun (HOLD),0.49761578,Turun (HOLD)
2013-08-12,1585.083251953125,Turun,0.5236358464984441,Turun (HOLD),0.5536096,Turun (HOLD)
2013-08-13,1646.6405029296875,Turun,0.4838739771438448,Turun (HOLD),0.5195571,Turun (HOLD)
2013-08-14,1677.418701171875,Turun,0.46183800296902927,Turun (HOLD),0.50096405,Turun (HOLD)
2013-08-15,1654.3350830078125,Turun,0.4700654077008354,Turun (HOLD),0.49745095,Turun (HOLD)
2013-08-16,1585.083251953125,Turun,0.5508905322230495,Turun (HOLD),0.5573857,Turun (HOLD)
2013-08-19,1461.9700927734375,Turun,0.565868061813803,Turun (HOLD),0.5595972,Turun (HOLD)
2013-08-20,1454.2755126953125,Turun,0.5364100206853194,Turun (HOLD),0.5555001,Turun (HOLD)
2013-08-21,1477.3594970703125,Turun,0.512438391768563,Turun (HOLD),0.5297099,Turun (HOLD)
2013-08-22,1438.8863525390625,Turun,0.5211040992592462,Turun (HOLD),0.5300097,Turun (HOLD)
2013-08-23,1438.8863525390625,Turun,0.5089965958539533,Turun (HOLD),0.5290281,Turun (HOLD)
2013-08-26,1400.413818359375,Turun,0.5116563046896535,Turun (HOLD),0.52805424,Turun (HOLD)
2013-08-27,1377.3297119140625,Naik,0.5038502402692985,Turun (HOLD),0.5272601,Turun (HOLD)
2013-08-28,1408.1083984375,Turun,0.5000714565366473,Turun (HOLD),0.5051524,Turun (HOLD)
2013-08-29,1385.0245361328125,Turun,0.4964497763465002,Turun (HOLD),0.5255147,Turun (HOLD)
2013-08-30,1392.7191162109375,Turun,0.5018560588339389,Turun (HOLD),0.4993424,Turun (HOLD)
2013-09-02,1369.635498046875,Naik,0.4932184897250146,Turun (HOLD),0.52630866,Turun (HOLD)
2013-09-03,1361.940673828125,Naik,0.5029995556995206,Turun (HOLD),0.5284413,Turun (HOLD)
2013-09-04,1315.773193359375,Naik,0.5007418118311925,Turun (HOLD),0.52979493,Turun (HOLD)
2013-09-05,1323.4678955078125,Naik,0.49891628716480757,Turun (HOLD),0.5271527,Turun (HOLD)
2013-09-06,1354.2462158203125,Naik,0.49732881010594104,Turun (HOLD),0.4991667,Turun (HOLD)
2013-09-09,1438.8863525390625,Naik,0.49331372409935753,Turun (HOLD),0.5131485,Turun (HOLD)
2013-09-10,1508.137939453125,Naik,0.453118848024118,Turun (HOLD),0.48897326,Turun (HOLD)
2013-09-11,1523.52685546875,Naik,0.4394301245928003,Turun (HOLD),0.46096045,Turun (HOLD)
2013-09-12,1531.22119140625,Naik,0.4393376339443566,Turun (HOLD),0.4680816,Turun (HOLD)
2013-09-13,1531.22119140625,Naik,0.4519476897044074,Turun (HOLD),0.47235644,Turun (HOLD)
2013-09-16,1546.6104736328125,Naik,0.46382191013195956,Turun (HOLD),0.47721222,Turun (HOLD)
2013-09-17,1554.305419921875,Naik,0.4690716379659734,Turun (HOLD),0.48364708,Turun (HOLD)
2013-09-18,1554.305419921875,Turun,0.46301117035170425,Turun (HOLD),0.48216543,Turun (HOLD)
2013-09-19,1662.0291748046875,Turun,0.4369690075732101,Turun (HOLD),0.4996941,Turun (HOLD)
2013-09-20,1615.8621826171875,Naik,0.44596036625935676,Turun (HOLD),0.48240638,Turun (HOLD)
2013-09-23,1638.9454345703125,Turun,0.44190119607786227,Turun (HOLD),0.4775556,Turun (HOLD)
2013-09-24,1608.1671142578125,Turun,0.43156140809407695,Turun (HOLD),0.49607074,Turun (HOLD)
2013-09-25,1608.1671142578125,Turun,0.46514955707227684,Turun (HOLD),0.5322012,Turun (HOLD)
2013-09-26,1592.7781982421875,Naik,0.4711393177557561,Turun (HOLD),0.5278021,Turun (HOLD)
2013-09-27,1585.083251953125,Naik,0.4868736465920694,Turun (HOLD),0.5268346,Turun (HOLD)
2013-09-30,1538.916015625,Naik,0.4811469312334394,Turun (HOLD),0.51903033,Turun (HOLD)
2013-10-01,1538.916015625,Naik,0.4712832815595311,Turun (HOLD),0.511655,Turun (HOLD)
2013-10-02,1585.083251953125,Naik,0.4358094579704966,Turun (HOLD),0.47405916,Turun (HOLD)
2013-10-03,1608.1671142578125,Naik,0.38981173434534333,Turun (HOLD),0.4121607,Turun (HOLD)
2013-10-04,1600.4725341796875,Naik,0.3982329856746139,Turun (HOLD),0.41960227,Turun (HOLD)
2013-10-07,1592.7781982421875,Naik,0.40171004819205547,Turun (HOLD),0.41815403,Turun (HOLD)
2013-10-08,1608.1671142578125,Naik,0.39720898665666116,Turun (HOLD),0.4189153,Turun (HOLD)
2013-10-09,1600.4725341796875,Naik,0.3942531306990456,Turun (HOLD),0.41830882,Turun (HOLD)
2013-10-10,1631.2510986328125,Turun,0.3973320485287389,Turun (HOLD),0.4249778,Turun (HOLD)
2013-10-11,1646.6405029296875,Turun,0.39939428633318447,Turun (HOLD),0.41764277,Turun (HOLD)
2013-10-16,1623.5562744140625,Turun,0.4026999709705081,Turun (HOLD),0.42746374,Turun (HOLD)
2013-10-17,1623.5562744140625,Naik,0.4228037582908283,Turun (HOLD),0.43527088,Turun (HOLD)
2013-10-18,1631.2510986328125,Naik,0.4251391105258073,Turun (HOLD),0.4383995,Turun (HOLD)
2013-10-21,1646.6405029296875,Naik,0.45439341273215295,Turun (HOLD),0.43917486,Turun (HOLD)
2013-10-22,1623.5562744140625,Naik,0.4148074792857353,Turun (HOLD),0.43065286,Turun (HOLD)
2013-10-23,1615.8621826171875,Naik,0.41164493688039316,Turun (HOLD),0.4303139,Turun (HOLD)
2013-10-24,1646.6405029296875,Turun,0.40561362029545217,Turun (HOLD),0.43279538,Turun (HOLD)
2013-10-25,1654.3350830078125,Turun,0.4079390786222585,Turun (HOLD),0.43920967,Turun (HOLD)
2013-10-28,1654.3350830078125,Turun,0.4592652904183176,Turun (HOLD),0.44242248,Turun (HOLD)
2013-10-29,1631.2510986328125,Naik,0.40641861755825415,Turun (HOLD),0.4335638,Turun (HOLD)
2013-10-30,1646.6405029296875,Naik,0.404369515149095,Turun (HOLD),0.4333602,Turun (HOLD)
2013-10-31,1608.1671142578125,Naik,0.40885821471983613,Turun (HOLD),0.43095288,Turun (HOLD)
2013-11-01,1600.4725341796875,Turun,0.4088041335878271,Turun (HOLD),0.42425838,Turun (HOLD)
2013-11-04,1592.7781982421875,Turun,0.41563311201362557,Turun (HOLD),0.42239773,Turun (HOLD)
2013-11-06,1608.1671142578125,Turun,0.39037915330431655,Turun (HOLD),0.40924966,Turun (HOLD)
2013-11-07,1631.2510986328125,Turun,0.3950396884553767,Turun (HOLD),0.416501,Turun (HOLD)
2013-11-08,1592.7781982421875,Turun,0.38892100675414,Turun (HOLD),0.40997767,Turun (HOLD)
2013-11-11,1577.388916015625,Naik,0.4214593710835425,Turun (HOLD),0.42919484,Turun (HOLD)
2013-11-12,1546.6104736328125,Naik,0.4108484391812297,Turun (HOLD),0.41171932,Turun (HOLD)
2013-11-13,1531.22119140625,Naik,0.4063588793239121,Turun (HOLD),0.41019255,Turun (HOLD)
2013-11-14,1546.6104736328125,Turun,0.3883668907642984,Turun (HOLD),0.40680608,Turun (HOLD)
2013-11-15,1569.6943359375,Turun,0.3956318594075705,Turun (HOLD),0.40197718,Turun (HOLD)
2013-11-18,1585.083251953125,Turun,0.38660261853344297,Turun (HOLD),0.39534903,Turun (HOLD)
2013-11-19,1569.6943359375,Turun,0.39498470514873885,Turun (HOLD),0.40624806,Turun (HOLD)
2013-11-20,1546.6104736328125,Turun,0.3808502370322991,Turun (HOLD),0.4095253,Turun (HOLD)
2013-11-21,1515.8323974609375,Turun,0.3960126053944597,Turun (HOLD),0.41022375,Turun (HOLD)
2013-11-22,1538.916015625,Turun,0.3878736044030998,Turun (HOLD),0.40736806,Turun (HOLD)
2013-11-25,1561.9998779296875,Turun,0.41364985886697825,Turun (HOLD),0.4021477,Turun (HOLD)
2013-11-26,1485.053955078125,Naik,0.40740026498963655,Turun (HOLD),0.4121235,Turun (HOLD)
2013-11-27,1492.74853515625,Turun,0.39633994095899366,Turun (HOLD),0.4125934,Turun (HOLD)
2013-11-28,1500.443359375,Turun,0.40320266713726144,Turun (HOLD),0.4148941,Turun (HOLD)
2013-11-29,1491.9398193359375,Turun,0.4334149335132019,Turun (HOLD),0.4273126,Turun (HOLD)
2013-12-02,1515.1307373046875,Turun,0.4201017537432682,Turun (HOLD),0.41256735,Turun (HOLD)
2013-12-03,1515.1307373046875,Naik,0.46210707618118607,Turun (HOLD),0.43018568,Turun (HOLD)
2013-12-04,1491.9398193359375,Naik,0.38936362248745443,Turun (HOLD),0.41511792,Turun (HOLD)
2013-12-05,1476.4796142578125,Naik,0.39344379364735504,Turun (HOLD),0.40969673,Turun (HOLD)
2013-12-06,1468.7489013671875,Turun,0.4018139814788132,Turun (HOLD),0.415567,Turun (HOLD)
2013-12-09,1453.288818359375,Naik,0.4118455447595983,Turun (HOLD),0.4135617,Turun (HOLD)
2013-12-10,1515.1307373046875,Turun,0.4320167916784542,Turun (HOLD),0.43692324,Turun (HOLD)
2013-12-11,1522.861083984375,Turun,0.41410634380764266,Turun (HOLD),0.41269255,Turun (HOLD)
2013-12-12,1491.9398193359375,Naik,0.4232245012316898,Turun (HOLD),0.4210464,Turun (HOLD)
2013-12-13,1468.7489013671875,Turun,0.4333733488761432,Turun (HOLD),0.41698363,Turun (HOLD)
2013-12-16,1445.55810546875,Naik,0.42822294392503907,Turun (HOLD),0.41148293,Turun (HOLD)
2013-12-17,1468.7489013671875,Turun,0.4229365021057582,Turun (HOLD),0.41648683,Turun (HOLD)
2013-12-18,1461.018798828125,Turun,0.4261464227386224,Turun (HOLD),0.42081615,Turun (HOLD)
2013-12-19,1476.4796142578125,Naik,0.433854542451123,Turun (HOLD),0.41382176,Turun (HOLD)
2013-12-20,1430.0975341796875,Naik,0.4175437260060622,Turun (HOLD),0.4125918,Turun (HOLD)
2013-12-23,1468.7489013671875,Turun,0.4270562650135363,Turun (HOLD),0.42233768,Turun (HOLD)
2013-12-24,1461.018798828125,Turun,0.43075496939467084,Turun (HOLD),0.4198583,Turun (HOLD)
2013-12-27,1453.288818359375,Turun,0.42729997617091586,Turun (HOLD),0.4233352,Turun (HOLD)
2013-12-30,1484.209716796875,Turun,0.4208637123415906,Turun (HOLD),0.41537073,Turun (HOLD)
2014-01-02,1515.1307373046875,Turun,0.40095824120383844,Turun (HOLD),0.40424007,Turun (HOLD)
2014-01-03,1468.7489013671875,Naik,0.42929435536365473,Turun (HOLD),0.42568716,Turun (HOLD)
2014-01-06,1445.55810546875,Naik,0.42337447901648945,Turun (HOLD),0.41751188,Turun (HOLD)
2014-01-07,1449.423828125,Naik,0.4102983146249133,Turun (HOLD),0.41701984,Turun (HOLD)
2014-01-08,1441.693115234375,Naik,0.42263571708550673,Turun (HOLD),0.41671044,Turun (HOLD)
2014-01-09,1453.288818359375,Naik,0.4323231661427202,Turun (HOLD),0.41810042,Turun (HOLD)
2014-01-10,1453.288818359375,Naik,0.43578691564897204,Turun (HOLD),0.4200982,Turun (HOLD)
2014-01-13,1515.1307373046875,Naik,0.42543090285162166,Turun (HOLD),0.43466228,Turun (HOLD)
2014-01-15,1538.3211669921875,Turun,0.43126460819941176,Turun (HOLD),0.42073935,Turun (HOLD)
2014-01-16,1546.0516357421875,Naik,0.4245021702721039,Turun (HOLD),0.42377752,Turun (HOLD)
2014-01-17,1530.591064453125,Naik,0.4296592524504607,Turun (HOLD),0.41401997,Turun (HOLD)
2014-01-20,1518.995849609375,Naik,0.4160931984388745,Turun (HOLD),0.42395487,Turun (HOLD)
2014-01-21,1522.861083984375,Naik,0.42035013367615304,Turun (HOLD),0.42061207,Turun (HOLD)
2014-01-22,1530.591064453125,Naik,0.41333054771761435,Turun (HOLD),0.4057455,Turun (HOLD)
2014-01-23,1576.97265625,Turun,0.3967049960530994,Turun (HOLD),0.4099956,Turun (HOLD)
2014-01-24,1573.107421875,Turun,0.4026948841464055,Turun (HOLD),0.40676892,Turun (HOLD)
2014-01-27,1515.1307373046875,Naik,0.42216989072969735,Turun (HOLD),0.4151516,Turun (HOLD)
2014-01-28,1546.0516357421875,Turun,0.39373947357184874,Turun (HOLD),0.4020336,Turun (HOLD)
2014-01-29,1546.0516357421875,Naik,0.4078723831585956,Turun (HOLD),0.41239828,Turun (HOLD)
2014-01-30,1534.456298828125,Naik,0.4155827543670974,Turun (HOLD),0.41463128,Turun (HOLD)
2014-02-03,1518.995849609375,Naik,0.40992938428487413,Turun (HOLD),0.41255322,Turun (HOLD)
2014-02-04,1522.861083984375,Naik,0.4192368485942516,Turun (HOLD),0.41554773,Turun (HOLD)
2014-02-05,1538.3211669921875,Naik,0.439957886909356,Turun (HOLD),0.4176201,Turun (HOLD)
2014-02-06,1569.2425537109375,Turun,0.40245267365949927,Turun (HOLD),0.4024636,Turun (HOLD)
2014-02-07,1584.7030029296875,Naik,0.4376170442421935,Turun (HOLD),0.41781887,Turun (HOLD)
2014-02-10,1553.78173828125,Naik,0.4325016296677445,Turun (HOLD),0.41393286,Turun (HOLD)
2014-02-11,1569.2425537109375,Naik,0.4032132379719711,Turun (HOLD),0.40058315,Turun (HOLD)
2014-02-12,1592.4329833984375,Turun,0.4054441136713191,Turun (HOLD),0.4077054,Turun (HOLD)
2014-02-13,1584.7030029296875,Turun,0.42375981631033394,Turun (HOLD),0.41654533,Turun (HOLD)
2014-02-14,1604.0289306640625,Turun,0.4149848751811006,Turun (HOLD),0.40936086,Turun (HOLD)
2014-02-17,1619.4892578125,Turun,0.4513758443756128,Turun (HOLD),0.42263338,Turun (HOLD)
2014-02-18,1607.8935546875,Turun,0.4883138475402552,Turun (HOLD),0.43864065,Turun (HOLD)
2014-02-19,1584.7030029296875,Naik,0.4413437335680556,Turun (HOLD),0.43708035,Turun (HOLD)
2014-02-20,1607.8935546875,Turun,0.441342183312655,Turun (HOLD),0.42124,Turun (HOLD)
2014-02-21,1615.6239013671875,Turun,0.4302724251317198,Turun (HOLD),0.41868854,Turun (HOLD)
2014-02-24,1607.8935546875,Turun,0.41307359509363345,Turun (HOLD),0.40641323,Turun (HOLD)
2014-02-25,1604.0289306640625,Naik,0.4216482877834149,Turun (HOLD),0.40684986,Turun (HOLD)
2014-02-26,1588.5679931640625,Naik,0.4395477804469071,Turun (HOLD),0.43229097,Turun (HOLD)
2014-02-27,1592.4329833984375,Naik,0.4014152089084122,Turun (HOLD),0.41070345,Turun (HOLD)
2014-02-28,1580.8380126953125,Naik,0.419788786012165,Turun (HOLD),0.4246403,Turun (HOLD)
2014-03-03,1588.5679931640625,Naik,0.4267720626759,Turun (HOLD),0.41686228,Turun (HOLD)
2014-03-04,1619.4892578125,Turun,0.38788120495353173,Turun (HOLD),0.41078767,Turun (HOLD)
2014-03-05,1631.0843505859375,Turun,0.3996539776204628,Turun (HOLD),0.40721676,Turun (HOLD)
2014-03-06,1634.9500732421875,Turun,0.4123022684249885,Turun (HOLD),0.41956758,Turun (HOLD)
2014-03-07,1638.8148193359375,Naik,0.420605981432609,Turun (HOLD),0.4248369,Turun (HOLD)
2014-03-10,1623.3544921875,Naik,0.41324207441521793,Turun (HOLD),0.4164465,Turun (HOLD)
2014-03-11,1607.8935546875,Naik,0.440874896170523,Turun (HOLD),0.4305815,Turun (HOLD)
2014-03-12,1600.16357421875,Naik,0.4248260274161526,Turun (HOLD),0.42425716,Turun (HOLD)
2014-03-13,1604.0289306640625,Naik,0.4230062909564307,Turun (HOLD),0.42156932,Turun (HOLD)
2014-03-14,1712.2523193359375,Turun,0.4189020760802033,Turun (HOLD),0.44009274,Turun (HOLD)
2014-03-17,1692.9266357421875,Turun,0.4253121285616283,Turun (HOLD),0.42471853,Turun (HOLD)
2014-03-18,1669.735595703125,Turun,0.4307481594050861,Turun (HOLD),0.42891705,Turun (HOLD)
2014-03-19,1654.275634765625,Turun,0.4255848930585597,Turun (HOLD),0.4298105,Turun (HOLD)
2014-03-20,1611.7589111328125,Turun,0.433015823134663,Turun (HOLD),0.4266001,Turun (HOLD)
2014-03-21,1596.298583984375,Naik,0.41907832181947763,Turun (HOLD),0.42315048,Turun (HOLD)
2014-03-24,1588.5679931640625,Naik,0.41690370282694617,Turun (HOLD),0.4176626,Turun (HOLD)
2014-03-25,1592.4329833984375,Naik,0.41801769410866607,Turun (HOLD),0.4213875,Turun (HOLD)
2014-03-26,1604.0289306640625,Naik,0.41216759574710987,Turun (HOLD),0.3989472,Turun (HOLD)
2014-03-27,1600.16357421875,Naik,0.42092044709605375,Turun (HOLD),0.4095512,Turun (HOLD)
2014-03-28,1638.8148193359375,Naik,0.41873031818123985,Turun (HOLD),0.4005954,Turun (HOLD)
2014-04-01,1692.9266357421875,Turun,0.4292274288007146,Turun (HOLD),0.43848777,Turun (HOLD)
2014-04-02,1685.1964111328125,Turun,0.3928750738334596,Turun (HOLD),0.4592416,Turun (HOLD)
2014-04-03,1692.9266357421875,Turun,0.41150741900407906,Turun (HOLD),0.44838935,Turun (HOLD)
2014-04-04,1677.466064453125,Naik,0.5186050024039909,Turun (HOLD),0.52039504,Turun (HOLD)
2014-04-07,1685.1964111328125,Naik,0.48703035606648853,Turun (HOLD),0.50915635,Turun (HOLD)
2014-04-08,1692.9266357421875,Naik,0.4327928049331644,Turun (HOLD),0.44082987,Turun (HOLD)
2014-04-09,1692.9266357421875,Naik,0.4442296758858284,Turun (HOLD),0.43971986,Turun (HOLD)
2014-04-10,1685.1964111328125,Naik,0.498230925791204,Turun (HOLD),0.47094405,Turun (HOLD)
2014-04-11,1716.1171875,Naik,0.3537613765652001,Turun (HOLD),0.40369874,Turun (HOLD)
2014-04-14,1739.3082275390625,Naik,0.3395789558504098,Turun (HOLD),0.39244178,Turun (HOLD)
2014-04-15,1716.1171875,Turun,0.40727828482394646,Turun (HOLD),0.43624675,Turun (HOLD)
2014-04-16,1708.3870849609375,Turun,0.474515516183539,Turun (HOLD),0.46932814,Turun (HOLD)
2014-04-17,1731.578125,Turun,0.3394080806052481,Turun (HOLD),0.4127704,Turun (HOLD)
2014-04-21,1727.7127685546875,Turun,0.37365539880915133,Turun (HOLD),0.43793532,Turun (HOLD)
2014-04-22,1708.3870849609375,Naik,0.4965889359791401,Turun (HOLD),0.4898321,Turun (HOLD)
2014-04-23,1708.3870849609375,Naik,0.48463655681963735,Turun (HOLD),0.49873435,Turun (HOLD)
2014-04-24,1700.6566162109375,Naik,0.526973606857082,Turun (HOLD),0.50226134,Turun (HOLD)
2014-04-25,1700.6566162109375,Naik,0.5210435592684546,Turun (HOLD),0.5100203,Turun (HOLD)
2014-04-28,1638.8148193359375,Naik,0.581054397509661,Turun (HOLD),0.5303008,Turun (HOLD)
2014-04-29,1700.6566162109375,Naik,0.4028056236953385,Turun (HOLD),0.4477882,Turun (HOLD)
2014-04-30,1712.3319091796875,Turun,0.3991465187875703,Turun (HOLD),0.46265277,Turun (HOLD)
2014-05-02,1708.440185546875,Naik,0.4302360742583532,Turun (HOLD),0.5155368,Turun (HOLD)
2014-05-05,1708.440185546875,Naik,0.40337716869186,Turun (HOLD),0.5261486,Turun (HOLD)
2014-05-06,1712.3319091796875,Naik,0.37625092419346073,Turun (HOLD),0.5087661,Turun (HOLD)
2014-05-07,1712.3319091796875,Naik,0.37141561135312195,Turun (HOLD),0.5136883,Turun (HOLD)
2014-05-08,1720.1151123046875,Naik,0.3603876753553444,Turun (HOLD),0.4592601,Turun (HOLD)
2014-05-09,1743.46533203125,Naik,0.2891801418274987,Turun (HOLD),0.4270934,Turun (HOLD)
2014-05-12,1743.46533203125,Turun,0.3210074693042021,Turun (HOLD),0.44887316,Turun (HOLD)
2014-05-13,1743.46533203125,Turun,0.34562485176121505,Turun (HOLD),0.4710602,Turun (HOLD)
2014-05-14,1766.8150634765625,Naik,0.27889908505232797,Turun (HOLD),0.42142612,Turun (HOLD)
2014-05-16,1766.8150634765625,Naik,0.30663028901044265,Turun (HOLD),0.4787841,Turun (HOLD)
2014-05-19,1766.8150634765625,Naik,0.31803736526007115,Turun (HOLD),0.48629498,Turun (HOLD)
2014-05-20,1735.681884765625,Naik,0.48302784209226257,Turun (HOLD),0.5842096,Turun (HOLD)
2014-05-21,1739.5736083984375,Turun,0.47044524577628843,Turun (HOLD),0.57072043,Turun (HOLD)
2014-05-22,1778.4901123046875,Turun,0.2979745335750837,Turun (HOLD),0.4189351,Turun (HOLD)
2014-05-23,1770.70654296875,Turun,0.35820797375825963,Turun (HOLD),0.47733,Turun (HOLD)
2014-05-26,1759.0316162109375,Turun,0.39868665832603883,Turun (HOLD),0.4823269,Turun (HOLD)
2014-05-28,1755.14013671875,Naik,0.43214776632839,Turun (HOLD),0.50922525,Turun (HOLD)
2014-05-30,1677.3067626953125,Turun,0.4707090759268495,Turun (HOLD),0.52369344,Turun (HOLD)
2014-06-02,1735.681884765625,Turun,0.3609934326505677,Turun (HOLD),0.46496332,Turun (HOLD)
2014-06-03,1751.24853515625,Naik,0.3477411888139499,Turun (HOLD),0.4497063,Turun (HOLD)
2014-06-04,1720.1151123046875,Naik,0.42654500634293796,Turun (HOLD),0.49776107,Turun (HOLD)
2014-06-05,1720.1151123046875,Naik,0.3933088925977409,Turun (HOLD),0.48414478,Turun (HOLD)
2014-06-06,1720.1151123046875,Turun,0.42921887680257065,Turun (HOLD),0.50530493,Turun (HOLD)
2014-06-09,1724.0068359375,Turun,0.39980439913189386,Turun (HOLD),0.4857348,Turun (HOLD)
2014-06-10,1751.24853515625,Turun,0.3279085879412922,Turun (HOLD),0.44152316,Turun (HOLD)
2014-06-11,1751.24853515625,Turun,0.37309031837698214,Turun (HOLD),0.46897864,Turun (HOLD)
2014-06-12,1743.46533203125,Turun,0.4014045110574139,Turun (HOLD),0.5320663,Turun (HOLD)
2014-06-13,1724.0068359375,Turun,0.46295135615266175,Turun (HOLD),0.553098,Turun (HOLD)
2014-06-16,1716.223876953125,Turun,0.4873462939628871,Turun (HOLD),0.5734337,Turun (HOLD)
2014-06-17,1724.0068359375,Turun,0.42777989210107786,Turun (HOLD),0.5147453,Turun (HOLD)
2014-06-18,1716.223876953125,Turun,0.43798496274067683,Turun (HOLD),0.518668,Turun (HOLD)
2014-06-19,1720.1151123046875,Naik,0.4187637336085927,Turun (HOLD),0.49064633,Turun (HOLD)
2014-06-20,1696.765380859375,Turun,0.4681575924005758,Turun (HOLD),0.5179066,Turun (HOLD)
2014-06-23,1712.3319091796875,Naik,0.3611105162219982,Turun (HOLD),0.45373082,Turun (HOLD)
2014-06-24,1704.5484619140625,Naik,0.42215443234975386,Turun (HOLD),0.48742056,Turun (HOLD)
2014-06-25,1665.6319580078125,Naik,0.4693012707946251,Turun (HOLD),0.52287227,Turun (HOLD)
2014-06-26,1712.3319091796875,Naik,0.3443919072589891,Turun (HOLD),0.44242126,Turun (HOLD)
2014-06-27,1685.0902099609375,Naik,0.42961558941401656,Turun (HOLD),0.4718015,Turun (HOLD)
2014-06-30,1712.3319091796875,Naik,0.3381729758712983,Turun (HOLD),0.43804175,Turun (HOLD)
2014-07-01,1712.3319091796875,Naik,0.37661734927029206,Turun (HOLD),0.51155823,Turun (HOLD)
2014-07-02,1724.0068359375,Naik,0.36094644302165724,Turun (HOLD),0.50454813,Turun (HOLD)
2014-07-03,1708.440185546875,Naik,0.4382418864415772,Turun (HOLD),0.5421527,Turun (HOLD)
2014-07-04,1727.8985595703125,Naik,0.38558767273356104,Turun (HOLD),0.5202046,Turun (HOLD)
2014-07-07,1755.14013671875,Turun,0.35120096103102094,Turun (HOLD),0.5043484,Turun (HOLD)
2014-07-08,1759.0316162109375,Naik,0.382232775274947,Turun (HOLD),0.5281418,Turun (HOLD)
2014-07-09,1759.0316162109375,Naik,0.3929218444091671,Turun (HOLD),0.53316784,Turun (HOLD)
2014-07-10,1786.2738037109375,Naik,0.3422244620489587,Turun (HOLD),0.5012987,Turun (HOLD)
2014-07-11,1759.0316162109375,Naik,0.4391539010948612,Turun (HOLD),0.5733026,Turun (HOLD)
2014-07-14,1759.0316162109375,Naik,0.4556039091409311,Turun (HOLD),0.58769584,Turun (HOLD)
2014-07-15,1774.5982666015625,Naik,0.3587035422619614,Turun (HOLD),0.5061372,Turun (HOLD)
2014-07-16,1813.5150146484373,Turun,0.32240497849326805,Turun (HOLD),0.4403279,Turun (HOLD)
2014-07-17,1813.5150146484373,Turun,0.3611373089001862,Turun (HOLD),0.4779946,Turun (HOLD)
2014-07-18,1813.5150146484373,Turun,0.3661540686635784,Turun (HOLD),0.48820552,Turun (HOLD)
2014-07-21,1813.5150146484373,Naik,0.36320043129063123,Turun (HOLD),0.48706752,Turun (HOLD)
2014-07-22,1817.4063720703125,Naik,0.38392990017944867,Turun (HOLD),0.5409511,Turun (HOLD)
2014-07-23,1809.6234130859373,Naik,0.3972579832323701,Turun (HOLD),0.5473537,Turun (HOLD)
2014-07-24,1813.5150146484373,Turun,0.3896953852211456,Turun (HOLD),0.54347885,Turun (HOLD)
2014-07-25,1805.7320556640625,Turun,0.4284256178598195,Turun (HOLD),0.57805413,Turun (HOLD)
2014-08-04,1825.1900634765625,Turun,0.34651007683271806,Turun (HOLD),0.46996263,Turun (HOLD)
2014-08-05,1829.0814208984373,Turun,0.3660221326696667,Turun (HOLD),0.48912802,Turun (HOLD)
2014-08-06,1829.0814208984373,Naik,0.3678917876382754,Turun (HOLD),0.4962738,Turun (HOLD)
2014-08-07,1805.7320556640625,Naik,0.42985537731194245,Turun (HOLD),0.53109837,Turun (HOLD)
2014-08-08,1809.6234130859373,Naik,0.4176327355672478,Turun (HOLD),0.5297777,Turun (HOLD)
2014-08-11,1821.2979736328125,Naik,0.3713607644796929,Turun (HOLD),0.5361839,Turun (HOLD)
2014-08-12,1821.2979736328125,Turun,0.3795797638921593,Turun (HOLD),0.5263274,Turun (HOLD)
2014-08-13,1829.0814208984373,Naik,0.3559612620239176,Turun (HOLD),0.4841933,Turun (HOLD)
2014-08-14,1829.0814208984373,Turun,0.3760867990875746,Turun (HOLD),0.53375995,Turun (HOLD)
2014-08-15,1836.865478515625,Naik,0.3682794558259939,Turun (HOLD),0.53394616,Turun (HOLD)
2014-08-18,1832.97314453125,Naik,0.37693614922328816,Turun (HOLD),0.5385038,Turun (HOLD)
2014-08-19,1817.4063720703125,Naik,0.4216908603439421,Turun (HOLD),0.5514772,Turun (HOLD)
2014-08-20,1832.97314453125,Naik,0.34770476095248903,Turun (HOLD),0.48802817,Turun (HOLD)
2014-08-21,1836.865478515625,Naik,0.3613233580154292,Turun (HOLD),0.49112135,Turun (HOLD)
2014-08-22,1836.865478515625,Turun,0.3609497947970384,Turun (HOLD),0.49063647,Turun (HOLD)
2014-08-25,1832.97314453125,Turun,0.3690239321650198,Turun (HOLD),0.49974954,Turun (HOLD)
2014-08-26,1836.865478515625,Turun,0.3635649730889863,Turun (HOLD),0.4908032,Turun (HOLD)
2014-08-27,1844.649169921875,Turun,0.35521995839227183,Turun (HOLD),0.48123547,Turun (HOLD)
2014-08-28,1844.649169921875,Naik,0.36594942153224336,Turun (HOLD),0.50029355,Turun (HOLD)
2014-08-29,1743.46533203125,Naik,0.45361092180382595,Turun (HOLD),0.5559072,Turun (HOLD)
2014-09-01,1821.2979736328125,Naik,0.35427220845840834,Turun (HOLD),0.47362483,Turun (HOLD)
2014-09-02,1821.2979736328125,Naik,0.3752983525148254,Turun (HOLD),0.4992015,Turun (HOLD)
2014-09-03,1821.2979736328125,Naik,0.36613794368690517,Turun (HOLD),0.48811394,Turun (HOLD)
2014-09-04,1836.865478515625,Naik,0.3494184093393572,Turun (HOLD),0.46024108,Turun (HOLD)
2014-09-05,1883.5645751953125,Turun,0.32283711882995225,Turun (HOLD),0.43194026,Turun (HOLD)
2014-09-08,1910.8070068359373,Turun,0.3168565906453783,Turun (HOLD),0.4117129,Turun (HOLD)
2014-09-09,1949.72314453125,Turun,0.3183900640883571,Turun (HOLD),0.39716974,Turun (HOLD)
2014-09-10,1922.4818115234373,Naik,0.3610999729464038,Turun (HOLD),0.44674754,Turun (HOLD)
2014-09-11,1899.1318359375,Naik,0.4103851310062381,Turun (HOLD),0.5091112,Turun (HOLD)
2014-09-12,1875.7818603515625,Naik,0.45716208337487363,Turun (HOLD),0.56840783,Turun (HOLD)
2014-09-15,1871.889892578125,Naik,0.457862260469399,Turun (HOLD),0.56898904,Turun (HOLD)
2014-09-16,1860.215087890625,Naik,0.45663403501752164,Turun (HOLD),0.56934226,Turun (HOLD)
2014-09-17,1906.9144287109373,Turun,0.3585393988078663,Turun (HOLD),0.45478582,Turun (HOLD)
2014-09-18,1953.615234375,Naik,0.338284443474479,Turun (HOLD),0.41673127,Turun (HOLD)
2014-09-19,1961.3980712890625,Turun,0.3604766379352443,Turun (HOLD),0.42597854,Turun (HOLD)
2014-09-22,1992.531005859375,Naik,0.34400789887304645,Turun (HOLD),0.39271933,Turun (HOLD)
2014-09-23,1969.181396484375,Naik,0.37983611053036265,Turun (HOLD),0.44228825,Turun (HOLD)
2014-09-24,1941.9405517578125,Naik,0.4652109080159176,Turun (HOLD),0.5540971,Turun (HOLD)
2014-09-25,2004.206298828125,Turun,0.35086467487116946,Turun (HOLD),0.41818234,Turun (HOLD)
2014-09-26,1992.531005859375,Turun,0.3751464653735334,Turun (HOLD),0.44616514,Turun (HOLD)
2014-09-29,2035.340087890625,Turun,0.34857662663587197,Turun (HOLD),0.41685516,Turun (HOLD)
2014-09-30,2035.340087890625,Turun,0.3890578490798947,Turun (HOLD),0.4537259,Turun (HOLD)
2014-10-01,2027.5567626953125,Naik,0.3836958756227869,Turun (HOLD),0.45937583,Turun (HOLD)
2014-10-02,1930.2655029296875,Naik,0.4839979157116091,Turun (HOLD),0.5657774,Turun (HOLD)
2014-10-03,1887.456787109375,Naik,0.4620433075661534,Turun (HOLD),0.5472091,Turun (HOLD)
2014-10-06,1914.6983642578125,Naik,0.4335913601705826,Turun (HOLD),0.53226316,Turun (HOLD)
2014-10-07,1941.9405517578125,Naik,0.36786951396664386,Turun (HOLD),0.46524894,Turun (HOLD)
2014-10-08,1945.8319091796875,Turun,0.3917788051584496,Turun (HOLD),0.4795278,Turun (HOLD)
2014-10-09,1984.7486572265625,Turun,0.33929266450185963,Turun (HOLD),0.42171103,Turun (HOLD)
2014-10-10,1992.531005859375,Turun,0.36362304755922953,Turun (HOLD),0.44076577,Turun (HOLD)
2014-10-13,1961.3980712890625,Turun,0.4059086125753047,Turun (HOLD),0.49271008,Turun (HOLD)
2014-10-14,1965.2899169921875,Naik,0.40965359417153907,Turun (HOLD),0.5010951,Turun (HOLD)
2014-10-15,1973.0732421875,Naik,0.40808677686870587,Turun (HOLD),0.508913,Turun (HOLD)
2014-10-16,1961.3980712890625,Naik,0.4263474155699408,Turun (HOLD),0.5321507,Turun (HOLD)
2014-10-17,1957.5068359375,Naik,0.43612717331518397,Turun (HOLD),0.52988183,Turun (HOLD)
2014-10-20,1965.2899169921875,Naik,0.4218700767876385,Turun (HOLD),0.54313713,Turun (HOLD)
2014-10-21,1984.7486572265625,Naik,0.4000897509121957,Turun (HOLD),0.52092046,Turun (HOLD)
2014-10-22,2027.5567626953125,Naik,0.3640436866020018,Turun (HOLD),0.46159822,Turun (HOLD)
2014-10-23,2066.472900390625,Turun,0.3642261457710188,Turun (HOLD),0.46129844,Turun (HOLD)
2014-10-24,2074.256591796875,Turun,0.3828852564278454,Turun (HOLD),0.47085947,Turun (HOLD)
2014-10-27,2050.906494140625,Turun,0.3876679178203633,Turun (HOLD),0.46113986,Turun (HOLD)
2014-10-28,2074.256591796875,Turun,0.36430390921811395,Turun (HOLD),0.44378328,Turun (HOLD)
2014-10-29,2082.040771484375,Naik,0.3844862987840427,Turun (HOLD),0.46333972,Turun (HOLD)
2014-10-30,2023.6649169921875,Turun,0.4713016227513201,Turun (HOLD),0.57251954,Turun (HOLD)
2014-10-31,2031.4483642578125,Turun,0.4661240056957597,Turun (HOLD),0.56748044,Turun (HOLD)
2014-11-03,2035.340087890625,Turun,0.43755851023931136,Turun (HOLD),0.5350269,Turun (HOLD)
2014-11-04,2027.5567626953125,Turun,0.4378111899218112,Turun (HOLD),0.55167764,Turun (HOLD)
2014-11-05,2039.2320556640625,Turun,0.4033197574274362,Turun (HOLD),0.511585,Turun (HOLD)
2014-11-06,2019.7733154296875,Naik,0.43327487254551605,Turun (HOLD),0.565529,Turun (HOLD)
2014-11-07,1976.965087890625,Naik,0.48420821262116315,Turun (HOLD),0.6182418,Turun (HOLD)
2014-11-10,1953.615234375,Naik,0.47452869672942005,Turun (HOLD),0.6099248,Turun (HOLD)
2014-11-11,1996.423583984375,Naik,0.3902759140713104,Turun (HOLD),0.51357883,Turun (HOLD)
2014-11-12,2004.206298828125,Naik,0.40144332173587255,Turun (HOLD),0.513085,Turun (HOLD)
2014-11-13,2004.206298828125,Naik,0.40226640738104885,Turun (HOLD),0.5131272,Turun (HOLD)
2014-11-14,2011.989990234375,Naik,0.40146197345283663,Turun (HOLD),0.513046,Turun (HOLD)
2014-11-17,2008.09814453125,Naik,0.4104227326200529,Turun (HOLD),0.5276269,Turun (HOLD)
2014-11-18,2039.2320556640625,Turun,0.3800825414315827,Turun (HOLD),0.49272987,Turun (HOLD)
2014-11-19,2078.147705078125,Turun,0.3521392663374706,Turun (HOLD),0.44449916,Turun (HOLD)
2014-11-20,2062.58154296875,Turun,0.41429165417285263,Turun (HOLD),0.53283066,Turun (HOLD)
2014-11-21,2074.256591796875,Turun,0.3964856989818871,Turun (HOLD),0.5173209,Turun (HOLD)
2014-11-24,2066.472900390625,Turun,0.4120776068665483,Turun (HOLD),0.5360427,Turun (HOLD)
2014-11-25,2062.58154296875,Turun,0.45782834293297403,Turun (HOLD),0.5828977,Turun (HOLD)
2014-11-26,2058.68994140625,Naik,0.4461040173456085,Turun (HOLD),0.5559537,Turun (HOLD)
2014-11-27,2039.2320556640625,Naik,0.4843018286848386,Turun (HOLD),0.6189492,Turun (HOLD)
2014-11-28,2039.2320556640625,Naik,0.44374389597300734,Turun (HOLD),0.5729187,Turun (HOLD)
2014-12-01,2035.340087890625,Naik,0.43402459338943833,Turun (HOLD),0.57150245,Turun (HOLD)
2014-12-02,2054.798828125,Naik,0.3730703578747806,Turun (HOLD),0.4947015,Turun (HOLD)
2014-12-03,2062.58154296875,Naik,0.3779465659565732,Turun (HOLD),0.49557066,Turun (HOLD)
2014-12-04,2062.58154296875,Turun,0.38620966022274805,Turun (HOLD),0.5058052,Turun (HOLD)
2014-12-05,2086.01953125,Turun,0.35932947017889305,Turun (HOLD),0.4607243,Turun (HOLD)
2014-12-08,2074.30029296875,Turun,0.38387397109938765,Turun (HOLD),0.50597626,Turun (HOLD)
2014-12-09,2070.394287109375,Turun,0.40746095407111876,Turun (HOLD),0.51895154,Turun (HOLD)
2014-12-10,2078.20751953125,Turun,0.3843247898433861,Turun (HOLD),0.49211085,Turun (HOLD)
2014-12-11,2074.30029296875,Turun,0.394890184547428,Turun (HOLD),0.51363754,Turun (HOLD)
2014-12-12,2070.394287109375,Naik,0.39791724568514525,Turun (HOLD),0.5215685,Turun (HOLD)
2014-12-15,2039.1431884765625,Naik,0.44583478882730276,Turun (HOLD),0.5895909,Turun (HOLD)
2014-12-16,2007.89208984375,Naik,0.4321259633918607,Turun (HOLD),0.57195944,Turun (HOLD)
2014-12-17,2007.89208984375,Naik,0.44854181041826263,Turun (HOLD),0.6008422,Turun (HOLD)
2014-12-18,2027.4239501953125,Turun,0.38509917829179335,Turun (HOLD),0.52292454,Turun (HOLD)
2014-12-19,2058.675048828125,Turun,0.36268684720000577,Turun (HOLD),0.47517493,Turun (HOLD)
2014-12-22,2043.0496826171875,Naik,0.4133648801194279,Turun (HOLD),0.5534731,Turun (HOLD)
2014-12-23,2054.7685546875,Turun,0.4270450400960845,Turun (HOLD),0.5502926,Turun (HOLD)
2014-12-24,2062.58203125,Turun,0.4169961827105141,Turun (HOLD),0.5556714,Turun (HOLD)
2014-12-29,2054.7685546875,Naik,0.4313479106929777,Turun (HOLD),0.57358396,Turun (HOLD)
2014-12-30,2050.8623046875,Turun,0.40991377826219544,Turun (HOLD),0.5596351,Turun (HOLD)
2015-01-02,2066.488037109375,Turun,0.3820146001920638,Turun (HOLD),0.5083632,Turun (HOLD)
2015-01-05,2062.58203125,Turun,0.3911299157431648,Turun (HOLD),0.5162329,Turun (HOLD)
2015-01-06,2046.9564208984373,Turun,0.41622521899135734,Turun (HOLD),0.55259466,Turun (HOLD)
2015-01-07,2050.8623046875,Turun,0.40081383932599746,Turun (HOLD),0.52872735,Turun (HOLD)
2015-01-08,2027.4239501953125,Turun,0.4489746280337991,Turun (HOLD),0.57794505,Turun (HOLD)
2015-01-09,2019.611083984375,Naik,0.4597010711839933,Turun (HOLD),0.59339434,Turun (HOLD)
2015-01-12,2031.330322265625,Turun,0.39081664069610067,Turun (HOLD),0.52770984,Turun (HOLD)
2015-01-13,2031.330322265625,Naik,0.41273820255799093,Turun (HOLD),0.55732644,Turun (HOLD)
2015-01-14,2019.611083984375,Naik,0.4470358532685999,Turun (HOLD),0.5727246,Turun (HOLD)
2015-01-15,2023.517333984375,Naik,0.42521955074116763,Turun (HOLD),0.56982666,Turun (HOLD)
2015-01-16,2023.517333984375,Naik,0.4260090076429067,Turun (HOLD),0.5705134,Turun (HOLD)
2015-01-19,2031.330322265625,Naik,0.3928588245022584,Turun (HOLD),0.5155205,Turun (HOLD)
2015-01-20,2035.23681640625,Naik,0.38590879797433586,Turun (HOLD),0.5195866,Turun (HOLD)
2015-01-21,2043.0496826171875,Naik,0.38188910469442217,Turun (HOLD),0.5247402,Turun (HOLD)
2015-01-22,2062.58203125,Naik,0.37981490683570585,Turun (HOLD),0.53500086,Turun (HOLD)
2015-01-23,2082.113525390625,Naik,0.35066776385695975,Turun (HOLD),0.5019093,Turun (HOLD)
2015-01-26,2054.7685546875,Naik,0.40281084230883885,Turun (HOLD),0.54214376,Turun (HOLD)
2015-01-27,2062.58203125,Naik,0.39076057133972436,Turun (HOLD),0.54419386,Turun (HOLD)
2015-01-28,2074.30029296875,Naik,0.38205843455709726,Turun (HOLD),0.53603643,Turun (HOLD)
2015-01-29,2082.113525390625,Naik,0.3471915192445447,Turun (HOLD),0.50003713,Turun (HOLD)
2015-01-30,2089.92724609375,Naik,0.340290056123375,Turun (HOLD),0.4814121,Turun (HOLD)
2015-02-02,2086.01953125,Naik,0.3668657854845668,Turun (HOLD),0.50872797,Turun (HOLD)
2015-02-03,2109.458251953125,Naik,0.3250610969139422,Turun (HOLD),0.46717513,Turun (HOLD)
2015-02-04,2171.961181640625,Naik,0.30848691407853285,Turun (HOLD),0.4149851,Turun (HOLD)
2015-02-05,2140.70947265625,Naik,0.3542887534116351,Turun (HOLD),0.47515476,Turun (HOLD)
2015-02-06,2140.70947265625,Naik,0.36546008440290617,Turun (HOLD),0.49647123,Turun (HOLD)
2015-02-09,2156.3349609375,Naik,0.34093214758444906,Turun (HOLD),0.5134178,Turun (HOLD)
2015-02-10,2148.522705078125,Naik,0.3540792684502056,Turun (HOLD),0.48880076,Turun (HOLD)
2015-02-11,2175.867431640625,Naik,0.3180447864636327,Turun (HOLD),0.46261802,Turun (HOLD)
2015-02-12,2171.961181640625,Naik,0.34464799440506383,Turun (HOLD),0.48641354,Turun (HOLD)
2015-02-13,2191.492919921875,Turun,0.30354661906919367,Turun (HOLD),0.43107608,Turun (HOLD)
2015-02-16,2187.586181640625,Naik,0.339237053133101,Turun (HOLD),0.48057836,Turun (HOLD)
2015-02-17,2199.3056640625,Turun,0.3211970431169582,Turun (HOLD),0.46091592,Turun (HOLD)
2015-02-18,2199.3056640625,Turun,0.3278145719003378,Turun (HOLD),0.44869635,Turun (HOLD)
2015-02-20,2195.399169921875,Naik,0.3683783114445074,Turun (HOLD),0.5049556,Turun (HOLD)
2015-02-23,2191.492919921875,Naik,0.3788828518879883,Turun (HOLD),0.50951344,Turun (HOLD)
2015-02-24,2195.399169921875,Naik,0.37533174314466367,Turun (HOLD),0.5103304,Turun (HOLD)
2015-02-25,2203.211669921875,Naik,0.34241246439708983,Turun (HOLD),0.48224083,Turun (HOLD)
2015-02-26,2199.3056640625,Naik,0.3493304221517884,Turun (HOLD),0.49378017,Turun (HOLD)
2015-02-27,2203.211669921875,Naik,0.34122996855183946,Turun (HOLD),0.50094545,Turun (HOLD)
2015-03-02,2222.74462890625,Naik,0.3119385382621595,Turun (HOLD),0.43386832,Turun (HOLD)
2015-03-03,2250.088623046875,Turun,0.31487059834662307,Turun (HOLD),0.41642904,Turun (HOLD)
2015-03-04,2253.9951171875,Turun,0.3367073310437983,Turun (HOLD),0.43255535,Turun (HOLD)
2015-03-05,2265.71435546875,Turun,0.3546416201402535,Turun (HOLD),0.4421473,Turun (HOLD)
2015-03-06,2281.340087890625,Turun,0.3204481169038074,Turun (HOLD),0.40303382,Turun (HOLD)
2015-03-09,2246.1826171875,Turun,0.36255773362366017,Turun (HOLD),0.47229037,Turun (HOLD)
2015-03-10,2253.9951171875,Turun,0.3604840859985752,Turun (HOLD),0.47060418,Turun (HOLD)
2015-03-11,2230.55712890625,Naik,0.4203996840858666,Turun (HOLD),0.54811674,Turun (HOLD)
2015-03-12,2218.837890625,Naik,0.44020549382882057,Turun (HOLD),0.56343466,Turun (HOLD)
2015-03-13,2203.211669921875,Naik,0.46681041848409016,Turun (HOLD),0.5816707,Turun (HOLD)
2015-03-16,2211.02490234375,Naik,0.39098684864994593,Turun (HOLD),0.5139434,Turun (HOLD)
2015-03-17,2203.211669921875,Naik,0.39151671649142805,Turun (HOLD),0.5176173,Turun (HOLD)
2015-03-18,2222.74462890625,Naik,0.34073369755934574,Turun (HOLD),0.43886602,Turun (HOLD)
2015-03-19,2226.65087890625,Naik,0.38905647255548725,Turun (HOLD),0.52104247,Turun (HOLD)
2015-03-20,2238.36962890625,Naik,0.3539995128858295,Turun (HOLD),0.50190145,Turun (HOLD)
2015-03-23,2257.90185546875,Turun,0.32806620849648627,Turun (HOLD),0.48380634,Turun (HOLD)
2015-03-24,2273.52734375,Naik,0.32863141895092074,Turun (HOLD),0.46006933,Turun (HOLD)
2015-03-25,2285.24658203125,Naik,0.33650031956262694,Turun (HOLD),0.45829666,Turun (HOLD)
2015-03-26,2269.620849609375,Naik,0.29283646022073967,Turun (HOLD),0.44163594,Turun (HOLD)
2015-03-27,2257.90185546875,Naik,0.386924021742773,Turun (HOLD),0.50326794,Turun (HOLD)
2015-03-30,2265.71435546875,Naik,0.29429384383849155,Turun (HOLD),0.45252833,Turun (HOLD)
2015-03-31,2316.497802734375,Naik,0.2553863951964191,Turun (HOLD),0.39115512,Turun (HOLD)
2015-04-01,2316.497802734375,Naik,0.30808570160031773,Turun (HOLD),0.40169224,Turun (HOLD)
2015-04-02,2312.591064453125,Naik,0.33569312943886426,Turun (HOLD),0.41062564,Turun (HOLD)
2015-04-06,2371.187744140625,Turun,0.29581053958613235,Turun (HOLD),0.37245324,Turun (HOLD)
2015-04-07,2390.719970703125,Turun,0.3215422657932933,Turun (HOLD),0.40025744,Turun (HOLD)
2015-04-08,2347.7490234375,Turun,0.35799156867228277,Turun (HOLD),0.4580154,Turun (HOLD)
2015-04-09,2355.561767578125,Turun,0.5411787694869338,Turun (HOLD),0.46897754,Turun (HOLD)
2015-04-10,2351.655517578125,Turun,0.5422910741639195,Turun (HOLD),0.4616532,Turun (HOLD)
2015-04-13,2347.7490234375,Turun,0.5407543836015045,Turun (HOLD),0.47106844,Turun (HOLD)
2015-04-14,2336.02978515625,Naik,0.5766051688383749,Turun (HOLD),0.47330943,Turun (HOLD)
2015-04-15,2304.778564453125,Naik,0.7773698820609403,Naik (BUY),0.67443955,Naik (BUY)
2015-04-16,2328.217041015625,Turun,0.5864063559794239,Turun (HOLD),0.5276816,Turun (HOLD)
2015-04-17,2320.0380859375,Naik,0.6781569490807122,Naik (BUY),0.6107217,Turun (HOLD)
2015-04-20,2312.1728515625,Turun,0.7840989115022726,Naik (BUY),0.69174963,Naik (BUY)
2015-04-21,2343.63134765625,Turun,0.5349743179705696,Turun (HOLD),0.4710668,Turun (HOLD)
2015-04-22,2339.698974609375,Turun,0.6145055277303578,Turun (HOLD),0.5262395,Turun (HOLD)
2015-04-23,2343.63134765625,Turun,0.6076821775018044,Turun (HOLD),0.49668962,Turun (HOLD)
2015-04-24,2343.63134765625,Turun,0.6357301928188431,Turun (HOLD),0.538301,Turun (HOLD)
2015-04-27,2233.528076171875,Turun,0.7471976609939229,Naik (BUY),0.6430789,Turun (HOLD)
2015-04-28,2209.934326171875,Turun,0.7493849576053871,Naik (BUY),0.66535854,Naik (BUY)
2015-04-29,2123.424560546875,Naik,0.7562683815015713,Naik (BUY),0.66484076,Naik (BUY)
2015-04-30,2119.491943359375,Naik,0.7467362267977325,Naik (BUY),0.64952946,Turun (HOLD)
2015-05-04,2158.8154296875,Turun,0.6736687076009623,Naik (BUY),0.5973634,Turun (HOLD)
2015-05-05,2178.47607421875,Turun,0.700564231763197,Naik (BUY),0.6129136,Turun (HOLD)
2015-05-06,2154.88232421875,Naik,0.7426332653417171,Naik (BUY),0.62391645,Turun (HOLD)
2015-05-07,2154.88232421875,Turun,0.7382298620933536,Naik (BUY),0.6280065,Turun (HOLD)
2015-05-08,2166.679443359375,Turun,0.7172387911700876,Naik (BUY),0.6135796,Turun (HOLD)
2015-05-11,2154.88232421875,Naik,0.7418241943256955,Naik (BUY),0.63143927,Turun (HOLD)
2015-05-12,2158.8154296875,Naik,0.7331716698167653,Naik (BUY),0.61436623,Turun (HOLD)
2015-05-13,2158.8154296875,Naik,0.7381722948711266,Naik (BUY),0.6283867,Turun (HOLD)
2015-05-15,2127.35693359375,Naik,0.7380271415665574,Naik (BUY),0.61971,Turun (HOLD)
2015-05-18,2139.1533203125,Naik,0.7280478075191724,Naik (BUY),0.63401806,Turun (HOLD)
2015-05-19,2147.01806640625,Naik,0.7430988992586006,Naik (BUY),0.6302618,Turun (HOLD)
2015-05-20,2182.40869140625,Naik,0.6487253956397003,Turun (HOLD),0.5527127,Turun (HOLD)
2015-05-21,2221.7314453125,Turun,0.6122268544515816,Turun (HOLD),0.5652102,Turun (HOLD)
2015-05-22,2257.121826171875,Turun,0.6036651749859632,Turun (HOLD),0.5185632,Turun (HOLD)
2015-05-25,2249.257080078125,Turun,0.7305309959320825,Naik (BUY),0.60722166,Turun (HOLD)
2015-05-26,2257.121826171875,Turun,0.7440729401115881,Naik (BUY),0.60628563,Turun (HOLD)
2015-05-27,2241.39306640625,Turun,0.7681150204512864,Naik (BUY),0.6530968,Naik (BUY)
2015-05-28,2225.66357421875,Turun,0.7652957800975804,Naik (BUY),0.65762377,Naik (BUY)
2015-05-29,2221.7314453125,Turun,0.7734902959341413,Naik (BUY),0.65603626,Naik (BUY)
2015-06-01,2221.7314453125,Turun,0.7632231952506328,Naik (BUY),0.65393186,Naik (BUY)
2015-06-03,2139.1533203125,Turun,0.7380479842953158,Naik (BUY),0.6277492,Turun (HOLD)
2015-06-04,2143.085693359375,Turun,0.7390937004400334,Naik (BUY),0.62321484,Turun (HOLD)
2015-06-05,2147.01806640625,Turun,0.732412086308511,Naik (BUY),0.6217193,Turun (HOLD)
2015-06-08,2135.220947265625,Turun,0.7219732309399362,Naik (BUY),0.59067506,Turun (HOLD)
2015-06-09,2091.966552734375,Naik,0.7363004142793017,Naik (BUY),0.5925273,Turun (HOLD)
2015-06-10,2095.898681640625,Naik,0.7231908042386538,Naik (BUY),0.58414775,Turun (HOLD)
2015-06-11,2099.83056640625,Naik,0.7314914614572855,Naik (BUY),0.59456754,Turun (HOLD)
2015-06-12,2084.10205078125,Naik,0.7266790839571534,Naik (BUY),0.59805566,Turun (HOLD)
2015-06-15,2091.966552734375,Naik,0.7345888803736735,Naik (BUY),0.60186356,Turun (HOLD)
2015-06-16,2099.83056640625,Naik,0.7246626827433668,Naik (BUY),0.5749595,Turun (HOLD)
2015-06-17,2158.8154296875,Turun,0.5874085806691852,Turun (HOLD),0.4948975,Turun (HOLD)
2015-06-18,2143.085693359375,Turun,0.7076038817414667,Naik (BUY),0.5697014,Turun (HOLD)
2015-06-19,2154.88232421875,Turun,0.6931014564494554,Naik (BUY),0.5592399,Turun (HOLD)
2015-06-22,2158.8154296875,Turun,0.7378159964984269,Naik (BUY),0.5905462,Turun (HOLD)
2015-06-23,2150.95068359375,Turun,0.7486193897973394,Naik (BUY),0.6173211,Turun (HOLD)
2015-06-24,2143.085693359375,Turun,0.7642755446125322,Naik (BUY),0.6474427,Turun (HOLD)
2015-06-25,2119.491943359375,Naik,0.7492250794619516,Naik (BUY),0.6054977,Turun (HOLD)
2015-06-26,2131.288818359375,Naik,0.7301773156392607,Naik (BUY),0.5922346,Turun (HOLD)
2015-06-29,2123.424560546875,Turun,0.7437829713258957,Naik (BUY),0.5912939,Turun (HOLD)
2015-06-30,2123.424560546875,Turun,0.7470133102603317,Naik (BUY),0.5843589,Turun (HOLD)
2015-07-01,2123.424560546875,Turun,0.7473078064083241,Naik (BUY),0.59533805,Turun (HOLD)
2015-07-02,2139.1533203125,Turun,0.703156976918837,Naik (BUY),0.5629635,Turun (HOLD)
2015-07-03,2143.085693359375,Turun,0.7377825855049672,Naik (BUY),0.587078,Turun (HOLD)
2015-07-06,2139.1533203125,Turun,0.7427807290816691,Naik (BUY),0.58817273,Turun (HOLD)
2015-07-07,2076.23779296875,Naik,0.7327339849837419,Naik (BUY),0.59122,Turun (HOLD)
2015-07-08,2095.898681640625,Naik,0.6983367627998185,Naik (BUY),0.5901918,Turun (HOLD)
2015-07-09,2084.10205078125,Naik,0.7335987452983022,Naik (BUY),0.5913971,Turun (HOLD)
2015-07-10,2091.966552734375,Naik,0.7303278167120999,Naik (BUY),0.5836307,Turun (HOLD)
2015-07-13,2123.424560546875,Naik,0.596059154457971,Turun (HOLD),0.529746,Turun (HOLD)
2015-07-14,2139.1533203125,Turun,0.6274936549122986,Turun (HOLD),0.5500311,Turun (HOLD)
2015-07-15,2123.424560546875,Turun,0.6811083348033945,Naik (BUY),0.5922768,Turun (HOLD)
2015-07-22,2131.288818359375,Turun,0.6871597519307625,Naik (BUY),0.58851284,Turun (HOLD)
2015-07-23,2162.747314453125,Turun,0.5980670071918588,Turun (HOLD),0.5300093,Turun (HOLD)
2015-07-24,2158.8154296875,Turun,0.6826107368137179,Naik (BUY),0.58625114,Turun (HOLD)
2015-07-27,2115.559814453125,Naik,0.6767184925519776,Naik (BUY),0.6189867,Turun (HOLD)
2015-07-28,2044.7791748046875,Naik,0.6665559753514857,Naik (BUY),0.59671986,Turun (HOLD)
2015-07-29,2021.185791015625,Naik,0.6649837344108445,Naik (BUY),0.60611004,Turun (HOLD)
2015-07-30,2013.3206787109373,Naik,0.6647998607549187,Naik (BUY),0.60078883,Turun (HOLD)
2015-07-31,2060.5087890625,Naik,0.619752939434297,Turun (HOLD),0.54613394,Turun (HOLD)
2015-08-03,2084.10205078125,Naik,0.56476468132957,Turun (HOLD),0.49466926,Turun (HOLD)
2015-08-04,2091.966552734375,Naik,0.6431916690701074,Turun (HOLD),0.55371356,Turun (HOLD)
2015-08-05,2154.88232421875,Turun,0.5615312572779109,Turun (HOLD),0.49416903,Turun (HOLD)
2015-08-06,2170.611572265625,Turun,0.5910389909241343,Turun (HOLD),0.501499,Turun (HOLD)
2015-08-07,2162.747314453125,Turun,0.6609547428894756,Naik (BUY),0.5637239,Turun (HOLD)
2015-08-10,2178.47607421875,Turun,0.6313425177908076,Turun (HOLD),0.5390144,Turun (HOLD)
2015-08-11,2131.288818359375,Turun,0.6765833641169581,Naik (BUY),0.62355137,Turun (HOLD)
2015-08-12,2068.37255859375,Turun,0.6678144501520145,Naik (BUY),0.60588205,Turun (HOLD)
2015-08-13,2076.23779296875,Turun,0.6650564382974776,Naik (BUY),0.59952426,Turun (HOLD)
2015-08-14,2084.10205078125,Turun,0.6736559345772232,Naik (BUY),0.6062424,Turun (HOLD)
2015-08-18,2040.8466796875,Turun,0.6539200996114282,Naik (BUY),0.5824125,Turun (HOLD)
2015-08-19,1997.5921630859373,Turun,0.6488554637587638,Turun (HOLD),0.5767474,Turun (HOLD)
2015-08-20,1930.7437744140625,Naik,0.7400067854386309,Naik (BUY),0.5993564,Turun (HOLD)
2015-08-21,1867.8272705078125,Naik,0.7365831574609257,Naik (BUY),0.5999217,Turun (HOLD)
2015-08-24,1777.384765625,Naik,0.770318027523999,Naik (BUY),0.6077336,Turun (HOLD)
2015-08-25,1828.5045166015625,Naik,0.6653886444933409,Naik (BUY),0.5676964,Turun (HOLD)
2015-08-26,1863.8956298828125,Naik,0.6542003313106021,Naik (BUY),0.55353326,Turun (HOLD)
2015-08-27,1981.8626708984373,Turun,0.6000730724088886,Turun (HOLD),0.5044566,Turun (HOLD)
2015-08-28,2021.185791015625,Turun,0.6009716651192961,Turun (HOLD),0.52345425,Turun (HOLD)
2015-08-31,2029.050048828125,Turun,0.6457069101454797,Turun (HOLD),0.53830206,Turun (HOLD)
2015-09-01,1977.9306640625,Turun,0.7460474808842071,Naik (BUY),0.6021909,Turun (HOLD)
2015-09-02,1930.7437744140625,Turun,0.7321075518672521,Naik (BUY),0.58665544,Turun (HOLD)
2015-09-03,1934.675537109375,Turun,0.7451840474511005,Naik (BUY),0.60059726,Turun (HOLD)
2015-09-04,1926.8106689453125,Turun,0.7382583528591541,Naik (BUY),0.5881908,Turun (HOLD)
2015-09-07,1875.6920166015625,Naik,0.7300866174959277,Naik (BUY),0.5844358,Turun (HOLD)
2015-09-08,1856.0306396484373,Naik,0.7294340098250622,Naik (BUY),0.58976984,Turun (HOLD)
2015-09-09,1875.6920166015625,Naik,0.678037273031954,Naik (BUY),0.57307494,Turun (HOLD)
2015-09-10,1875.6920166015625,Naik,0.7003269679578634,Naik (BUY),0.5857531,Turun (HOLD)
2015-09-11,1875.6920166015625,Naik,0.7092228853837262,Naik (BUY),0.5900176,Turun (HOLD)
2015-09-14,1903.2171630859373,Naik,0.6060649296359281,Turun (HOLD),0.5229181,Turun (HOLD)
2015-09-15,1879.6239013671875,Naik,0.7110204389020176,Naik (BUY),0.5876368,Turun (HOLD)
2015-09-16,1863.8956298828125,Turun,0.71167659934211,Naik (BUY),0.5890451,Turun (HOLD)
2015-09-17,1922.8785400390625,Turun,0.5985423781948299,Turun (HOLD),0.528316,Turun (HOLD)
2015-09-18,1930.7437744140625,Turun,0.6568620943848932,Naik (BUY),0.5558182,Turun (HOLD)
2015-09-21,1915.014404296875,Turun,0.7085000498310104,Naik (BUY),0.59567386,Turun (HOLD)
2015-09-22,1911.082275390625,Naik,0.7042179077474099,Naik (BUY),0.6004383,Turun (HOLD)
2015-09-23,1867.8272705078125,Naik,0.7031899994166918,Naik (BUY),0.58539724,Turun (HOLD)
2015-09-25,1856.0306396484373,Naik,0.7099371069631693,Naik (BUY),0.5872374,Turun (HOLD)
2015-09-28,1804.9112548828125,Naik,0.6886997268452304,Naik (BUY),0.5811852,Turun (HOLD)
2015-09-29,1871.7593994140625,Naik,0.6408737016141339,Turun (HOLD),0.5492318,Turun (HOLD)
2015-09-30,1930.7437744140625,Naik,0.5784577714784154,Turun (HOLD),0.5051532,Turun (HOLD)
2015-10-01,1887.48876953125,Naik,0.7138811305494728,Naik (BUY),0.5854771,Turun (HOLD)
2015-10-02,1867.8272705078125,Naik,0.7317934792291882,Naik (BUY),0.6095131,Turun (HOLD)
2015-10-05,1973.998779296875,Naik,0.5672518202266876,Turun (HOLD),0.5100319,Turun (HOLD)
2015-10-06,2036.91455078125,Turun,0.5811817381201895,Turun (HOLD),0.5559899,Turun (HOLD)
2015-10-07,2044.7791748046875,Turun,0.628928876093204,Turun (HOLD),0.5858205,Turun (HOLD)
2015-10-08,2060.5087890625,Turun,0.6054343069455408,Turun (HOLD),0.5725015,Turun (HOLD)
2015-10-09,2076.23779296875,Turun,0.6235651161060243,Turun (HOLD),0.5844746,Turun (HOLD)
2015-10-12,2103.763916015625,Turun,0.5892928443414303,Turun (HOLD),0.5532914,Turun (HOLD)
2015-10-13,2036.91455078125,Naik,0.7498166505306225,Naik (BUY),0.6691574,Naik (BUY)
2015-10-15,2040.8466796875,Naik,0.7484503255484347,Naik (BUY),0.6725353,Naik (BUY)
2015-10-16,2013.3206787109373,Naik,0.7526999373510702,Naik (BUY),0.6689416,Naik (BUY)
2015-10-19,2064.4404296875,Naik,0.6263308384422859,Turun (HOLD),0.55509675,Turun (HOLD)
2015-10-20,2076.23779296875,Naik,0.6385311390159237,Turun (HOLD),0.54098016,Turun (HOLD)
2015-10-21,2095.898681640625,Naik,0.5915618309801551,Turun (HOLD),0.5267965,Turun (HOLD)
2015-10-22,2107.695556640625,Turun,0.5804814677171177,Turun (HOLD),0.4808861,Turun (HOLD)
2015-10-23,2119.491943359375,Turun,0.5888672469821175,Turun (HOLD),0.4971744,Turun (HOLD)
2015-10-26,2147.01806640625,Turun,0.546569944056077,Turun (HOLD),0.47155538,Turun (HOLD)
2015-10-27,2147.01806640625,Turun,0.6048517792606041,Turun (HOLD),0.4971665,Turun (HOLD)
2015-10-28,2135.220947265625,Turun,0.6378707607723682,Turun (HOLD),0.5554914,Turun (HOLD)
2015-10-29,2068.37255859375,Naik,0.7649285567784415,Naik (BUY),0.6611119,Naik (BUY)
2015-10-30,2029.050048828125,Naik,0.7486927610802794,Naik (BUY),0.63745636,Turun (HOLD)
2015-11-02,2009.3885498046875,Naik,0.7513559563428088,Naik (BUY),0.63883746,Turun (HOLD)
2015-11-03,2068.37255859375,Turun,0.652468929234882,Naik (BUY),0.57571244,Turun (HOLD)
2015-11-04,2111.6279296875,Turun,0.5588326730018108,Turun (HOLD),0.48964855,Turun (HOLD)
2015-11-05,2131.288818359375,Turun,0.5566124929083048,Turun (HOLD),0.4938454,Turun (HOLD)
2015-11-06,2131.288818359375,Turun,0.5660215406762696,Turun (HOLD),0.47218907,Turun (HOLD)
2015-11-09,2064.4404296875,Turun,0.7547192230376217,Naik (BUY),0.6456058,Turun (HOLD)
2015-11-10,2032.9825439453125,Naik,0.7657264064977638,Naik (BUY),0.6386786,Turun (HOLD)
2015-11-11,2040.8466796875,Naik,0.7497845024829733,Naik (BUY),0.6290398,Turun (HOLD)
2015-11-12,2040.8466796875,Naik,0.7517073993377976,Naik (BUY),0.6263122,Turun (HOLD)
2015-11-13,2041.6368408203125,Naik,0.7345730980000738,Naik (BUY),0.61151505,Turun (HOLD)
2015-11-16,2037.6876220703125,Naik,0.7205263912146868,Naik (BUY),0.60970926,Turun (HOLD)
2015-11-17,2073.228759765625,Naik,0.5947777647544673,Turun (HOLD),0.5234775,Turun (HOLD)
2015-11-18,2065.330810546875,Naik,0.7188144790324797,Naik (BUY),0.5961491,Turun (HOLD)
2015-11-19,2045.5855712890625,Naik,0.7372474392260554,Naik (BUY),0.6158114,Turun (HOLD)
2015-11-20,2077.177490234375,Turun,0.6304709658668082,Turun (HOLD),0.5454262,Turun (HOLD)
2015-11-23,2100.871826171875,Turun,0.6451011344776603,Turun (HOLD),0.6003239,Turun (HOLD)
2015-11-24,2128.514892578125,Turun,0.5158358070290294,Turun (HOLD),0.43665954,Turun (HOLD)
2015-11-25,2132.4638671875,Turun,0.6216497593216908,Turun (HOLD),0.53007096,Turun (HOLD)
2015-11-26,2136.4130859375,Turun,0.644973328696136,Turun (HOLD),0.5555325,Turun (HOLD)
2015-11-27,2077.177490234375,Naik,0.7520470433378209,Naik (BUY),0.6383192,Turun (HOLD)
2015-11-30,1954.7587890625,Naik,0.7310563583914438,Naik (BUY),0.6026149,Turun (HOLD)
2015-12-01,2092.973876953125,Turun,0.6532856983847808,Naik (BUY),0.5555675,Turun (HOLD)
2015-12-02,2100.871826171875,Turun,0.6821035362532103,Naik (BUY),0.56123847,Turun (HOLD)
2015-12-03,2100.871826171875,Naik,0.6764033934560748,Naik (BUY),0.555923,Turun (HOLD)
2015-12-04,2073.228759765625,Naik,0.7488852088593961,Naik (BUY),0.6073014,Turun (HOLD)
2015-12-07,2089.024658203125,Naik,0.7040881697733422,Naik (BUY),0.6019675,Turun (HOLD)
2015-12-08,2057.432861328125,Naik,0.7574321852847297,Naik (BUY),0.6356098,Turun (HOLD)
2015-12-09,2057.432861328125,Naik,0.7625909700278977,Naik (BUY),0.62636566,Turun (HOLD)
2015-12-10,2132.4638671875,Naik,0.587808490024178,Turun (HOLD),0.50223917,Turun (HOLD)
2015-12-11,2085.075927734375,Naik,0.7500758467487978,Naik (BUY),0.60200435,Turun (HOLD)
2015-12-14,2085.075927734375,Naik,0.7377724900156055,Naik (BUY),0.5975767,Turun (HOLD)
2015-12-15,2069.280029296875,Turun,0.7503081646530227,Naik (BUY),0.6251095,Turun (HOLD)
2015-12-16,2128.514892578125,Turun,0.6216724627647925,Turun (HOLD),0.5260555,Turun (HOLD)
2015-12-17,2148.259765625,Turun,0.6347518711366934,Turun (HOLD),0.5673882,Turun (HOLD)
2015-12-18,2089.024658203125,Naik,0.762487542782518,Naik (BUY),0.624001,Turun (HOLD)
2015-12-21,2081.126708984375,Naik,0.773200348284061,Naik (BUY),0.66747093,Naik (BUY)
2015-12-22,2085.075927734375,Naik,0.7811733923952178,Naik (BUY),0.6716313,Naik (BUY)
2015-12-23,2081.126708984375,Naik,0.7785897826088839,Naik (BUY),0.66910934,Naik (BUY)
2015-12-28,2104.820556640625,Naik,0.7040554990878435,Naik (BUY),0.6257669,Turun (HOLD)
2015-12-29,2092.973876953125,Turun,0.7616213153102472,Naik (BUY),0.66351104,Naik (BUY)
2015-12-30,2100.871826171875,Turun,0.7609826700373912,Naik (BUY),0.6614872,Naik (BUY)
2016-01-04,2089.024658203125,Turun,0.7448987552860852,Naik (BUY),0.61000293,Turun (HOLD)
2016-01-05,2112.719482421875,Turun,0.6723978344027264,Naik (BUY),0.56430405,Turun (HOLD)
2016-01-06,2085.075927734375,Naik,0.7430043367112988,Naik (BUY),0.61310464,Turun (HOLD)
2016-01-07,2053.48388671875,Naik,0.7244006378483556,Naik (BUY),0.60157627,Turun (HOLD)
2016-01-08,2053.48388671875,Naik,0.7470632464129251,Naik (BUY),0.6055571,Turun (HOLD)
2016-01-11,2013.9940185546875,Naik,0.7431650606131971,Naik (BUY),0.5979926,Turun (HOLD)
2016-01-12,2069.280029296875,Turun,0.6936331728951645,Naik (BUY),0.616131,Turun (HOLD)
2016-01-13,2081.126708984375,Naik,0.6940780798519901,Naik (BUY),0.55990463,Turun (HOLD)
2016-01-14,2057.432861328125,Turun,0.6879999264507787,Naik (BUY),0.60840094,Turun (HOLD)
2016-01-15,2053.48388671875,Naik,0.7713719502081671,Naik (BUY),0.6501486,Naik (BUY)
2016-01-18,2049.53466796875,Naik,0.6767623731617115,Naik (BUY),0.6112194,Turun (HOLD)
2016-01-19,2065.330810546875,Naik,0.6442702360782109,Turun (HOLD),0.5912452,Turun (HOLD)
2016-01-20,2057.432861328125,Naik,0.6726304959354348,Naik (BUY),0.60293245,Turun (HOLD)
2016-01-21,2045.5855712890625,Naik,0.6795576499705478,Naik (BUY),0.6158367,Turun (HOLD)
2016-01-22,2053.48388671875,Turun,0.6829689087503552,Naik (BUY),0.61591476,Turun (HOLD)
2016-01-25,2073.228759765625,Naik,0.6806388520643659,Naik (BUY),0.63877946,Turun (HOLD)
2016-01-26,2053.48388671875,Turun,0.7648189236046812,Naik (BUY),0.65337855,Naik (BUY)
2016-01-27,2069.280029296875,Turun,0.7044662992671432,Naik (BUY),0.58276427,Turun (HOLD)
2016-01-28,2077.177490234375,Turun,0.6938330498469374,Naik (BUY),0.6034095,Turun (HOLD)
2016-01-29,2069.280029296875,Naik,0.6947865285211309,Naik (BUY),0.6107238,Turun (HOLD)
2016-02-01,2089.024658203125,Naik,0.6549195896343545,Naik (BUY),0.59079266,Turun (HOLD)
2016-02-02,2069.280029296875,Naik,0.785188482613053,Naik (BUY),0.66985023,Naik (BUY)
2016-02-03,2061.381591796875,Naik,0.770718586714648,Naik (BUY),0.66796565,Naik (BUY)
2016-02-04,2077.177490234375,Naik,0.6853414650531979,Naik (BUY),0.65192664,Naik (BUY)
2016-02-05,2120.616943359375,Turun,0.610760227226095,Turun (HOLD),0.57469755,Turun (HOLD)
2016-02-09,2100.871826171875,Naik,0.6822903360205016,Naik (BUY),0.58719164,Turun (HOLD)
2016-02-10,2096.922607421875,Naik,0.6987797975080559,Naik (BUY),0.6283485,Turun (HOLD)
2016-02-11,2108.77001953125,Naik,0.7006317345776016,Naik (BUY),0.65468603,Naik (BUY)
2016-02-12,2096.922607421875,Turun,0.70770267673737,Naik (BUY),0.6622666,Naik (BUY)
2016-02-15,2108.77001953125,Turun,0.7031707420097424,Naik (BUY),0.6565461,Naik (BUY)
2016-02-16,2116.66796875,Turun,0.713589578110986,Naik (BUY),0.65246916,Naik (BUY)
2016-02-17,2116.66796875,Turun,0.7197838210975199,Naik (BUY),0.66004986,Naik (BUY)
2016-02-18,2116.66796875,Turun,0.6962846986518737,Naik (BUY),0.6091941,Turun (HOLD)
2016-02-19,2061.381591796875,Naik,0.75787892484235,Naik (BUY),0.63388705,Turun (HOLD)
2016-02-22,2081.126708984375,Naik,0.7189591106097358,Naik (BUY),0.61087424,Turun (HOLD)
2016-02-23,2069.280029296875,Naik,0.7581702186951346,Naik (BUY),0.6207258,Turun (HOLD)
2016-02-24,2057.432861328125,Naik,0.7569196192805255,Naik (BUY),0.6122087,Turun (HOLD)
2016-02-25,2065.330810546875,Naik,0.7715609671330015,Naik (BUY),0.66412973,Naik (BUY)
2016-02-26,2108.77001953125,Naik,0.6231950152801976,Turun (HOLD),0.51922995,Turun (HOLD)
2016-02-29,2128.514892578125,Naik,0.6093993435989552,Turun (HOLD),0.50535846,Turun (HOLD)
2016-03-01,2116.66796875,Turun,0.720369536846457,Naik (BUY),0.57813454,Turun (HOLD)
2016-03-02,2124.565673828125,Turun,0.757437666991762,Naik (BUY),0.6443307,Turun (HOLD)
2016-03-03,2136.4130859375,Turun,0.740494365711769,Naik (BUY),0.6423174,Turun (HOLD)
2016-03-04,2144.310546875,Turun,0.7499013734133139,Naik (BUY),0.64595,Turun (HOLD)
2016-03-07,2144.310546875,Naik,0.7441770167958505,Naik (BUY),0.64749724,Turun (HOLD)
2016-03-08,2116.66796875,Naik,0.7717677175452088,Naik (BUY),0.6691319,Naik (BUY)
2016-03-10,2116.66796875,Naik,0.7889695512624354,Naik (BUY),0.67253536,Naik (BUY)
2016-03-11,2116.66796875,Naik,0.78532673459603,Naik (BUY),0.67180145,Naik (BUY)
2016-03-14,2116.66796875,Naik,0.7794818927243612,Naik (BUY),0.6700289,Naik (BUY)
2016-03-15,2144.310546875,Naik,0.6542456518240476,Naik (BUY),0.544748,Turun (HOLD)
2016-03-16,2148.259765625,Turun,0.7271518583321496,Naik (BUY),0.5855872,Turun (HOLD)
2016-03-17,2168.005126953125,Turun,0.6706994289556283,Naik (BUY),0.60340136,Turun (HOLD)
2016-03-18,2164.0556640625,Turun,0.7312683458714235,Naik (BUY),0.63506955,Turun (HOLD)
2016-03-21,2175.903076171875,Turun,0.6933468929396587,Naik (BUY),0.5797134,Turun (HOLD)
2016-03-22,2156.157470703125,Turun,0.7509490809845875,Naik (BUY),0.6119485,Turun (HOLD)
2016-03-23,2132.4638671875,Turun,0.7731783518670139,Naik (BUY),0.64700323,Turun (HOLD)
2016-03-24,2104.820556640625,Turun,0.7363276277632699,Naik (BUY),0.6133991,Turun (HOLD)
2016-03-28,2081.126708984375,Naik,0.7532897890739315,Naik (BUY),0.5980014,Turun (HOLD)
2016-03-29,2065.330810546875,Naik,0.7482973258454642,Naik (BUY),0.5977493,Turun (HOLD)
2016-03-30,2073.228759765625,Turun,0.7508877893265439,Naik (BUY),0.6067843,Turun (HOLD)
2016-03-31,2100.871826171875,Turun,0.699276657096655,Naik (BUY),0.56182224,Turun (HOLD)
2016-04-01,2100.871826171875,Turun,0.765224504584077,Naik (BUY),0.5937608,Turun (HOLD)
2016-04-04,2104.820556640625,Turun,0.7649838860344838,Naik (BUY),0.59038955,Turun (HOLD)
2016-04-05,2104.820556640625,Turun,0.7883553797487354,Naik (BUY),0.6567257,Naik (BUY)
2016-04-06,2061.381591796875,Turun,0.7514938802912211,Naik (BUY),0.60534185,Turun (HOLD)
2016-04-07,2069.280029296875,Turun,0.759763753198734,Naik (BUY),0.6182384,Turun (HOLD)
2016-04-08,2065.330810546875,Naik,0.7665665078999514,Naik (BUY),0.6006009,Turun (HOLD)
2016-04-11,2065.330810546875,Naik,0.7703116705116642,Naik (BUY),0.6107785,Turun (HOLD)
2016-04-12,2061.381591796875,Naik,0.7607563185115259,Naik (BUY),0.6032588,Turun (HOLD)
2016-04-13,2061.381591796875,Naik,0.7776900495596653,Naik (BUY),0.64956146,Turun (HOLD)
2016-04-14,2061.381591796875,Naik,0.76209352135238,Naik (BUY),0.60467803,Turun (HOLD)
2016-04-15,2078.102294921875,Naik,0.7337782011983088,Naik (BUY),0.577154,Turun (HOLD)
2016-04-18,2078.102294921875,Naik,0.5844643392959785,Turun (HOLD),0.5501689,Turun (HOLD)
2016-04-19,2078.102294921875,Turun,0.606304250655547,Turun (HOLD),0.56001914,Turun (HOLD)
2016-04-20,2086.064453125,Turun,0.562284098329733,Turun (HOLD),0.5098814,Turun (HOLD)
2016-04-21,2086.064453125,Turun,0.592085178065831,Turun (HOLD),0.55303454,Turun (HOLD)
2016-04-22,2090.044921875,Turun,0.5680971319564325,Turun (HOLD),0.51964974,Turun (HOLD)
2016-04-25,2086.064453125,Naik,0.6319067218889873,Turun (HOLD),0.56572324,Turun (HOLD)
2016-04-26,2062.177734375,Naik,0.6829967121348688,Naik (BUY),0.6575453,Naik (BUY)
2016-04-27,2078.102294921875,Turun,0.6221523591332413,Turun (HOLD),0.57425296,Turun (HOLD)
2016-04-28,2074.12109375,Naik,0.6600435661749459,Naik (BUY),0.59646213,Turun (HOLD)
2016-04-29,2078.102294921875,Naik,0.5981804535055619,Turun (HOLD),0.54761165,Turun (HOLD)
2016-05-02,2086.064453125,Naik,0.5380525116633871,Turun (HOLD),0.49791458,Turun (HOLD)
2016-05-03,2078.102294921875,Naik,0.6589995900099062,Naik (BUY),0.59299195,Turun (HOLD)
2016-05-04,2086.064453125,Naik,0.5775078878353079,Turun (HOLD),0.536441,Turun (HOLD)
2016-05-09,2090.044921875,Turun,0.5444502288729567,Turun (HOLD),0.530267,Turun (HOLD)
2016-05-10,2098.00732421875,Turun,0.4865755500276604,Turun (HOLD),0.4918409,Turun (HOLD)
2016-05-11,2094.02587890625,Turun,0.574329837323146,Turun (HOLD),0.55254924,Turun (HOLD)
2016-05-12,2094.02587890625,Turun,0.5925973306466075,Turun (HOLD),0.56548995,Turun (HOLD)
2016-05-13,2094.02587890625,Turun,0.5655557829746352,Turun (HOLD),0.5584467,Turun (HOLD)
2016-05-16,2074.12109375,Naik,0.6626300263602662,Naik (BUY),0.6115553,Turun (HOLD)
2016-05-17,2070.139892578125,Naik,0.674798299951591,Naik (BUY),0.6212681,Turun (HOLD)
2016-05-18,2074.12109375,Naik,0.6513772456649558,Naik (BUY),0.59800345,Turun (HOLD)
2016-05-19,2066.15869140625,Naik,0.6804447286738998,Naik (BUY),0.6116524,Turun (HOLD)
2016-05-20,2074.12109375,Turun,0.5790843915869636,Turun (HOLD),0.55131054,Turun (HOLD)
2016-05-23,2086.064453125,Naik,0.5110324533830762,Turun (HOLD),0.5044329,Turun (HOLD)
2016-05-24,2066.15869140625,Turun,0.6732003192768964,Naik (BUY),0.61231756,Turun (HOLD)
2016-05-25,2070.139892578125,Naik,0.6502534554951839,Naik (BUY),0.58752716,Turun (HOLD)
2016-05-26,2074.12109375,Naik,0.6357043743270291,Turun (HOLD),0.57312167,Turun (HOLD)
2016-05-27,2070.139892578125,Naik,0.6658396503959071,Naik (BUY),0.59210014,Turun (HOLD)
2016-05-30,2101.988525390625,Turun,0.4284004747828225,Turun (HOLD),0.44406143,Turun (HOLD)
2016-05-31,2070.139892578125,Naik,0.6989467571033947,Naik (BUY),0.6235442,Turun (HOLD)
2016-06-01,2098.00732421875,Naik,0.48091698849479053,Turun (HOLD),0.4663032,Turun (HOLD)
2016-06-02,2094.02587890625,Turun,0.5145793715346555,Turun (HOLD),0.49350223,Turun (HOLD)
2016-06-03,2090.044921875,Turun,0.5858985048481004,Turun (HOLD),0.54769903,Turun (HOLD)
2016-06-06,2090.044921875,Turun,0.6259465508732549,Turun (HOLD),0.56489545,Turun (HOLD)
2016-06-07,2086.064453125,Turun,0.6801480946934848,Naik (BUY),0.6128462,Turun (HOLD)
2016-06-08,2086.064453125,Turun,0.6405757498564291,Turun (HOLD),0.5816175,Turun (HOLD)
2016-06-09,2070.139892578125,Naik,0.6927257387293357,Naik (BUY),0.6256243,Turun (HOLD)
2016-06-10,2058.197021484375,Naik,0.6927429154234442,Naik (BUY),0.6316107,Turun (HOLD)
2016-06-13,2034.310546875,Naik,0.7230052731113938,Naik (BUY),0.66119117,Naik (BUY)
2016-06-14,2046.2540283203125,Turun,0.6596272870848465,Naik (BUY),0.625917,Turun (HOLD)
2016-06-15,2058.197021484375,Turun,0.5733665744830303,Turun (HOLD),0.55145526,Turun (HOLD)
2016-06-16,2070.139892578125,Turun,0.4826550944740285,Turun (HOLD),0.45148104,Turun (HOLD)
2016-06-17,2054.2158203125,Turun,0.6520256404009243,Naik (BUY),0.5745642,Turun (HOLD)
2016-06-20,2042.2730712890625,Turun,0.6895181388089265,Naik (BUY),0.6339758,Turun (HOLD)
2016-06-21,2042.2730712890625,Naik,0.6963501584968785,Naik (BUY),0.6401974,Turun (HOLD)
2016-06-22,2054.2158203125,Naik,0.6164597809982336,Turun (HOLD),0.57052076,Turun (HOLD)
2016-06-23,2062.177734375,Naik,0.502322645720615,Turun (HOLD),0.5080301,Turun (HOLD)
2016-06-24,2034.310546875,Naik,0.7144391754464986,Naik (BUY),0.66090053,Naik (BUY)
2016-06-27,2038.291259765625,Naik,0.6715963365439489,Naik (BUY),0.62459725,Turun (HOLD)
2016-06-28,2074.12109375,Naik,0.40678463589086383,Turun (HOLD),0.42935374,Turun (HOLD)
2016-06-29,2117.91259765625,Naik,0.3206029739821411,Turun (HOLD),0.37601206,Turun (HOLD)
2016-06-30,2121.893310546875,Naik,0.3363923702176071,Turun (HOLD),0.37412906,Turun (HOLD)
2016-07-01,2105.96923828125,Naik,0.42778361382349855,Turun (HOLD),0.44511542,Turun (HOLD)
2016-07-11,2149.7607421875,Naik,0.37241324630920253,Turun (HOLD),0.43070868,Turun (HOLD)
2016-07-12,2189.571533203125,Naik,0.37059253148718485,Turun (HOLD),0.43682238,Turun (HOLD)
2016-07-13,2197.533203125,Naik,0.3808747012027073,Turun (HOLD),0.42379323,Turun (HOLD)
2016-07-14,2205.4951171875,Naik,0.39803192769130336,Turun (HOLD),0.44274905,Turun (HOLD)
2016-07-15,2229.381103515625,Naik,0.36027868208167224,Turun (HOLD),0.42514822,Turun (HOLD)
2016-07-18,2221.419921875,Naik,0.3822789166075168,Turun (HOLD),0.4486612,Turun (HOLD)
2016-07-19,2277.154052734375,Turun,0.31257770485415903,Turun (HOLD),0.35416093,Turun (HOLD)
2016-07-20,2301.040283203125,Naik,0.32555640344443904,Turun (HOLD),0.35943723,Turun (HOLD)
2016-07-21,2316.96435546875,Turun,0.33011853501971505,Turun (HOLD),0.37685004,Turun (HOLD)
2016-07-22,2312.9833984375,Turun,0.3607949879862473,Turun (HOLD),0.4311224,Turun (HOLD)
2016-07-25,2309.002197265625,Naik,0.41948829299305496,Turun (HOLD),0.49660066,Turun (HOLD)
2016-07-26,2285.115966796875,Naik,0.48710100595061284,Turun (HOLD),0.55743736,Turun (HOLD)
2016-07-27,2316.96435546875,Naik,0.37138436489012755,Turun (HOLD),0.45458797,Turun (HOLD)
2016-07-28,2297.05908203125,Naik,0.48718890736140424,Turun (HOLD),0.5480915,Turun (HOLD)
2016-07-29,2301.040283203125,Naik,0.4616529637097476,Turun (HOLD),0.5194773,Turun (HOLD)
2016-08-01,2368.7177734375,Naik,0.3287538743575408,Turun (HOLD),0.3705328,Turun (HOLD)
2016-08-02,2388.623291015625,Turun,0.3360714092281275,Turun (HOLD),0.367893,Turun (HOLD)
2016-08-03,2384.642333984375,Turun,0.37381062960121053,Turun (HOLD),0.42497006,Turun (HOLD)
2016-08-04,2388.623291015625,Turun,0.3736113072781243,Turun (HOLD),0.4339264,Turun (HOLD)
2016-08-05,2404.54736328125,Turun,0.3671708570028787,Turun (HOLD),0.42054653,Turun (HOLD)
2016-08-08,2404.54736328125,Turun,0.40762318732596214,Turun (HOLD),0.48349026,Turun (HOLD)
2016-08-09,2388.623291015625,Naik,0.45715483578570715,Turun (HOLD),0.53189856,Turun (HOLD)
2016-08-10,2380.6611328125,Naik,0.46739769738779774,Turun (HOLD),0.54446805,Turun (HOLD)
2016-08-11,2380.6611328125,Naik,0.4631981032874773,Turun (HOLD),0.54392916,Turun (HOLD)
2016-08-12,2388.623291015625,Naik,0.4254730819865269,Turun (HOLD),0.5041912,Turun (HOLD)
2016-08-15,2396.5849609375,Naik,0.36742610776571494,Turun (HOLD),0.45908487,Turun (HOLD)
2016-08-16,2408.5283203125,Naik,0.34394034740124146,Turun (HOLD),0.41965693,Turun (HOLD)
2016-08-18,2420.470947265625,Turun,0.34447956929353685,Turun (HOLD),0.41983113,Turun (HOLD)
2016-08-19,2436.395751953125,Turun,0.3432559666494493,Turun (HOLD),0.4134338,Turun (HOLD)
2016-08-22,2436.395751953125,Turun,0.3662483039184681,Turun (HOLD),0.46073106,Turun (HOLD)
2016-08-23,2432.4150390625,Turun,0.41092549220946933,Turun (HOLD),0.5139443,Turun (HOLD)
2016-08-24,2436.395751953125,Turun,0.41759106982111727,Turun (HOLD),0.5112054,Turun (HOLD)
2016-08-25,2428.43359375,Turun,0.43289347869100103,Turun (HOLD),0.530439,Turun (HOLD)
2016-08-26,2420.470947265625,Turun,0.4487215703112056,Turun (HOLD),0.5532644,Turun (HOLD)
2016-08-29,2392.6044921875,Turun,0.5153875158917697,Turun (HOLD),0.6050148,Turun (HOLD)
2016-08-30,2388.623291015625,Naik,0.48914729427921594,Turun (HOLD),0.60341465,Turun (HOLD)
2016-08-31,2396.5849609375,Naik,0.41588569131206427,Turun (HOLD),0.5408569,Turun (HOLD)
2016-09-01,2388.623291015625,Naik,0.41827998311976744,Turun (HOLD),0.55937636,Turun (HOLD)
2016-09-02,2388.623291015625,Turun,0.4238493915819052,Turun (HOLD),0.5287224,Turun (HOLD)
2016-09-05,2388.623291015625,Turun,0.45428357425428634,Turun (HOLD),0.5606292,Turun (HOLD)
2016-09-06,2392.6044921875,Turun,0.43152084006023594,Turun (HOLD),0.5466434,Turun (HOLD)
2016-09-07,2420.470947265625,Turun,0.3478409130436032,Turun (HOLD),0.44642806,Turun (HOLD)
2016-09-08,2416.490478515625,Turun,0.362996960214457,Turun (HOLD),0.48169547,Turun (HOLD)
2016-09-09,2396.5849609375,Naik,0.5185825793021126,Turun (HOLD),0.6431751,Turun (HOLD)
2016-09-13,2392.6044921875,Naik,0.4930015774926276,Turun (HOLD),0.61842775,Turun (HOLD)
2016-09-14,2384.642333984375,Turun,0.5144186655849587,Turun (HOLD),0.63424885,Turun (HOLD)
2016-09-15,2404.54736328125,Naik,0.43638029808094847,Turun (HOLD),0.55720687,Turun (HOLD)
2016-09-16,2404.54736328125,Naik,0.4221248302584679,Turun (HOLD),0.5532908,Turun (HOLD)
2016-09-19,2428.43359375,Naik,0.37036135153811545,Turun (HOLD),0.47719255,Turun (HOLD)
2016-09-20,2404.54736328125,Naik,0.47604506632002236,Turun (HOLD),0.58817,Turun (HOLD)
2016-09-21,2416.490478515625,Naik,0.4301614732996928,Turun (HOLD),0.5539848,Turun (HOLD)
2016-09-22,2444.357666015625,Naik,0.3809405974644132,Turun (HOLD),0.49026886,Turun (HOLD)
2016-09-23,2464.26318359375,Naik,0.39354696988655286,Turun (HOLD),0.4760877,Turun (HOLD)
2016-09-26,2444.357666015625,Naik,0.43950067937428244,Turun (HOLD),0.57327145,Turun (HOLD)
2016-09-27,2547.864990234375,Naik,0.3125987866925665,Turun (HOLD),0.3353162,Turun (HOLD)
2016-09-28,2456.300537109375,Naik,0.5697345111440214,Turun (HOLD),0.6696426,Naik (BUY)
2016-09-29,2504.073486328125,Turun,0.41400341276738506,Turun (HOLD),0.47233456,Turun (HOLD)
2016-09-30,2500.092529296875,Turun,0.44066673593295436,Turun (HOLD),0.54979056,Turun (HOLD)
2016-10-03,2543.8837890625,Turun,0.35304304852229085,Turun (HOLD),0.3819664,Turun (HOLD)
2016-10-04,2539.90234375,Naik,0.35298072172736633,Turun (HOLD),0.40752295,Turun (HOLD)
2016-10-05,2516.016357421875,Turun,0.5017447057109828,Turun (HOLD),0.6071293,Turun (HOLD)
2016-10-06,2512.034912109375,Turun,0.5128317964909498,Turun (HOLD),0.63149214,Turun (HOLD)
2016-10-07,2516.016357421875,Naik,0.506245985308734,Turun (HOLD),0.6238256,Turun (HOLD)
2016-10-10,2500.092529296875,Turun,0.5179674419696254,Turun (HOLD),0.6406402,Turun (HOLD)
2016-10-11,2516.016357421875,Naik,0.4723738088558001,Turun (HOLD),0.569692,Turun (HOLD)
2016-10-12,2484.168212890625,Naik,0.5219928561492486,Turun (HOLD),0.6526768,Naik (BUY)
2016-10-13,2460.28125,Naik,0.5391439311605285,Turun (HOLD),0.69156516,Naik (BUY)
2016-10-14,2516.016357421875,Naik,0.4177746083350822,Turun (HOLD),0.5086413,Turun (HOLD)
2016-10-17,2531.93994140625,Turun,0.4286180035397521,Turun (HOLD),0.51469433,Turun (HOLD)
2016-10-18,2555.826904296875,Turun,0.41858863911356897,Turun (HOLD),0.4957771,Turun (HOLD)
2016-10-19,2543.8837890625,Turun,0.4259790715366541,Turun (HOLD),0.5121963,Turun (HOLD)
2016-10-20,2508.054443359375,Turun,0.5270652746155021,Turun (HOLD),0.65878785,Naik (BUY)
2016-10-21,2516.016357421875,Turun,0.5163787418849122,Turun (HOLD),0.637056,Turun (HOLD)
2016-10-24,2496.11083984375,Turun,0.5426781456495222,Turun (HOLD),0.69034797,Naik (BUY)
2016-10-25,2468.24365234375,Turun,0.5450105965137823,Turun (HOLD),0.69058245,Naik (BUY)
2016-10-26,2468.24365234375,Turun,0.531644643564061,Turun (HOLD),0.66595995,Naik (BUY)
2016-10-27,2472.22509765625,Turun,0.5285365392210097,Turun (HOLD),0.6524089,Naik (BUY)
2016-10-28,2484.168212890625,Turun,0.4840835861126439,Turun (HOLD),0.5872712,Turun (HOLD)
2016-10-31,2472.22509765625,Turun,0.4914798187909069,Turun (HOLD),0.61317796,Turun (HOLD)
2016-11-01,2460.28125,Naik,0.5303599712487623,Turun (HOLD),0.6472197,Turun (HOLD)
2016-11-02,2464.26318359375,Turun,0.5142186022639967,Turun (HOLD),0.6478648,Turun (HOLD)
2016-11-03,2456.300537109375,Turun,0.5291028737542213,Turun (HOLD),0.6458949,Turun (HOLD)
2016-11-04,2468.24365234375,Turun,0.4943150325172311,Turun (HOLD),0.5825837,Turun (HOLD)
2016-11-07,2452.31982421875,Turun,0.4962467847130281,Turun (HOLD),0.63694805,Turun (HOLD)
2016-11-08,2468.24365234375,Turun,0.47512235056392843,Turun (HOLD),0.58862364,Turun (HOLD)
2016-11-09,2436.395751953125,Turun,0.525884034662645,Turun (HOLD),0.63447094,Turun (HOLD)
2016-11-10,2424.452392578125,Turun,0.5056076467387779,Turun (HOLD),0.6503867,Naik (BUY)
2016-11-11,2336.869384765625,Naik,0.5688436922398704,Turun (HOLD),0.62946224,Turun (HOLD)
2016-11-14,2289.09716796875,Naik,0.6042230885921991,Turun (HOLD),0.6146815,Turun (HOLD)
2016-11-15,2316.96435546875,Naik,0.5529777556499971,Turun (HOLD),0.5789942,Turun (HOLD)
2016-11-16,2344.83154296875,Turun,0.48710700774808724,Turun (HOLD),0.5836217,Turun (HOLD)
2016-11-17,2348.8125,Turun,0.4800342263463314,Turun (HOLD),0.54588854,Turun (HOLD)
2016-11-18,2344.83154296875,Turun,0.4677856466538678,Turun (HOLD),0.5441511,Turun (HOLD)
2016-11-21,2344.83154296875,Turun,0.46076956181812656,Turun (HOLD),0.57058007,Turun (HOLD)
2016-11-22,2332.88916015625,Turun,0.4840351589570908,Turun (HOLD),0.5624606,Turun (HOLD)
2016-11-23,2340.85009765625,Turun,0.46689790037259515,Turun (HOLD),0.5775033,Turun (HOLD)
2016-11-24,2316.96435546875,Naik,0.5158131451029766,Turun (HOLD),0.5629752,Turun (HOLD)
2016-11-25,2312.9833984375,Naik,0.5116106897153166,Turun (HOLD),0.57408756,Turun (HOLD)
2016-11-28,2289.09716796875,Naik,0.5662194121919266,Turun (HOLD),0.5950671,Turun (HOLD)
2016-11-29,2285.115966796875,Naik,0.5518065376543432,Turun (HOLD),0.58983374,Turun (HOLD)
2016-11-30,2277.154052734375,Naik,0.5641348697989922,Turun (HOLD),0.57486427,Turun (HOLD)
2016-12-01,2320.36083984375,Naik,0.3791976858797755,Turun (HOLD),0.42003205,Turun (HOLD)
2016-12-02,2348.365234375,Naik,0.3327218487698338,Turun (HOLD),0.4059301,Turun (HOLD)
2016-12-05,2344.364501953125,Turun,0.39490964640327764,Turun (HOLD),0.4650817,Turun (HOLD)
2016-12-06,2348.365234375,Naik,0.38737898593681463,Turun (HOLD),0.4552507,Turun (HOLD)
2016-12-07,2344.364501953125,Naik,0.47867479411711616,Turun (HOLD),0.5491092,Turun (HOLD)
2016-12-08,2352.365478515625,Naik,0.47887180637239574,Turun (HOLD),0.5774951,Turun (HOLD)
2016-12-09,2352.365478515625,Naik,0.47949268326503586,Turun (HOLD),0.5581895,Turun (HOLD)
2016-12-13,2352.365478515625,Naik,0.4844668190635333,Turun (HOLD),0.5605223,Turun (HOLD)
2016-12-14,2360.36669921875,Turun,0.39815416758415806,Turun (HOLD),0.5388721,Turun (HOLD)
2016-12-15,2364.367919921875,Turun,0.3908783400370578,Turun (HOLD),0.5382966,Turun (HOLD)
2016-12-16,2368.3681640625,Turun,0.38829403555703446,Turun (HOLD),0.5383018,Turun (HOLD)
2016-12-19,2356.3662109375,Naik,0.4218413954227222,Turun (HOLD),0.54672474,Turun (HOLD)
2016-12-20,2364.367919921875,Turun,0.41931326827941806,Turun (HOLD),0.5588964,Turun (HOLD)
2016-12-21,2348.365234375,Naik,0.4864162230672778,Turun (HOLD),0.56408656,Turun (HOLD)
2016-12-22,2328.361572265625,Naik,0.49954458635973853,Turun (HOLD),0.57452345,Turun (HOLD)
2016-12-23,2312.359375,Naik,0.47248569401617685,Turun (HOLD),0.57910174,Turun (HOLD)
2016-12-27,2368.3681640625,Naik,0.3326673453878919,Turun (HOLD),0.45009232,Turun (HOLD)
2016-12-28,2356.3662109375,Naik,0.3913919116692556,Turun (HOLD),0.4631411,Turun (HOLD)
2016-12-29,2456.382080078125,Naik,0.30951016147142085,Turun (HOLD),0.41009805,Turun (HOLD)
2016-12-30,2480.385986328125,Naik,0.31209864537196746,Turun (HOLD),0.40538323,Turun (HOLD)
2017-01-02,2480.385986328125,Turun,0.323413883213643,Turun (HOLD),0.42074817,Turun (HOLD)
2017-01-03,2524.39208984375,Turun,0.3015917150849658,Turun (HOLD),0.40421623,Turun (HOLD)
2017-01-04,2512.390869140625,Turun,0.3486654016289796,Turun (HOLD),0.47487748,Turun (HOLD)
2017-01-05,2508.389892578125,Turun,0.3992745950316739,Turun (HOLD),0.56180686,Turun (HOLD)
2017-01-06,2496.388427734375,Turun,0.42294716793847953,Turun (HOLD),0.5967929,Turun (HOLD)
2017-01-09,2456.382080078125,Turun,0.46425802761391505,Turun (HOLD),0.6319729,Turun (HOLD)
2017-01-10,2464.383056640625,Turun,0.4428705820120398,Turun (HOLD),0.6076848,Turun (HOLD)
2017-01-11,2448.38037109375,Turun,0.4712056973854939,Turun (HOLD),0.6408868,Turun (HOLD)
2017-01-12,2452.381103515625,Naik,0.4501559932175287,Turun (HOLD),0.6198686,Turun (HOLD)
2017-01-13,2444.379638671875,Naik,0.4275792019332201,Turun (HOLD),0.60116106,Turun (HOLD)
2017-01-16,2428.377685546875,Turun,0.4534556280948455,Turun (HOLD),0.60698396,Turun (HOLD)
2017-01-17,2428.377685546875,Turun,0.4475285238265468,Turun (HOLD),0.60392106,Turun (HOLD)
2017-01-18,2448.38037109375,Turun,0.3591651694910496,Turun (HOLD),0.5084072,Turun (HOLD)
2017-01-19,2460.3818359375,Naik,0.3284544124864447,Turun (HOLD),0.47941104,Turun (HOLD)
2017-01-20,2440.379638671875,Naik,0.44752380929268143,Turun (HOLD),0.5860712,Turun (HOLD)
2017-01-23,2408.3740234375,Naik,0.46454010039104593,Turun (HOLD),0.63421804,Turun (HOLD)
2017-01-24,2408.3740234375,Naik,0.45884744196678323,Turun (HOLD),0.62663335,Turun (HOLD)
2017-01-25,2392.3720703125,Naik,0.4663369905317745,Turun (HOLD),0.57931644,Turun (HOLD)
2017-01-26,2448.38037109375,Naik,0.3351787211694754,Turun (HOLD),0.45671207,Turun (HOLD)
2017-01-27,2464.383056640625,Turun,0.3142570462190126,Turun (HOLD),0.45358008,Turun (HOLD)
2017-01-30,2472.384521484375,Naik,0.32170565134919954,Turun (HOLD),0.46350956,Turun (HOLD)
2017-01-31,2448.38037109375,Naik,0.41009513356878663,Turun (HOLD),0.5519209,Turun (HOLD)
2017-02-01,2468.383544921875,Naik,0.38062626697625035,Turun (HOLD),0.5159093,Turun (HOLD)
2017-02-02,2472.384521484375,Naik,0.39918754597812584,Turun (HOLD),0.5524523,Turun (HOLD)
2017-02-03,2476.38525390625,Turun,0.34910992370708593,Turun (HOLD),0.51552004,Turun (HOLD)
2017-02-06,2496.388427734375,Naik,0.31114852349766536,Turun (HOLD),0.4544795,Turun (HOLD)
2017-02-07,2500.388671875,Turun,0.31002173576894776,Turun (HOLD),0.46610308,Turun (HOLD)
2017-02-08,2496.388427734375,Turun,0.33805291669575355,Turun (HOLD),0.5073213,Turun (HOLD)
2017-02-09,2500.388671875,Turun,0.35723163628292803,Turun (HOLD),0.52904856,Turun (HOLD)
2017-02-10,2400.373046875,Turun,0.4600217337382162,Turun (HOLD),0.569705,Turun (HOLD)
2017-02-13,2484.38623046875,Turun,0.3529347213766147,Turun (HOLD),0.5022896,Turun (HOLD)
2017-02-14,2480.385986328125,Turun,0.36772526760146174,Turun (HOLD),0.5236593,Turun (HOLD)
2017-02-15,2480.385986328125,Turun,0.37013555067638954,Turun (HOLD),0.5159687,Turun (HOLD)
2017-02-16,2480.385986328125,Naik,0.36772432364425744,Turun (HOLD),0.50796974,Turun (HOLD)
2017-02-17,2476.38525390625,Turun,0.4205975260059625,Turun (HOLD),0.5718692,Turun (HOLD)
2017-02-20,2472.384521484375,Naik,0.4720417001933424,Turun (HOLD),0.58265746,Turun (HOLD)
2017-02-21,2480.385986328125,Naik,0.4332878391506268,Turun (HOLD),0.55082023,Turun (HOLD)
2017-02-22,2480.385986328125,Naik,0.396923208615956,Turun (HOLD),0.5508633,Turun (HOLD)
2017-02-23,2480.385986328125,Turun,0.3896574827907107,Turun (HOLD),0.5468043,Turun (HOLD)
2017-02-24,2480.385986328125,Turun,0.41411628711740317,Turun (HOLD),0.56065047,Turun (HOLD)
2017-02-27,2480.385986328125,Turun,0.44596150462232365,Turun (HOLD),0.57065743,Turun (HOLD)
2017-02-28,2472.384521484375,Naik,0.4779042680040704,Turun (HOLD),0.6098761,Turun (HOLD)
2017-03-01,2480.385986328125,Turun,0.44622472378509404,Turun (HOLD),0.565974,Turun (HOLD)
2017-03-02,2480.385986328125,Naik,0.4499306376508192,Turun (HOLD),0.5743194,Turun (HOLD)
2017-03-03,2476.38525390625,Naik,0.4455841566398872,Turun (HOLD),0.5754044,Turun (HOLD)
2017-03-06,2476.38525390625,Naik,0.423618138885431,Turun (HOLD),0.56734425,Turun (HOLD)
2017-03-07,2472.384521484375,Naik,0.4022221979782482,Turun (HOLD),0.5668294,Turun (HOLD)
2017-03-08,2480.385986328125,Naik,0.393881305355714,Turun (HOLD),0.5394593,Turun (HOLD)
2017-03-09,2500.388671875,Naik,0.3214886173781516,Turun (HOLD),0.45698905,Turun (HOLD)
2017-03-10,2500.388671875,Naik,0.3397726567732581,Turun (HOLD),0.49685997,Turun (HOLD)
2017-03-13,2488.38671875,Naik,0.43157549232203757,Turun (HOLD),0.57327384,Turun (HOLD)
2017-03-14,2508.389892578125,Naik,0.340412662416659,Turun (HOLD),0.48824242,Turun (HOLD)
2017-03-15,2504.3896484375,Naik,0.3805620200176873,Turun (HOLD),0.5422063,Turun (HOLD)
2017-03-16,2540.39501953125,Naik,0.33422855669556273,Turun (HOLD),0.47754195,Turun (HOLD)
2017-03-17,2552.39697265625,Naik,0.3551524171393798,Turun (HOLD),0.48465163,Turun (HOLD)
2017-03-20,2572.400146484375,Naik,0.34605877024917986,Turun (HOLD),0.46165523,Turun (HOLD)
2017-03-21,2600.403564453125,Naik,0.33369588432348257,Turun (HOLD),0.44901416,Turun (HOLD)
2017-03-22,2612.406005859375,Naik,0.34306962777572403,Turun (HOLD),0.4674588,Turun (HOLD)
2017-03-23,2656.413330078125,Turun,0.29834544222035064,Turun (HOLD),0.37414852,Turun (HOLD)
2017-03-24,2648.41162109375,Naik,0.32155564996387276,Turun (HOLD),0.42317328,Turun (HOLD)
2017-03-27,2648.41162109375,Naik,0.3287217503323154,Turun (HOLD),0.45061624,Turun (HOLD)
2017-03-29,2672.415283203125,Turun,0.3126288793530702,Turun (HOLD),0.41628507,Turun (HOLD)
2017-03-30,2692.418701171875,Naik,0.31136927022790994,Turun (HOLD),0.4140891,Turun (HOLD)
2017-03-31,2648.41162109375,Naik,0.41823705211313295,Turun (HOLD),0.5427238,Turun (HOLD)
2017-04-03,2652.412353515625,Naik,0.40639728899913935,Turun (HOLD),0.54387075,Turun (HOLD)
2017-04-04,2680.416259765625,Naik,0.3278794401360718,Turun (HOLD),0.454524,Turun (HOLD)
2017-04-05,2680.416259765625,Naik,0.3378427383888677,Turun (HOLD),0.47128832,Turun (HOLD)
2017-04-06,2772.43115234375,Turun,0.2812066427082918,Turun (HOLD),0.34044194,Turun (HOLD)
2017-04-07,2776.431640625,Turun,0.29472484762481016,Turun (HOLD),0.34957328,Turun (HOLD)
2017-04-10,2776.431640625,Turun,0.3130376121335111,Turun (HOLD),0.37984115,Turun (HOLD)
2017-04-11,2792.434326171875,Turun,0.2828080044540186,Turun (HOLD),0.33946913,Turun (HOLD)
2017-04-12,2824.438720703125,Turun,0.2767712261364481,Turun (HOLD),0.32214788,Turun (HOLD)
2017-04-13,2776.431640625,Naik,0.41535966467496155,Turun (HOLD),0.5408105,Turun (HOLD)
2017-04-17,2728.867919921875,Naik,0.44916753764797046,Turun (HOLD),0.5948496,Turun (HOLD)
2017-04-18,2728.867919921875,Naik,0.43443575247713884,Turun (HOLD),0.5974451,Turun (HOLD)
2017-04-19,2728.867919921875,Naik,0.42611806938403624,Turun (HOLD),0.58660793,Turun (HOLD)
2017-04-20,2793.361328125,Naik,0.5614916116595757,Turun (HOLD),0.4440212,Turun (HOLD)
2017-04-21,2817.5458984375,Naik,0.4410351891476505,Turun (HOLD),0.35372072,Turun (HOLD)
2017-04-25,2805.45361328125,Naik,0.534563007021498,Turun (HOLD),0.43257168,Turun (HOLD)
2017-04-26,2902.193603515625,Naik,0.40315673709797745,Turun (HOLD),0.33668578,Turun (HOLD)
2017-04-27,2825.60791015625,Naik,0.48126479293672103,Turun (HOLD),0.4138682,Turun (HOLD)
2017-04-28,2861.885009765625,Naik,0.42173302746854163,Turun (HOLD),0.35386467,Turun (HOLD)
2017-05-02,2886.070068359375,Naik,0.4263851475414858,Turun (HOLD),0.35086387,Turun (HOLD)
2017-05-03,2861.885009765625,Naik,0.47455476937992874,Turun (HOLD),0.41751993,Turun (HOLD)
2017-05-04,2873.9775390625,Naik,0.4467396688250647,Turun (HOLD),0.36302575,Turun (HOLD)
2017-05-05,2865.915771484375,Naik,0.4716835303224517,Turun (HOLD),0.4009425,Turun (HOLD)
2017-05-08,2894.13134765625,Turun,0.42873535008820973,Turun (HOLD),0.36670363,Turun (HOLD)
2017-05-09,2902.193603515625,Turun,0.43428665550267964,Turun (HOLD),0.35933292,Turun (HOLD)
2017-05-10,2890.100830078125,Turun,0.4548854971176746,Turun (HOLD),0.37981683,Turun (HOLD)
2017-05-12,2902.193603515625,Turun,0.44716227959740257,Turun (HOLD),0.36277744,Turun (HOLD)
2017-05-15,2942.501220703125,Turun,0.4304394912812016,Turun (HOLD),0.35621342,Turun (HOLD)
2017-05-16,2805.45361328125,Naik,0.6743056829022614,Naik (BUY),0.66874164,Naik (BUY)
2017-05-17,2732.89892578125,Naik,0.6659549985252647,Naik (BUY),0.6668959,Naik (BUY)
2017-05-18,2805.45361328125,Naik,0.6581524166931421,Naik (BUY),0.6591094,Naik (BUY)
2017-05-19,2886.070068359375,Turun,0.4319106859143179,Turun (HOLD),0.37544957,Turun (HOLD)
2017-05-22,2845.76123046875,Turun,0.6166283091918591,Turun (HOLD),0.4972089,Turun (HOLD)
2017-05-23,2853.8232421875,Turun,0.5539162987619275,Turun (HOLD),0.43869913,Turun (HOLD)
2017-05-24,2817.5458984375,Turun,0.5782211873855811,Turun (HOLD),0.5708407,Turun (HOLD)
2017-05-26,2833.6689453125,Turun,0.5649103163120117,Turun (HOLD),0.56084925,Turun (HOLD)
2017-05-29,2865.915771484375,Naik,0.5398489170834042,Turun (HOLD),0.4711488,Turun (HOLD)
2017-05-30,2837.7001953125,Turun,0.6054425535334707,Turun (HOLD),0.55205137,Turun (HOLD)
2017-05-31,2765.145263671875,Naik,0.6215027558643185,Turun (HOLD),0.62045306,Turun (HOLD)
2017-06-01,2765.145263671875,Naik,0.6753629271094704,Naik (BUY),0.6687935,Naik (BUY)
2017-06-02,2829.637939453125,Turun,0.6286814559538577,Turun (HOLD),0.55206543,Turun (HOLD)
2017-06-05,2857.854248046875,Naik,0.6300730572461853,Turun (HOLD),0.5193445,Turun (HOLD)
2017-06-06,2829.637939453125,Naik,0.6456066014287865,Turun (HOLD),0.5448849,Turun (HOLD)
2017-06-07,2869.94677734375,Naik,0.5392538114553529,Turun (HOLD),0.47463307,Turun (HOLD)
2017-06-08,2890.100830078125,Turun,0.532115918900276,Turun (HOLD),0.46108735,Turun (HOLD)
2017-06-09,2853.8232421875,Naik,0.5953185478762384,Turun (HOLD),0.5441103,Turun (HOLD)
2017-06-12,2861.885009765625,Naik,0.5908592272406176,Turun (HOLD),0.52995884,Turun (HOLD)
2017-06-13,2882.039306640625,Naik,0.5412914517342352,Turun (HOLD),0.4827183,Turun (HOLD)
2017-06-14,2898.162841796875,Naik,0.5399627581631564,Turun (HOLD),0.4661499,Turun (HOLD)
2017-06-15,2910.2548828125,Turun,0.5394518500809087,Turun (HOLD),0.4683424,Turun (HOLD)
2017-06-16,2869.94677734375,Naik,0.6144727813703553,Turun (HOLD),0.5752772,Turun (HOLD)
2017-06-19,2890.100830078125,Naik,0.6040901330942814,Turun (HOLD),0.5354725,Turun (HOLD)
2017-06-20,2918.316162109375,Naik,0.5787444171909953,Turun (HOLD),0.4800281,Turun (HOLD)
2017-06-21,2934.43994140625,Turun,0.540494258081612,Turun (HOLD),0.45491624,Turun (HOLD)
2017-06-22,2926.3779296875,Turun,0.6483054026903732,Turun (HOLD),0.5382492,Turun (HOLD)
2017-06-23,2926.3779296875,Turun,0.6832131520914695,Naik (BUY),0.57202536,Turun (HOLD)
2017-06-26,2926.3779296875,Naik,0.689173433455177,Naik (BUY),0.58364046,Turun (HOLD)
2017-06-27,2926.3779296875,Naik,0.6981328780575394,Naik (BUY),0.5967666,Turun (HOLD)
2017-06-28,2926.3779296875,Naik,0.6894442668622055,Naik (BUY),0.58438444,Turun (HOLD)
2017-06-29,2926.3779296875,Naik,0.6951677186065831,Naik (BUY),0.588834,Turun (HOLD)
2017-06-30,2926.3779296875,Naik,0.6947724933481039,Naik (BUY),0.6010323,Turun (HOLD)
2017-07-03,2982.81005859375,Turun,0.5479654360804546,Turun (HOLD),0.45319128,Turun (HOLD)
2017-07-04,2990.87109375,Turun,0.5200503761410339,Turun (HOLD),0.4447282,Turun (HOLD)
2017-07-05,2958.6240234375,Naik,0.7032929375184772,Naik (BUY),0.5875462,Turun (HOLD)
2017-07-06,2938.470947265625,Naik,0.6362636973676862,Turun (HOLD),0.5826531,Turun (HOLD)
2017-07-07,2982.81005859375,Turun,0.539498186975653,Turun (HOLD),0.48425114,Turun (HOLD)
2017-07-10,2950.56298828125,Turun,0.637749143437188,Turun (HOLD),0.5772384,Turun (HOLD)
2017-07-11,2954.593994140625,Naik,0.7130555215700733,Naik (BUY),0.6061373,Turun (HOLD)
2017-07-12,2970.717041015625,Turun,0.6014561991821288,Turun (HOLD),0.50072795,Turun (HOLD)
2017-07-13,2982.81005859375,Turun,0.6648296243041012,Naik (BUY),0.54556304,Turun (HOLD)
2017-07-14,2966.686279296875,Turun,0.7050755448572434,Naik (BUY),0.5950393,Turun (HOLD)
2017-07-17,2950.56298828125,Naik,0.6557036649475878,Naik (BUY),0.61932826,Turun (HOLD)
2017-07-18,2958.6240234375,Naik,0.537244402623848,Turun (HOLD),0.5340947,Turun (HOLD)
2017-07-19,2978.77880859375,Naik,0.5376601243771028,Turun (HOLD),0.4801813,Turun (HOLD)
2017-07-20,2974.748046875,Naik,0.586637178579517,Turun (HOLD),0.5085269,Turun (HOLD)
2017-07-21,2938.470947265625,Naik,0.5703140064296864,Turun (HOLD),0.56294197,Turun (HOLD)
2017-07-24,2994.902099609375,Naik,0.5835616093966437,Turun (HOLD),0.49247164,Turun (HOLD)
2017-07-25,2994.902099609375,Naik,0.6722516796786379,Naik (BUY),0.5515185,Turun (HOLD)
2017-07-26,3027.14892578125,Naik,0.6453279031760356,Turun (HOLD),0.5207688,Turun (HOLD)
2017-07-27,3031.18017578125,Turun,0.5616882654129296,Turun (HOLD),0.4669283,Turun (HOLD)
2017-07-28,3031.18017578125,Turun,0.6116034561366498,Turun (HOLD),0.5017036,Turun (HOLD)
2017-07-31,3015.056640625,Turun,0.6236792962824298,Turun (HOLD),0.53729177,Turun (HOLD)
2017-08-01,3051.333740234375,Naik,0.52400991769993,Turun (HOLD),0.42866418,Turun (HOLD)
2017-08-02,3051.333740234375,Turun,0.5781365845257499,Turun (HOLD),0.48241144,Turun (HOLD)
2017-08-03,3023.11865234375,Naik,0.7036251666179059,Naik (BUY),0.6365434,Turun (HOLD)
2017-08-04,2994.902099609375,Turun,0.7042445291283169,Naik (BUY),0.6725425,Naik (BUY)
2017-08-07,3002.963623046875,Naik,0.6922965379229059,Naik (BUY),0.63996035,Turun (HOLD)
2017-08-08,3063.426025390625,Turun,0.5915508928371855,Turun (HOLD),0.49065253,Turun (HOLD)
2017-08-09,3059.395263671875,Turun,0.6528472778182092,Naik (BUY),0.5239521,Turun (HOLD)
2017-08-10,3035.210693359375,Naik,0.7021854894163756,Naik (BUY),0.5862767,Turun (HOLD)
2017-08-11,3011.025634765625,Naik,0.6979068473504813,Naik (BUY),0.64747864,Turun (HOLD)
2017-08-14,3023.11865234375,Naik,0.6811760578971151,Naik (BUY),0.62491924,Turun (HOLD)
2017-08-15,3011.025634765625,Naik,0.6968529818956111,Naik (BUY),0.6311967,Turun (HOLD)
2017-08-16,3047.302978515625,Naik,0.6338988369280919,Turun (HOLD),0.5271259,Turun (HOLD)
2017-08-17,3047.302978515625,Naik,0.6550376718855138,Naik (BUY),0.54178,Turun (HOLD)
2017-08-18,3015.056640625,Naik,0.7000489097788846,Naik (BUY),0.6429751,Turun (HOLD)
2017-08-21,3031.18017578125,Naik,0.6924221913079986,Naik (BUY),0.59013,Turun (HOLD)
2017-08-22,3031.18017578125,Naik,0.71032461822307,Naik (BUY),0.60677695,Turun (HOLD)
2017-08-23,3087.611083984375,Turun,0.605185550025881,Turun (HOLD),0.5204533,Turun (HOLD)
2017-08-24,3055.36474609375,Turun,0.6612105719745115,Naik (BUY),0.56131864,Turun (HOLD)
2017-08-25,3079.549072265625,Naik,0.6479365634221733,Turun (HOLD),0.53450334,Turun (HOLD)
2017-08-28,3075.51806640625,Turun,0.6546218860582913,Naik (BUY),0.5538343,Turun (HOLD)
2017-08-29,3075.51806640625,Turun,0.5648548646406889,Turun (HOLD),0.51561236,Turun (HOLD)
2017-08-30,3079.549072265625,Turun,0.6674307711293208,Naik (BUY),0.5652347,Turun (HOLD)
2017-08-31,3055.36474609375,Turun,0.6956998653161647,Naik (BUY),0.645044,Turun (HOLD)
2017-09-01,3055.36474609375,Turun,0.6788194089761029,Naik (BUY),0.6351462,Turun (HOLD)
2017-09-04,3043.2724609375,Turun,0.6791060205703062,Naik (BUY),0.6394296,Turun (HOLD)
2017-09-05,3063.426025390625,Naik,0.6748136517655595,Naik (BUY),0.57876784,Turun (HOLD)
2017-09-06,3047.302978515625,Turun,0.674193786809762,Naik (BUY),0.6058723,Turun (HOLD)
2017-09-07,3055.36474609375,Naik,0.6675748331916479,Naik (BUY),0.58336204,Turun (HOLD)
2017-09-08,3039.241455078125,Turun,0.6611495971876314,Naik (BUY),0.6290179,Turun (HOLD)
2017-09-11,3047.302978515625,Naik,0.6660166705651825,Naik (BUY),0.62693,Turun (HOLD)
2017-09-12,3067.457275390625,Naik,0.6427697413752314,Turun (HOLD),0.58155614,Turun (HOLD)
2017-09-13,3071.488037109375,Turun,0.5499071852774086,Turun (HOLD),0.5222244,Turun (HOLD)
2017-09-14,3079.549072265625,Naik,0.5795271034565707,Turun (HOLD),0.529382,Turun (HOLD)
2017-09-15,3043.2724609375,Naik,0.6553279317435037,Naik (BUY),0.64055794,Turun (HOLD)
2017-09-18,3059.395263671875,Naik,0.6599097486488951,Naik (BUY),0.5978471,Turun (HOLD)
2017-09-19,3075.51806640625,Naik,0.6381369999249846,Turun (HOLD),0.5461939,Turun (HOLD)
2017-09-20,3071.488037109375,Naik,0.661427779050707,Naik (BUY),0.56994677,Turun (HOLD)
2017-09-21,3071.488037109375,Naik,0.6693116757593258,Naik (BUY),0.57550514,Turun (HOLD)
2017-09-22,3204.504638671875,Naik,0.4599073953603806,Turun (HOLD),0.38683292,Turun (HOLD)
2017-09-25,3172.25830078125,Naik,0.5554192362502035,Turun (HOLD),0.4631302,Turun (HOLD)
2017-09-26,3168.22802734375,Naik,0.6079661124061352,Turun (HOLD),0.50297177,Turun (HOLD)
2017-09-27,3184.35107421875,Naik,0.5206614162633703,Turun (HOLD),0.4574862,Turun (HOLD)
2017-09-28,3196.44287109375,Naik,0.5275370600376398,Turun (HOLD),0.4790223,Turun (HOLD)
2017-09-29,3273.029296875,Turun,0.44510204295881733,Turun (HOLD),0.39211795,Turun (HOLD)
2017-10-02,3277.0595703125,Naik,0.4598456840744278,Turun (HOLD),0.40312847,Turun (HOLD)
2017-10-03,3281.090576171875,Turun,0.44772791720198657,Turun (HOLD),0.40504915,Turun (HOLD)
2017-10-04,3277.0595703125,Naik,0.4685692760819469,Turun (HOLD),0.42505163,Turun (HOLD)
2017-10-05,3268.998779296875,Naik,0.5033394487483369,Turun (HOLD),0.44782358,Turun (HOLD)
2017-10-06,3297.214111328125,Naik,0.4589028774918394,Turun (HOLD),0.41092074,Turun (HOLD)
2017-10-09,3281.090576171875,Naik,0.47026806878259914,Turun (HOLD),0.40650225,Turun (HOLD)
2017-10-10,3285.121826171875,Naik,0.4470015090382835,Turun (HOLD),0.40177312,Turun (HOLD)
2017-10-11,3285.121826171875,Turun,0.46581926847766253,Turun (HOLD),0.40825087,Turun (HOLD)
2017-10-12,3353.64501953125,Turun,0.41494173805419154,Turun (HOLD),0.38107103,Turun (HOLD)
2017-10-13,3333.492431640625,Turun,0.44603618123456307,Turun (HOLD),0.3794575,Turun (HOLD)
2017-10-16,3341.553466796875,Naik,0.4470313088494004,Turun (HOLD),0.39389867,Turun (HOLD)
2017-10-17,3305.27587890625,Turun,0.5347720781621488,Turun (HOLD),0.49477762,Turun (HOLD)
2017-10-18,3256.90576171875,Naik,0.594798395206915,Turun (HOLD),0.5937744,Turun (HOLD)
2017-10-19,3277.0595703125,Naik,0.5353881812528121,Turun (HOLD),0.50817454,Turun (HOLD)
2017-10-20,3281.090576171875,Turun,0.5410725362108729,Turun (HOLD),0.50632083,Turun (HOLD)
2017-10-23,3385.892333984375,Turun,0.4311078112285228,Turun (HOLD),0.37379357,Turun (HOLD)
2017-10-24,3321.39892578125,Naik,0.4761987574345579,Turun (HOLD),0.41707942,Turun (HOLD)
2017-10-25,3393.95361328125,Naik,0.40759966615051385,Turun (HOLD),0.3522137,Turun (HOLD)
2017-10-26,3349.614990234375,Naik,0.48166814868657615,Turun (HOLD),0.41759333,Turun (HOLD)
2017-10-27,3273.029296875,Naik,0.6313422599799126,Turun (HOLD),0.61207557,Turun (HOLD)
2017-10-30,3293.18310546875,Naik,0.5710884645158014,Turun (HOLD),0.54730237,Turun (HOLD)
2017-10-31,3369.7685546875,Naik,0.42010760952253573,Turun (HOLD),0.36392543,Turun (HOLD)
2017-11-01,3438.29296875,Turun,0.39578390690277465,Turun (HOLD),0.34291187,Turun (HOLD)
2017-11-02,3462.477783203125,Turun,0.39181969334001066,Turun (HOLD),0.33713132,Turun (HOLD)
2017-11-03,3389.9228515625,Turun,0.4845543530171904,Turun (HOLD),0.4341864,Turun (HOLD)
2017-11-06,3385.892333984375,Turun,0.5430926724673723,Turun (HOLD),0.5036564,Turun (HOLD)
2017-11-07,3393.95361328125,Turun,0.5243687800059281,Turun (HOLD),0.48666015,Turun (HOLD)
2017-11-08,3353.64501953125,Naik,0.5913430505021451,Turun (HOLD),0.5789878,Turun (HOLD)
2017-11-09,3353.64501953125,Naik,0.5564854666353147,Turun (HOLD),0.5237482,Turun (HOLD)
2017-11-10,3329.46044921875,Naik,0.5946572140324132,Turun (HOLD),0.5893482,Turun (HOLD)
2017-11-13,3301.2451171875,Naik,0.7115524833169365,Naik (BUY),0.67392886,Naik (BUY)
2017-11-14,3301.2451171875,Naik,0.6928644264778067,Naik (BUY),0.6396786,Turun (HOLD)
2017-11-15,3389.9228515625,Turun,0.46453496782584136,Turun (HOLD),0.42387345,Turun (HOLD)
2017-11-16,3389.9228515625,Turun,0.46760490521629666,Turun (HOLD),0.4162235,Turun (HOLD)
2017-11-17,3414.107421875,Turun,0.46184361200173013,Turun (HOLD),0.41245756,Turun (HOLD)
2017-11-20,3389.9228515625,Naik,0.497376152944491,Turun (HOLD),0.45154992,Turun (HOLD)
2017-11-21,3406.046142578125,Naik,0.4972032900908555,Turun (HOLD),0.44764096,Turun (HOLD)
2017-11-22,3414.107421875,Naik,0.4829358943856692,Turun (HOLD),0.43652672,Turun (HOLD)
2017-11-23,3385.892333984375,Turun,0.5512305813197724,Turun (HOLD),0.52293557,Turun (HOLD)
2017-11-24,3385.892333984375,Turun,0.5497242128089351,Turun (HOLD),0.51568276,Turun (HOLD)
2017-11-27,3434.262451171875,Turun,0.4466928673039651,Turun (HOLD),0.3928215,Turun (HOLD)
2017-11-28,3434.262451171875,Turun,0.4455009922020685,Turun (HOLD),0.396295,Turun (HOLD)
2017-11-29,3426.97900390625,Naik,0.47208588840461857,Turun (HOLD),0.4142696,Turun (HOLD)
2017-11-30,3293.46044921875,Naik,0.6329775062110152,Turun (HOLD),0.61325127,Turun (HOLD)
2017-12-01,3293.46044921875,Naik,0.6939971453128219,Naik (BUY),0.66093385,Naik (BUY)
2017-12-04,3366.288330078125,Naik,0.671138946122235,Naik (BUY),0.5810459,Turun (HOLD)
2017-12-05,3398.656982421875,Naik,0.5349076228852683,Turun (HOLD),0.45295113,Turun (HOLD)
2017-12-06,3447.20947265625,Turun,0.4559685676596065,Turun (HOLD),0.38969576,Turun (HOLD)
2017-12-07,3394.611083984375,Naik,0.6439418079900066,Turun (HOLD),0.53337723,Turun (HOLD)
2017-12-08,3418.886962890625,Turun,0.5283544776771688,Turun (HOLD),0.45986176,Turun (HOLD)
2017-12-11,3410.79541015625,Turun,0.6138217292845718,Turun (HOLD),0.52536565,Turun (HOLD)
2017-12-12,3439.116943359375,Turun,0.4805791101551819,Turun (HOLD),0.41908884,Turun (HOLD)
2017-12-13,3386.519287109375,Turun,0.7054230100808674,Naik (BUY),0.6395098,Turun (HOLD)
2017-12-14,3414.841552734375,Naik,0.6103701328797846,Turun (HOLD),0.524938,Turun (HOLD)
2017-12-15,3414.841552734375,Naik,0.5801736827777683,Turun (HOLD),0.518125,Turun (HOLD)
2017-12-18,3414.841552734375,Naik,0.5787348538069111,Turun (HOLD),0.5212447,Turun (HOLD)
2017-12-19,3414.841552734375,Naik,0.5703585838902466,Turun (HOLD),0.5101436,Turun (HOLD)
2017-12-20,3386.519287109375,Naik,0.6213663460492037,Turun (HOLD),0.5827827,Turun (HOLD)
2017-12-21,3414.841552734375,Naik,0.6015511277493133,Turun (HOLD),0.5191462,Turun (HOLD)
2017-12-22,3479.577880859375,Naik,0.46469500556902466,Turun (HOLD),0.39636588,Turun (HOLD)
2017-12-25,3479.577880859375,Naik,0.4734282382638909,Turun (HOLD),0.40377146,Turun (HOLD)
2017-12-26,3479.577880859375,Naik,0.522942092753621,Turun (HOLD),0.44179755,Turun (HOLD)
2017-12-27,3483.623779296875,Naik,0.48747521285930534,Turun (HOLD),0.42555448,Turun (HOLD)
2017-12-28,3548.360107421875,Naik,0.47558002475298106,Turun (HOLD),0.4083942,Turun (HOLD)
2017-12-29,3544.314208984375,Naik,0.5025035148321276,Turun (HOLD),0.4282301,Turun (HOLD)
2018-01-01,3544.314208984375,Naik,0.5111490985797671,Turun (HOLD),0.439174,Turun (HOLD)
2018-01-02,3544.314208984375,Naik,0.5253371455198741,Turun (HOLD),0.4537106,Turun (HOLD)
2018-01-03,3544.314208984375,Naik,0.5417468698278515,Turun (HOLD),0.48577604,Turun (HOLD)
2018-01-04,3596.912353515625,Naik,0.49042848928813326,Turun (HOLD),0.4147799,Turun (HOLD)
2018-01-05,3600.9580078125,Naik,0.4935804884804897,Turun (HOLD),0.42232868,Turun (HOLD)
2018-01-08,3617.142333984375,Turun,0.4866773644627596,Turun (HOLD),0.4088306,Turun (HOLD)
2018-01-09,3645.46484375,Naik,0.4404881039377941,Turun (HOLD),0.39205053,Turun (HOLD)
2018-01-10,3633.326416015625,Turun,0.4778216620237094,Turun (HOLD),0.40386915,Turun (HOLD)
2018-01-11,3673.786376953125,Turun,0.43297521342817585,Turun (HOLD),0.3816204,Turun (HOLD)
2018-01-12,3629.280517578125,Naik,0.5107888708186942,Turun (HOLD),0.48189652,Turun (HOLD)
2018-01-15,3637.372314453125,Naik,0.48473146144462353,Turun (HOLD),0.44572294,Turun (HOLD)
2018-01-16,3657.6025390625,Turun,0.47138447670379635,Turun (HOLD),0.40927655,Turun (HOLD)
2018-01-17,3584.774658203125,Naik,0.5483920889677787,Turun (HOLD),0.5588155,Turun (HOLD)
2018-01-18,3653.556396484375,Turun,0.4543271305308206,Turun (HOLD),0.40568265,Turun (HOLD)
2018-01-19,3633.326416015625,Naik,0.48849191925063473,Turun (HOLD),0.43130597,Turun (HOLD)
2018-01-22,3637.372314453125,Naik,0.5105141356774233,Turun (HOLD),0.44497952,Turun (HOLD)
2018-01-23,3665.694580078125,Naik,0.48335526008556257,Turun (HOLD),0.41161248,Turun (HOLD)
2018-01-24,3653.556396484375,Naik,0.522217981573572,Turun (HOLD),0.44945666,Turun (HOLD)
2018-01-25,3653.556396484375,Naik,0.5047406812380522,Turun (HOLD),0.44288072,Turun (HOLD)
2018-01-26,3673.786376953125,Naik,0.46982292721218105,Turun (HOLD),0.42684746,Turun (HOLD)
2018-01-29,3689.970458984375,Naik,0.4674349635620727,Turun (HOLD),0.39647013,Turun (HOLD)
2018-01-30,3689.970458984375,Naik,0.4591394116954513,Turun (HOLD),0.39132154,Turun (HOLD)
2018-01-31,3677.83203125,Naik,0.48561460134020784,Turun (HOLD),0.43160734,Turun (HOLD)
2018-02-01,3783.029541015625,Naik,0.43137869031754683,Turun (HOLD),0.36757937,Turun (HOLD)
2018-02-02,3880.13330078125,Turun,0.38932308026617657,Turun (HOLD),0.35091966,Turun (HOLD)
2018-02-05,3851.81201171875,Naik,0.43006453187956156,Turun (HOLD),0.35933357,Turun (HOLD)
2018-02-06,3807.30517578125,Naik,0.4731906254550081,Turun (HOLD),0.4218869,Turun (HOLD)
2018-02-07,3803.2587890625,Naik,0.5102532901444189,Turun (HOLD),0.46415856,Turun (HOLD)
2018-02-08,3835.626708984375,Naik,0.4818957570809615,Turun (HOLD),0.4339288,Turun (HOLD)
2018-02-09,3815.3974609375,Turun,0.47670626260680815,Turun (HOLD),0.42674696,Turun (HOLD)
2018-02-12,3803.2587890625,Naik,0.48459314414453536,Turun (HOLD),0.45146695,Turun (HOLD)
2018-02-13,3851.81201171875,Naik,0.4688883763132939,Turun (HOLD),0.4016315,Turun (HOLD)
2018-02-14,3835.626708984375,Naik,0.4940357710290821,Turun (HOLD),0.4230245,Turun (HOLD)
2018-02-15,3795.166748046875,Naik,0.5551849321877941,Turun (HOLD),0.50187236,Turun (HOLD)
2018-02-16,3795.166748046875,Naik,0.5391227263974818,Turun (HOLD),0.4907618,Turun (HOLD)
2018-02-19,3924.6396484375,Turun,0.43576964229071957,Turun (HOLD),0.36200455,Turun (HOLD)
2018-02-20,3888.22509765625,Turun,0.4781286861509243,Turun (HOLD),0.40447056,Turun (HOLD)
2018-02-21,3888.22509765625,Turun,0.45870382907826823,Turun (HOLD),0.38625076,Turun (HOLD)
2018-02-22,3867.995849609375,Turun,0.5053400349799549,Turun (HOLD),0.43793184,Turun (HOLD)
2018-02-23,3924.6396484375,Turun,0.43832386844299637,Turun (HOLD),0.37858295,Turun (HOLD)
2018-02-26,3807.30517578125,Turun,0.5927868983917501,Turun (HOLD),0.58752024,Turun (HOLD)
2018-02-27,3811.351318359375,Turun,0.5932982318444252,Turun (HOLD),0.5839096,Turun (HOLD)
2018-02-28,3750.65966796875,Turun,0.6199326279046197,Turun (HOLD),0.60766035,Turun (HOLD)
2018-03-01,3750.65966796875,Naik,0.6191536520456475,Turun (HOLD),0.59923655,Turun (HOLD)
2018-03-02,3702.108642578125,Naik,0.7040219576452952,Naik (BUY),0.6629464,Naik (BUY)
2018-03-05,3702.108642578125,Naik,0.6976420620263005,Naik (BUY),0.65828,Naik (BUY)
2018-03-06,3685.923828125,Naik,0.6852426164244872,Naik (BUY),0.63454497,Turun (HOLD)
2018-03-07,3657.6025390625,Naik,0.6917087008666406,Naik (BUY),0.66158247,Naik (BUY)
2018-03-08,3770.890869140625,Naik,0.5394544359185155,Turun (HOLD),0.46709472,Turun (HOLD)
2018-03-09,3770.890869140625,Turun,0.5989369885536788,Turun (HOLD),0.50168866,Turun (HOLD)
2018-03-12,3823.4892578125,Turun,0.45624955726555344,Turun (HOLD),0.3923616,Turun (HOLD)
2018-03-13,3795.166748046875,Turun,0.5453512716414919,Turun (HOLD),0.45681038,Turun (HOLD)
2018-03-14,3787.0751953125,Turun,0.6737766259769289,Naik (BUY),0.57923955,Turun (HOLD)
2018-03-15,3783.029541015625,Turun,0.7015530233451881,Naik (BUY),0.6046847,Turun (HOLD)
2018-03-16,3778.982666015625,Naik,0.7036283690564193,Naik (BUY),0.6394973,Turun (HOLD)
2018-03-19,3778.982666015625,Turun,0.7029130121300248,Naik (BUY),0.60684174,Turun (HOLD)
2018-03-20,3766.84521484375,Naik,0.6967425402917068,Naik (BUY),0.63103575,Turun (HOLD)
2018-03-21,3783.029541015625,Turun,0.6732437170936916,Naik (BUY),0.5740495,Turun (HOLD)
2018-03-22,3795.166748046875,Naik,0.670692114867541,Naik (BUY),0.56239367,Turun (HOLD)
2018-03-23,3851.81201171875,Turun,0.4751001018537962,Turun (HOLD),0.40630668,Turun (HOLD)
2018-03-26,3766.84521484375,Turun,0.6894983383978771,Naik (BUY),0.63796383,Turun (HOLD)
2018-03-27,3795.166748046875,Turun,0.6918428307144017,Naik (BUY),0.60802865,Turun (HOLD)
2018-03-28,3774.9375,Naik,0.6883204160353781,Naik (BUY),0.640263,Turun (HOLD)
2018-03-29,3770.890869140625,Turun,0.6804304331211921,Naik (BUY),0.62692714,Turun (HOLD)
2018-03-30,3770.890869140625,Turun,0.6853396963250012,Naik (BUY),0.5980325,Turun (HOLD)
2018-04-02,3787.0751953125,Turun,0.675530034253963,Naik (BUY),0.57755107,Turun (HOLD)
2018-04-03,3787.0751953125,Turun,0.6729701618931213,Naik (BUY),0.5732439,Turun (HOLD)
2018-04-04,3770.890869140625,Turun,0.6801703940565712,Naik (BUY),0.5987435,Turun (HOLD)
2018-04-05,3730.430908203125,Naik,0.6954390083376626,Naik (BUY),0.6630422,Naik (BUY)
2018-04-06,3677.83203125,Naik,0.6972290115604178,Naik (BUY),0.663058,Naik (BUY)
2018-04-09,3685.923828125,Naik,0.6809235507916859,Naik (BUY),0.65787816,Naik (BUY)
2018-04-10,3770.890869140625,Turun,0.6212511909653174,Turun (HOLD),0.5285244,Turun (HOLD)
2018-04-11,3774.9375,Turun,0.38404631921300114,Turun (HOLD),0.52409744,Turun (HOLD)
2018-04-12,3746.615234375,Turun,0.4998599446657992,Turun (HOLD),0.59916925,Turun (HOLD)
2018-04-13,3734.385009765625,Naik,0.5141272417015519,Turun (HOLD),0.6413979,Turun (HOLD)
2018-04-16,3734.385009765625,Naik,0.5528689863366296,Turun (HOLD),0.65198433,Naik (BUY)
2018-04-17,3734.385009765625,Naik,0.5414134147641222,Turun (HOLD),0.6517326,Naik (BUY)
2018-04-18,3746.61474609375,Turun,0.42333778495838337,Turun (HOLD),0.57944334,Turun (HOLD)
2018-04-19,3746.61474609375,Turun,0.4240021096201519,Turun (HOLD),0.5783991,Turun (HOLD)
2018-04-20,3746.61474609375,Turun,0.4895672426575906,Turun (HOLD),0.61796516,Turun (HOLD)
2018-04-23,3750.69189453125,Turun,0.4725614262718782,Turun (HOLD),0.60131425,Turun (HOLD)
2018-04-24,3738.461669921875,Turun,0.5003192586062699,Turun (HOLD),0.6178286,Turun (HOLD)
2018-04-25,3738.461669921875,Turun,0.5025744518658516,Turun (HOLD),0.62111455,Turun (HOLD)
2018-04-26,3738.461669921875,Turun,0.5061719578217704,Turun (HOLD),0.6211923,Turun (HOLD)
2018-04-27,3738.461669921875,Naik,0.5031042419335046,Turun (HOLD),0.62297374,Turun (HOLD)
2018-04-30,3603.92578125,Naik,0.6649120981129917,Naik (BUY),0.6607797,Naik (BUY)
2018-05-01,3603.92578125,Turun,0.6478763687814888,Turun (HOLD),0.66083926,Naik (BUY)
2018-05-02,3734.385009765625,Naik,0.4047238454652006,Turun (HOLD),0.50715506,Turun (HOLD)
2018-05-03,3636.541015625,Naik,0.5613954893289665,Turun (HOLD),0.6323756,Turun (HOLD)
2018-05-04,3591.695068359375,Naik,0.6189387505985535,Turun (HOLD),0.6835144,Naik (BUY)
2018-05-07,3636.541015625,Naik,0.4736741623591859,Turun (HOLD),0.5915188,Turun (HOLD)
2018-05-08,3591.695068359375,Naik,0.5564408649862173,Turun (HOLD),0.5872394,Turun (HOLD)
2018-05-09,3734.385009765625,Turun,0.4281667990395477,Turun (HOLD),0.4517484,Turun (HOLD)
2018-05-10,3734.385009765625,Turun,0.3869457774135555,Turun (HOLD),0.45158175,Turun (HOLD)
2018-05-11,3709.923095703125,Turun,0.4630649844430945,Turun (HOLD),0.52018845,Turun (HOLD)
2018-05-14,3746.61474609375,Turun,0.4150738250331866,Turun (HOLD),0.4813949,Turun (HOLD)
2018-05-15,3620.23291015625,Naik,0.6218437078946798,Turun (HOLD),0.6791083,Naik (BUY)
2018-05-16,3648.77001953125,Turun,0.5973375850763083,Turun (HOLD),0.6753061,Naik (BUY)
2018-05-17,3587.6181640625,Naik,0.6068256461995407,Turun (HOLD),0.65388674,Naik (BUY)
2018-05-18,3538.6962890625,Naik,0.6450242961080225,Turun (HOLD),0.6653047,Naik (BUY)
2018-05-21,3530.54248046875,Naik,0.5991703739731361,Turun (HOLD),0.61929595,Turun (HOLD)
2018-05-22,3587.6181640625,Naik,0.4734517022330573,Turun (HOLD),0.49997556,Turun (HOLD)
2018-05-23,3587.6181640625,Naik,0.4828997317035562,Turun (HOLD),0.53216237,Turun (HOLD)
2018-05-24,3661.00146484375,Naik,0.41377952767744725,Turun (HOLD),0.43948534,Turun (HOLD)
2018-05-25,3677.30908203125,Naik,0.4239140311470526,Turun (HOLD),0.44191936,Turun (HOLD)
2018-05-28,3726.231201171875,Naik,0.42327739180838225,Turun (HOLD),0.4636875,Turun (HOLD)
2018-05-29,3726.231201171875,Turun,0.4491339098318661,Turun (HOLD),0.5195285,Turun (HOLD)
2018-05-30,3701.76953125,Naik,0.5088009325674668,Turun (HOLD),0.58865064,Turun (HOLD)
2018-05-31,3701.76953125,Naik,0.5205927271634098,Turun (HOLD),0.6392401,Turun (HOLD)
2018-06-01,3701.76953125,Turun,0.5601135980673111,Turun (HOLD),0.65646243,Naik (BUY)
2018-06-04,3738.461669921875,Turun,0.5210687035063553,Turun (HOLD),0.5951603,Turun (HOLD)
2018-06-05,3705.84619140625,Turun,0.5449802915566746,Turun (HOLD),0.645293,Turun (HOLD)
2018-06-06,3754.7685546875,Turun,0.46028954478949374,Turun (HOLD),0.5517857,Turun (HOLD)
2018-06-07,3746.61474609375,Turun,0.4773813395241132,Turun (HOLD),0.5815772,Turun (HOLD)
2018-06-08,3628.386474609375,Turun,0.6358944626387533,Turun (HOLD),0.6714175,Naik (BUY)
2018-06-11,3628.386474609375,Turun,0.6260200669045897,Turun (HOLD),0.66337,Naik (BUY)
2018-06-12,3628.386474609375,Turun,0.6308606115577104,Turun (HOLD),0.66546094,Naik (BUY)
2018-06-13,3628.386474609375,Turun,0.5757578663220507,Turun (HOLD),0.62531316,Turun (HOLD)
2018-06-14,3628.386474609375,Turun,0.5552965348334362,Turun (HOLD),0.60163164,Turun (HOLD)
2018-06-15,3628.386474609375,Turun,0.5600786570385703,Turun (HOLD),0.5941377,Turun (HOLD)
2018-06-18,3628.386474609375,Turun,0.5508095566190028,Turun (HOLD),0.6028513,Turun (HOLD)
2018-06-19,3628.386474609375,Turun,0.5458421538579884,Turun (HOLD),0.59657544,Turun (HOLD)
2018-06-20,3506.081787109375,Turun,0.6971866607905648,Naik (BUY),0.6647559,Naik (BUY)
2018-06-21,3449.00634765625,Turun,0.7056732233299785,Naik (BUY),0.6754472,Naik (BUY)
2018-06-22,3575.387939453125,Turun,0.4824351934591075,Turun (HOLD),0.51675403,Turun (HOLD)
2018-06-25,3620.23291015625,Turun,0.4240418205827974,Turun (HOLD),0.45797104,Turun (HOLD)
2018-06-26,3485.697021484375,Turun,0.6002566128792982,Turun (HOLD),0.6282727,Turun (HOLD)
2018-06-27,3481.620361328125,Turun,0.6174616484184927,Turun (HOLD),0.6404289,Turun (HOLD)
2018-06-28,3416.390625,Naik,0.6659617592553556,Naik (BUY),0.6611132,Naik (BUY)
2018-06-29,3502.004638671875,Turun,0.5120383560375089,Turun (HOLD),0.5516513,Turun (HOLD)
2018-07-02,3497.927490234375,Naik,0.4844104532655676,Turun (HOLD),0.51624495,Turun (HOLD)
2018-07-03,3359.314453125,Naik,0.6818310952105812,Naik (BUY),0.66870666,Naik (BUY)
2018-07-04,3461.235595703125,Naik,0.5001942101704911,Turun (HOLD),0.54042757,Turun (HOLD)
2018-07-05,3461.235595703125,Naik,0.5105798142265369,Turun (HOLD),0.52528393,Turun (HOLD)
2018-07-06,3412.314453125,Naik,0.62293903885028,Turun (HOLD),0.64304185,Turun (HOLD)
2018-07-09,3571.311279296875,Naik,0.4557752097404927,Turun (HOLD),0.43200058,Turun (HOLD)
2018-07-10,3571.311279296875,Naik,0.4309615128932756,Turun (HOLD),0.41304156,Turun (HOLD)
2018-07-11,3640.6171875,Naik,0.42789758169946174,Turun (HOLD),0.40322712,Turun (HOLD)
2018-07-12,3722.15380859375,Naik,0.45103932794233753,Turun (HOLD),0.45180115,Turun (HOLD)
2018-07-13,3754.7685546875,Naik,0.44816497187606136,Turun (HOLD),0.45190892,Turun (HOLD)
2018-07-16,3771.07568359375,Naik,0.4503668417873614,Turun (HOLD),0.4548743,Turun (HOLD)
2018-07-17,3705.84619140625,Naik,0.5671115869189083,Turun (HOLD),0.590011,Turun (HOLD)
2018-07-18,3783.306396484375,Naik,0.46950988649313574,Turun (HOLD),0.4947109,Turun (HOLD)
2018-07-19,3783.306396484375,Naik,0.5042650581507355,Turun (HOLD),0.51951534,Turun (HOLD)
2018-07-20,3766.9990234375,Naik,0.5315810262114518,Turun (HOLD),0.5590079,Turun (HOLD)
2018-07-23,3807.76708984375,Turun,0.4929742228048062,Turun (HOLD),0.50341314,Turun (HOLD)
2018-07-24,3836.305419921875,Turun,0.48562500515567164,Turun (HOLD),0.49477208,Turun (HOLD)
2018-07-25,3844.459228515625,Naik,0.4807139383676276,Turun (HOLD),0.49842378,Turun (HOLD)
2018-07-26,3803.691162109375,Naik,0.5277204184365009,Turun (HOLD),0.57075167,Turun (HOLD)
2018-07-27,3787.382568359375,Naik,0.559834751994756,Turun (HOLD),0.61314297,Turun (HOLD)
2018-07-30,3795.537353515625,Naik,0.5610014664898539,Turun (HOLD),0.6216987,Turun (HOLD)
2018-07-31,3795.537353515625,Naik,0.52675061551087,Turun (HOLD),0.61673355,Turun (HOLD)
2018-08-01,3828.15234375,Naik,0.4802729966417067,Turun (HOLD),0.546034,Turun (HOLD)
2018-08-02,3824.074462890625,Naik,0.4682201044864942,Turun (HOLD),0.5551343,Turun (HOLD)
2018-08-03,3824.074462890625,Naik,0.521555313730181,Turun (HOLD),0.6068439,Turun (HOLD)
2018-08-06,3881.1513671875,Turun,0.4456357468742954,Turun (HOLD),0.45219037,Turun (HOLD)
2018-08-07,3881.1513671875,Turun,0.4697139729853053,Turun (HOLD),0.4587929,Turun (HOLD)
2018-08-08,3901.5341796875,Turun,0.46208794300604394,Turun (HOLD),0.46327123,Turun (HOLD)
2018-08-09,3930.073486328125,Turun,0.4687799581062123,Turun (HOLD),0.4813392,Turun (HOLD)
2018-08-10,3893.381591796875,Turun,0.5112245443613431,Turun (HOLD),0.5363511,Turun (HOLD)
2018-08-13,3803.691162109375,Naik,0.6165907868611427,Turun (HOLD),0.6732123,Naik (BUY)
2018-08-14,3832.228271484375,Naik,0.5869034850609058,Turun (HOLD),0.63931715,Turun (HOLD)
2018-08-15,3824.074462890625,Naik,0.5572523929867395,Turun (HOLD),0.6299395,Turun (HOLD)
2018-08-16,3811.844970703125,Naik,0.5781309322769493,Turun (HOLD),0.6448333,Turun (HOLD)
2018-08-17,3811.844970703125,Naik,0.5507915306389322,Turun (HOLD),0.6301974,Turun (HOLD)
2018-08-20,3897.458251953125,Naik,0.45005722165551104,Turun (HOLD),0.5151801,Turun (HOLD)
2018-08-21,3893.381591796875,Naik,0.44527449761861676,Turun (HOLD),0.5126523,Turun (HOLD)
2018-08-22,3893.381591796875,Naik,0.45771997495396355,Turun (HOLD),0.5524534,Turun (HOLD)
2018-08-23,4007.533203125,Naik,0.4318195539623004,Turun (HOLD),0.4386926,Turun (HOLD)
2018-08-24,4089.068603515625,Turun,0.43423915730538976,Turun (HOLD),0.43124807,Turun (HOLD)
2018-08-27,4040.14794921875,Turun,0.4729455311994359,Turun (HOLD),0.48423555,Turun (HOLD)
2018-08-28,4072.76220703125,Naik,0.49014187308084994,Turun (HOLD),0.5046807,Turun (HOLD)
2018-08-29,4044.22412109375,Turun,0.5018564991177835,Turun (HOLD),0.541015,Turun (HOLD)
2018-08-30,4089.068603515625,Turun,0.48642640921912317,Turun (HOLD),0.5026733,Turun (HOLD)
2018-08-31,4044.22412109375,Turun,0.5111741961400063,Turun (HOLD),0.5952949,Turun (HOLD)
2018-09-03,4040.14794921875,Turun,0.5327350249162527,Turun (HOLD),0.6123189,Turun (HOLD)
2018-09-04,4036.07080078125,Naik,0.5246487295403763,Turun (HOLD),0.59498674,Turun (HOLD)
2018-09-05,3913.765625,Turun,0.6222474700049421,Turun (HOLD),0.6919986,Naik (BUY)
2018-09-06,4027.917236328125,Turun,0.43182737649355646,Turun (HOLD),0.51029617,Turun (HOLD)
2018-09-07,4052.3779296875,Turun,0.42094513824907365,Turun (HOLD),0.47725955,Turun (HOLD)
2018-09-10,4036.07080078125,Turun,0.4545499372766648,Turun (HOLD),0.47987607,Turun (HOLD)
2018-09-11,4036.07080078125,Turun,0.4323116520769679,Turun (HOLD),0.47362334,Turun (HOLD)
2018-09-12,3897.458251953125,Turun,0.5723496508297802,Turun (HOLD),0.6374155,Turun (HOLD)
2018-09-13,3913.765625,Naik,0.5771035599877107,Turun (HOLD),0.64664114,Turun (HOLD)
2018-09-14,3909.688232421875,Turun,0.5558477953551761,Turun (HOLD),0.6347787,Turun (HOLD)
2018-09-17,3901.5341796875,Naik,0.5419238980666952,Turun (HOLD),0.59252155,Turun (HOLD)
2018-09-18,3913.765625,Turun,0.47389834877518366,Turun (HOLD),0.55445045,Turun (HOLD)
2018-09-19,3913.765625,Turun,0.46946181405999715,Turun (HOLD),0.5683101,Turun (HOLD)
2018-09-20,3905.612060546875,Naik,0.5243202387534582,Turun (HOLD),0.6160723,Turun (HOLD)
2018-09-21,3864.8427734375,Naik,0.5897856595819113,Turun (HOLD),0.64360404,Turun (HOLD)
2018-09-24,3901.5341796875,Turun,0.46468653118033687,Turun (HOLD),0.59927815,Turun (HOLD)
2018-09-25,3901.5341796875,Naik,0.44468005289394286,Turun (HOLD),0.5860695,Turun (HOLD)
2018-09-26,3946.3798828125,Naik,0.4272385617867647,Turun (HOLD),0.5323264,Turun (HOLD)
2018-09-27,3913.765625,Turun,0.47164680333055525,Turun (HOLD),0.54379624,Turun (HOLD)
2018-09-28,3938.226318359375,Turun,0.44196463863510527,Turun (HOLD),0.5168272,Turun (HOLD)
2018-10-01,3905.612060546875,Turun,0.5101160229933025,Turun (HOLD),0.58182806,Turun (HOLD)
2018-10-02,3905.612060546875,Naik,0.5365534529375046,Turun (HOLD),0.59858674,Turun (HOLD)
2018-10-03,3901.5341796875,Turun,0.4954623826560702,Turun (HOLD),0.5715065,Turun (HOLD)
2018-10-04,3848.5361328125,Turun,0.5867106563665018,Turun (HOLD),0.61930263,Turun (HOLD)
2018-10-05,3758.845703125,Naik,0.6809914957919104,Naik (BUY),0.6592044,Naik (BUY)
2018-10-08,3824.074462890625,Naik,0.5251581308757924,Turun (HOLD),0.5862308,Turun (HOLD)
2018-10-09,3872.996337890625,Naik,0.4538238146271564,Turun (HOLD),0.47032946,Turun (HOLD)
2018-10-10,3811.844970703125,Naik,0.5625674578740063,Turun (HOLD),0.61127007,Turun (HOLD)
2018-10-11,3705.84619140625,Naik,0.6756217072304058,Naik (BUY),0.67709064,Naik (BUY)
2018-10-12,3791.4599609375,Turun,0.5350197595504976,Turun (HOLD),0.5887401,Turun (HOLD)
2018-10-15,3889.304931640625,Turun,0.4245643169555346,Turun (HOLD),0.43683827,Turun (HOLD)
2018-10-16,3930.073486328125,Turun,0.43486196875902416,Turun (HOLD),0.492144,Turun (HOLD)
2018-10-17,3917.841796875,Turun,0.42400245003422554,Turun (HOLD),0.49312833,Turun (HOLD)
2018-10-18,3848.5361328125,Turun,0.6037073421623911,Turun (HOLD),0.6114563,Turun (HOLD)
2018-10-19,3811.844970703125,Naik,0.6300129232037699,Turun (HOLD),0.6346106,Turun (HOLD)
2018-10-22,3775.153076171875,Turun,0.6278408526936118,Turun (HOLD),0.6611741,Naik (BUY)
2018-10-23,3742.537841796875,Naik,0.6690567620906958,Naik (BUY),0.6828882,Naik (BUY)
2018-10-24,3693.6162109375,Naik,0.6673699753219126,Naik (BUY),0.6852744,Naik (BUY)
2018-10-25,3734.385009765625,Naik,0.5321427958216678,Turun (HOLD),0.60039735,Turun (HOLD)
2018-10-26,3848.5361328125,Naik,0.40571196484736716,Turun (HOLD),0.47178346,Turun (HOLD)
2018-10-29,3771.07568359375,Naik,0.4927244842633641,Turun (HOLD),0.54786897,Turun (HOLD)
2018-10-30,3832.228271484375,Naik,0.42796047340952925,Turun (HOLD),0.46550724,Turun (HOLD)
2018-10-31,3856.688720703125,Naik,0.41896088961850037,Turun (HOLD),0.46470854,Turun (HOLD)
2018-11-01,3881.1513671875,Turun,0.4591778969478724,Turun (HOLD),0.52892214,Turun (HOLD)
2018-11-02,3913.765625,Naik,0.46650505918161983,Turun (HOLD),0.5525347,Turun (HOLD)
2018-11-05,3942.30322265625,Turun,0.45031611590105564,Turun (HOLD),0.5621723,Turun (HOLD)
2018-11-06,3978.994140625,Turun,0.45511992932192114,Turun (HOLD),0.56667906,Turun (HOLD)
2018-11-07,3930.073486328125,Turun,0.5183075359072375,Turun (HOLD),0.6341612,Turun (HOLD)
2018-11-08,3913.765625,Naik,0.5529342648622716,Turun (HOLD),0.6498004,Turun (HOLD)
2018-11-09,3913.765625,Naik,0.5534210081952052,Turun (HOLD),0.64952314,Turun (HOLD)
2018-11-12,3864.8427734375,Naik,0.6418689857994474,Turun (HOLD),0.6830551,Naik (BUY)
2018-11-13,3925.995361328125,Naik,0.444926632077936,Turun (HOLD),0.5592718,Turun (HOLD)
2018-11-14,3921.919677734375,Naik,0.42274026562388417,Turun (HOLD),0.5406091,Turun (HOLD)
2018-11-15,3942.30322265625,Naik,0.4780519777130744,Turun (HOLD),0.5477571,Turun (HOLD)
2018-11-16,4048.30029296875,Naik,0.4174434011329073,Turun (HOLD),0.52632636,Turun (HOLD)
2018-11-19,4093.14697265625,Naik,0.4455907460810268,Turun (HOLD),0.50335664,Turun (HOLD)
2018-11-20,4093.14697265625,Naik,0.4435647902413478,Turun (HOLD),0.5705409,Turun (HOLD)
2018-11-21,4044.22412109375,Naik,0.5346714972078301,Turun (HOLD),0.6638756,Naik (BUY)
2018-11-22,4093.14697265625,Naik,0.47952882775548,Turun (HOLD),0.57419705,Turun (HOLD)
2018-11-23,4093.14697265625,Naik,0.4421234485331739,Turun (HOLD),0.5989673,Turun (HOLD)
2018-11-26,4113.5302734375,Naik,0.44459278994347123,Turun (HOLD),0.5962587,Turun (HOLD)
2018-11-27,4158.37548828125,Naik,0.47666474864479746,Turun (HOLD),0.5029792,Turun (HOLD)
2018-11-28,4150.22119140625,Naik,0.4669877430208566,Turun (HOLD),0.52439696,Turun (HOLD)
2018-11-29,4272.5263671875,Naik,0.42256278969516,Turun (HOLD),0.4619312,Turun (HOLD)
2018-11-30,4248.0654296875,Turun,0.4598753127880473,Turun (HOLD),0.51004696,Turun (HOLD)
2018-12-03,4221.07080078125,Naik,0.4987230064298219,Turun (HOLD),0.59157264,Turun (HOLD)
2018-12-04,4286.51318359375,Naik,0.4295454890391643,Turun (HOLD),0.50586575,Turun (HOLD)
2018-12-05,4278.33251953125,Turun,0.4748412041366242,Turun (HOLD),0.5195296,Turun (HOLD)
2018-12-06,4302.8740234375,Turun,0.45597180382153774,Turun (HOLD),0.4836269,Turun (HOLD)
2018-12-07,4245.61181640625,Naik,0.5345393016351525,Turun (HOLD),0.5753705,Turun (HOLD)
2018-12-10,4237.43115234375,Naik,0.5437994220633565,Turun (HOLD),0.5930167,Turun (HOLD)
2018-12-11,4221.07080078125,Turun,0.5393242434695856,Turun (HOLD),0.5794068,Turun (HOLD)
2018-12-12,4225.16162109375,Naik,0.5159763832984791,Turun (HOLD),0.5674177,Turun (HOLD)
2018-12-13,4225.16162109375,Turun,0.5028859892989141,Turun (HOLD),0.59609824,Turun (HOLD)
2018-12-14,4225.16162109375,Turun,0.475639444862427,Turun (HOLD),0.54370964,Turun (HOLD)
2018-12-17,4225.16162109375,Naik,0.46392504592172923,Turun (HOLD),0.57392937,Turun (HOLD)
2018-12-18,4143.357421875,Naik,0.6274973394224758,Turun (HOLD),0.7146399,Naik (BUY)
2018-12-19,4278.33251953125,Naik,0.40004857403495186,Turun (HOLD),0.495427,Turun (HOLD)
2018-12-20,4184.25927734375,Naik,0.521928957832333,Turun (HOLD),0.66345906,Naik (BUY)
2018-12-21,4229.25048828125,Naik,0.4472106907361015,Turun (HOLD),0.57324564,Turun (HOLD)
2018-12-24,4229.25048828125,Naik,0.4274287819668577,Turun (HOLD),0.573058,Turun (HOLD)
2018-12-25,4229.25048828125,Naik,0.49778111273110354,Turun (HOLD),0.6412208,Turun (HOLD)
2018-12-26,4274.244140625,Turun,0.4252057002182931,Turun (HOLD),0.48610416,Turun (HOLD)
2018-12-27,4249.70166015625,Turun,0.45287869985307677,Turun (HOLD),0.5954243,Turun (HOLD)
2018-12-28,4253.79296875,Naik,0.44479480250543435,Turun (HOLD),0.6020123,Turun (HOLD)
2018-12-31,4253.79296875,Naik,0.4563712838843466,Turun (HOLD),0.6144416,Turun (HOLD)
2019-01-01,4253.79296875,Naik,0.49264920432264336,Turun (HOLD),0.6522983,Naik (BUY)
2019-01-02,4286.51318359375,Naik,0.4585794900008664,Turun (HOLD),0.5982783,Turun (HOLD)
2019-01-03,4237.43115234375,Naik,0.5205308699046857,Turun (HOLD),0.65887207,Naik (BUY)
2019-01-04,4257.88330078125,Turun,0.470424886636412,Turun (HOLD),0.6409234,Turun (HOLD)
2019-01-07,4290.60498046875,Turun,0.4556868412268749,Turun (HOLD),0.5996479,Turun (HOLD)
2019-01-08,4286.51318359375,Turun,0.4616482076229421,Turun (HOLD),0.57510597,Turun (HOLD)
2019-01-09,4298.78466796875,Turun,0.44762858209561784,Turun (HOLD),0.60261005,Turun (HOLD)
2019-01-10,4298.78466796875,Naik,0.4963049064215724,Turun (HOLD),0.6348865,Turun (HOLD)
2019-01-11,4294.69384765625,Naik,0.5171127700951058,Turun (HOLD),0.6589339,Naik (BUY)
2019-01-14,4253.79296875,Naik,0.5927586201637002,Turun (HOLD),0.6881804,Naik (BUY)
2019-01-15,4302.8740234375,Naik,0.44156185416950255,Turun (HOLD),0.5738393,Turun (HOLD)
2019-01-16,4323.32470703125,Naik,0.4260239530565662,Turun (HOLD),0.5544992,Turun (HOLD)
2019-01-17,4360.13671875,Naik,0.43631852031612983,Turun (HOLD),0.50678116,Turun (HOLD)
2019-01-18,4437.85107421875,Naik,0.4271746921637779,Turun (HOLD),0.4426819,Turun (HOLD)
2019-01-21,4536.01513671875,Turun,0.38645906970836785,Turun (HOLD),0.4357857,Turun (HOLD)
2019-01-22,4581.0068359375,Turun,0.3798042934603678,Turun (HOLD),0.4334334,Turun (HOLD)
2019-01-23,4499.2041015625,Naik,0.5166351116615867,Turun (HOLD),0.5528367,Turun (HOLD)
2019-01-24,4466.4814453125,Naik,0.5358640967233761,Turun (HOLD),0.5948785,Turun (HOLD)
2019-01-25,4499.2041015625,Naik,0.5002171718825937,Turun (HOLD),0.5565823,Turun (HOLD)
2019-01-28,4495.11279296875,Naik,0.456064422988769,Turun (HOLD),0.5964085,Turun (HOLD)
2019-01-29,4531.9248046875,Turun,0.449431073242261,Turun (HOLD),0.51918155,Turun (HOLD)
2019-01-30,4515.564453125,Naik,0.4350256652788175,Turun (HOLD),0.513537,Turun (HOLD)
2019-01-31,4609.638671875,Turun,0.42356201621502076,Turun (HOLD),0.472901,Turun (HOLD)
2019-02-01,4609.638671875,Turun,0.4208163732858484,Turun (HOLD),0.49158835,Turun (HOLD)
2019-02-04,4499.2041015625,Turun,0.5933920806265203,Turun (HOLD),0.7103232,Naik (BUY)
2019-02-05,4499.2041015625,Turun,0.5802561503576876,Turun (HOLD),0.7032231,Naik (BUY)
2019-02-06,4527.8349609375,Turun,0.4884572654862559,Turun (HOLD),0.65018773,Naik (BUY)
2019-02-07,4523.744140625,Turun,0.45802904191061433,Turun (HOLD),0.6399333,Turun (HOLD)
2019-02-08,4515.564453125,Turun,0.4808001675538544,Turun (HOLD),0.63928324,Turun (HOLD)
2019-02-11,4495.11279296875,Turun,0.5286274192449245,Turun (HOLD),0.6606395,Naik (BUY)
2019-02-12,4466.4814453125,Turun,0.5653963384950756,Turun (HOLD),0.6787391,Naik (BUY)
2019-02-13,4433.76025390625,Naik,0.6179075056707822,Turun (HOLD),0.7120022,Naik (BUY)
2019-02-14,4401.03857421875,Naik,0.641591310172465,Turun (HOLD),0.703326,Naik (BUY)
2019-02-15,4384.67822265625,Naik,0.6272763331589811,Turun (HOLD),0.6976389,Naik (BUY)
2019-02-18,4482.84326171875,Naik,0.4144609848149434,Turun (HOLD),0.53177094,Turun (HOLD)
2019-02-19,4401.03857421875,Naik,0.5454963526571022,Turun (HOLD),0.63746566,Turun (HOLD)
2019-02-20,4499.2041015625,Naik,0.40380280462002194,Turun (HOLD),0.5324119,Turun (HOLD)
2019-02-21,4503.29248046875,Naik,0.41081685772114274,Turun (HOLD),0.564593,Turun (HOLD)
2019-02-22,4491.02294921875,Naik,0.4426667820712628,Turun (HOLD),0.5437663,Turun (HOLD)
2019-02-25,4491.02294921875,Naik,0.4096691511428482,Turun (HOLD),0.5875233,Turun (HOLD)
2019-02-26,4544.19580078125,Turun,0.44542232458897085,Turun (HOLD),0.5511498,Turun (HOLD)
2019-02-27,4552.37646484375,Turun,0.40893535170157774,Turun (HOLD),0.57068956,Turun (HOLD)
2019-02-28,4511.47412109375,Turun,0.4923721381067015,Turun (HOLD),0.64745414,Turun (HOLD)
2019-03-01,4531.9248046875,Turun,0.48888409321068527,Turun (HOLD),0.6264398,Turun (HOLD)
2019-03-04,4527.8349609375,Naik,0.4405054231690271,Turun (HOLD),0.62034875,Turun (HOLD)
2019-03-05,4495.11279296875,Turun,0.511595297283822,Turun (HOLD),0.6379464,Turun (HOLD)
2019-03-06,4491.02294921875,Naik,0.5235207663329539,Turun (HOLD),0.64886796,Turun (HOLD)
2019-03-07,4491.02294921875,Turun,0.5255148061390194,Turun (HOLD),0.6486111,Turun (HOLD)
2019-03-08,4450.12060546875,Naik,0.6178738820932941,Turun (HOLD),0.6826525,Naik (BUY)
2019-03-11,4503.29248046875,Naik,0.49943071349838497,Turun (HOLD),0.59491634,Turun (HOLD)
2019-03-12,4499.2041015625,Naik,0.4888074988284224,Turun (HOLD),0.61855465,Turun (HOLD)
2019-03-13,4499.2041015625,Naik,0.4350383290324629,Turun (HOLD),0.5891626,Turun (HOLD)
2019-03-14,4482.84326171875,Turun,0.4421920700450927,Turun (HOLD),0.5978008,Turun (HOLD)
2019-03-15,4531.9248046875,Turun,0.4693992595591139,Turun (HOLD),0.5338814,Turun (HOLD)
2019-03-18,4540.10498046875,Turun,0.44577292251834943,Turun (HOLD),0.54395586,Turun (HOLD)
2019-03-19,4491.02294921875,Turun,0.55114692557387,Turun (HOLD),0.6246464,Turun (HOLD)
2019-03-20,4474.6630859375,Turun,0.539370444838198,Turun (HOLD),0.6532554,Naik (BUY)
2019-03-21,4478.75244140625,Naik,0.5362548734516337,Turun (HOLD),0.6615492,Naik (BUY)
2019-03-22,4486.93212890625,Naik,0.45636933036483024,Turun (HOLD),0.631701,Turun (HOLD)
2019-03-25,4462.3916015625,Naik,0.48910055323116935,Turun (HOLD),0.6336982,Turun (HOLD)
2019-03-26,4474.6630859375,Turun,0.4572284303254152,Turun (HOLD),0.62756926,Turun (HOLD)
2019-03-27,4486.93212890625,Naik,0.5230194217986834,Turun (HOLD),0.59467345,Turun (HOLD)
2019-03-28,4474.6630859375,Naik,0.5277962680895659,Turun (HOLD),0.54996294,Turun (HOLD)
2019-03-29,4507.3837890625,Turun,0.544230297089988,Turun (HOLD),0.5744614,Turun (HOLD)
2019-04-01,4499.2041015625,Turun,0.5574664554348109,Turun (HOLD),0.60050035,Turun (HOLD)
2019-04-02,4499.2041015625,Naik,0.5503538278448926,Turun (HOLD),0.60146224,Turun (HOLD)
2019-04-03,4499.2041015625,Turun,0.5305616671125511,Turun (HOLD),0.5914364,Turun (HOLD)
2019-04-04,4531.9248046875,Turun,0.5388388659402277,Turun (HOLD),0.5969234,Turun (HOLD)
2019-04-05,4523.744140625,Turun,0.5415996822718464,Turun (HOLD),0.6075979,Turun (HOLD)
2019-04-08,4482.84326171875,Turun,0.5560631306724698,Turun (HOLD),0.6414031,Turun (HOLD)
2019-04-09,4527.8349609375,Turun,0.5427142821786209,Turun (HOLD),0.59286857,Turun (HOLD)
2019-04-10,4519.65380859375,Turun,0.5222781189552472,Turun (HOLD),0.6030047,Turun (HOLD)
2019-04-11,4482.84326171875,Naik,0.5293806045018973,Turun (HOLD),0.63017374,Turun (HOLD)
2019-04-12,4499.2041015625,Naik,0.5021235646372579,Turun (HOLD),0.5881332,Turun (HOLD)
2019-04-15,4503.29248046875,Naik,0.48367715232027597,Turun (HOLD),0.5436736,Turun (HOLD)
2019-04-16,4495.11279296875,Naik,0.505968356359288,Turun (HOLD),0.5927828,Turun (HOLD)
2019-04-17,4495.11279296875,Naik,0.48753215707249153,Turun (HOLD),0.566037,Turun (HOLD)
2019-04-18,4601.45751953125,Naik,0.5275845711179704,Turun (HOLD),0.55519134,Turun (HOLD)
2019-04-19,4601.45751953125,Naik,0.4803363355334462,Turun (HOLD),0.5549818,Turun (HOLD)
2019-04-22,4601.45751953125,Naik,0.48738666059861324,Turun (HOLD),0.5607873,Turun (HOLD)
2019-04-23,4605.54833984375,Naik,0.49262526094780107,Turun (HOLD),0.582695,Turun (HOLD)
2019-04-24,4647.6494140625,Naik,0.5234137184221382,Turun (HOLD),0.5539299,Turun (HOLD)
2019-04-25,4618.75634765625,Naik,0.5236181169567006,Turun (HOLD),0.60167015,Turun (HOLD)
2019-04-26,4639.39404296875,Naik,0.5756712153034657,Turun (HOLD),0.5974262,Turun (HOLD)
2019-04-29,4693.05322265625,Turun,0.5408144281300423,Turun (HOLD),0.5526128,Turun (HOLD)
2019-04-30,4746.7109375,Turun,0.5398414105762924,Turun (HOLD),0.55439276,Turun (HOLD)
2019-05-01,4746.7109375,Turun,0.5341488213437541,Turun (HOLD),0.5591607,Turun (HOLD)
2019-05-02,4693.05322265625,Turun,0.5266577254249488,Turun (HOLD),0.6135452,Turun (HOLD)
2019-05-03,4684.796875,Naik,0.5349030326289298,Turun (HOLD),0.65652853,Naik (BUY)
2019-05-06,4639.39404296875,Turun,0.5952068269416241,Turun (HOLD),0.6818911,Naik (BUY)
2019-05-07,4672.41552734375,Turun,0.5444573847211688,Turun (HOLD),0.62048405,Turun (HOLD)
2019-05-08,4705.435546875,Turun,0.5716794863898548,Turun (HOLD),0.59279937,Turun (HOLD)
2019-05-09,4647.6494140625,Turun,0.5705668151523298,Turun (HOLD),0.63151264,Turun (HOLD)
2019-05-10,4631.13818359375,Turun,0.5608149798965466,Turun (HOLD),0.62813497,Turun (HOLD)
2019-05-13,4631.13818359375,Turun,0.5653197669315093,Turun (HOLD),0.62827355,Turun (HOLD)
2019-05-14,4536.2041015625,Turun,0.6387334745245167,Turun (HOLD),0.6563424,Naik (BUY)
2019-05-15,4507.31103515625,Turun,0.6192092060991586,Turun (HOLD),0.65865606,Naik (BUY)
2019-05-16,4358.71923828125,Naik,0.6784597084054503,Naik (BUY),0.65058756,Naik (BUY)
2019-05-17,4276.16748046875,Naik,0.7096215761399892,Naik (BUY),0.6521922,Naik (BUY)
2019-05-20,4441.2705078125,Naik,0.6072011405975822,Turun (HOLD),0.5742318,Turun (HOLD)
2019-05-21,4507.31103515625,Naik,0.5650118334855847,Turun (HOLD),0.53345037,Turun (HOLD)
2019-05-22,4507.31103515625,Naik,0.5488575303221747,Turun (HOLD),0.5417668,Turun (HOLD)
2019-05-23,4627.01123046875,Naik,0.5675445832606003,Turun (HOLD),0.5401833,Turun (HOLD)
2019-05-24,4631.13818359375,Naik,0.5624752673941269,Turun (HOLD),0.55794686,Turun (HOLD)
2019-05-27,4693.05322265625,Naik,0.555604877955104,Turun (HOLD),0.54099125,Turun (HOLD)
2019-05-28,4734.32861328125,Naik,0.5371423944161946,Turun (HOLD),0.53398144,Turun (HOLD)
2019-05-29,4738.4560546875,Naik,0.5305456076153316,Turun (HOLD),0.5444963,Turun (HOLD)
2019-05-30,4738.4560546875,Naik,0.5763831925074518,Turun (HOLD),0.6180473,Turun (HOLD)
2019-05-31,4804.49658203125,Turun,0.5569749900044583,Turun (HOLD),0.5602468,Turun (HOLD)
2019-06-03,4804.49658203125,Naik,0.556137413338964,Turun (HOLD),0.597921,Turun (HOLD)
2019-06-04,4804.49658203125,Naik,0.5530867753156329,Turun (HOLD),0.62519234,Turun (HOLD)
2019-06-05,4804.49658203125,Naik,0.5688397460032295,Turun (HOLD),0.6368661,Turun (HOLD)
2019-06-06,4804.49658203125,Turun,0.5653951108220727,Turun (HOLD),0.6450384,Turun (HOLD)
2019-06-07,4804.49658203125,Turun,0.562817805007452,Turun (HOLD),0.6448601,Turun (HOLD)
2019-06-10,4854.0283203125,Turun,0.5852519276821955,Turun (HOLD),0.5897518,Turun (HOLD)
2019-06-11,4878.79345703125,Naik,0.5216065347073588,Turun (HOLD),0.50182223,Turun (HOLD)
2019-06-12,4825.13525390625,Naik,0.5466559820086276,Turun (HOLD),0.6157923,Turun (HOLD)
2019-06-13,4792.11474609375,Naik,0.55105195622538,Turun (HOLD),0.6631635,Naik (BUY)
2019-06-14,4787.98583984375,Naik,0.5609162052276835,Turun (HOLD),0.67151034,Naik (BUY)
2019-06-17,4783.85888671875,Naik,0.5503132391795373,Turun (HOLD),0.6496724,Turun (HOLD)
2019-06-18,4870.5390625,Naik,0.5659023173500725,Turun (HOLD),0.5795951,Turun (HOLD)
2019-06-19,4903.55859375,Turun,0.5543444206730436,Turun (HOLD),0.5636786,Turun (HOLD)
2019-06-20,4878.79345703125,Naik,0.5062653106891865,Turun (HOLD),0.5524061,Turun (HOLD)
2019-06-21,4854.0283203125,Naik,0.5075627376129347,Turun (HOLD),0.59843653,Turun (HOLD)
2019-06-24,4849.900390625,Naik,0.5273455272295586,Turun (HOLD),0.63562465,Turun (HOLD)
2019-06-25,4878.79345703125,Naik,0.5456193054518498,Turun (HOLD),0.62711453,Turun (HOLD)
2019-06-26,4841.64599609375,Naik,0.530355666079759,Turun (HOLD),0.6498185,Turun (HOLD)
2019-06-27,4899.43212890625,Naik,0.5417085453087618,Turun (HOLD),0.58964276,Turun (HOLD)
2019-06-28,4948.96240234375,Turun,0.559600387993073,Turun (HOLD),0.5613968,Turun (HOLD)
2019-07-01,4944.8349609375,Turun,0.54830120350752,Turun (HOLD),0.5747977,Turun (HOLD)
2019-07-02,4953.08984375,Naik,0.5376511369235341,Turun (HOLD),0.56991917,Turun (HOLD)
2019-07-03,4953.08984375,Turun,0.5559997081368312,Turun (HOLD),0.579172,Turun (HOLD)
2019-07-04,4944.8349609375,Naik,0.5287465159119423,Turun (HOLD),0.58868927,Turun (HOLD)
2019-07-05,4928.32421875,Naik,0.5296165912319667,Turun (HOLD),0.6464228,Turun (HOLD)
2019-07-08,4854.0283203125,Naik,0.5623937319131385,Turun (HOLD),0.64646304,Turun (HOLD)
2019-07-09,4953.08984375,Naik,0.5657512943209874,Turun (HOLD),0.587564,Turun (HOLD)
2019-07-10,4953.08984375,Naik,0.565548178729264,Turun (HOLD),0.58929205,Turun (HOLD)
2019-07-11,4973.72802734375,Naik,0.541587369207364,Turun (HOLD),0.569632,Turun (HOLD)
2019-07-12,4961.3447265625,Naik,0.5093888059413212,Turun (HOLD),0.5531881,Turun (HOLD)
2019-07-15,5039.7685546875,Naik,0.45661991472083713,Turun (HOLD),0.43288195,Turun (HOLD)
2019-07-16,5023.2578125,Naik,0.4563107975507508,Turun (HOLD),0.517301,Turun (HOLD)
2019-07-17,5076.9169921875,Naik,0.435879190406881,Turun (HOLD),0.43825045,Turun (HOLD)
2019-07-18,5072.78955078125,Naik,0.4440793875599953,Turun (HOLD),0.443747,Turun (HOLD)
2019-07-19,5118.19287109375,Turun,0.43089432583501247,Turun (HOLD),0.4231643,Turun (HOLD)
2019-07-22,5192.4892578125,Turun,0.41085783302003165,Turun (HOLD),0.3893229,Turun (HOLD)
2019-07-23,5147.08544921875,Turun,0.4477764354107175,Turun (HOLD),0.43610954,Turun (HOLD)
2019-07-24,5159.46826171875,Turun,0.45372453467575363,Turun (HOLD),0.4497842,Turun (HOLD)
2019-07-25,5159.46826171875,Turun,0.4634154559492173,Turun (HOLD),0.46057692,Turun (HOLD)
2019-07-26,5114.06396484375,Turun,0.5310662973421554,Turun (HOLD),0.61179477,Turun (HOLD)
2019-07-29,5109.9384765625,Turun,0.5008962086972514,Turun (HOLD),0.60114825,Turun (HOLD)
2019-07-30,5134.7041015625,Turun,0.4774692517468643,Turun (HOLD),0.49377337,Turun (HOLD)
2019-07-31,5109.9384765625,Turun,0.5007223212545707,Turun (HOLD),0.59402925,Turun (HOLD)
2019-08-01,5126.44775390625,Turun,0.5455670655821855,Turun (HOLD),0.5985792,Turun (HOLD)
2019-08-02,5089.298828125,Turun,0.548369844420412,Turun (HOLD),0.5898944,Turun (HOLD)
2019-08-05,4953.08984375,Naik,0.6122431461367662,Turun (HOLD),0.64295685,Turun (HOLD)
2019-08-06,4854.0283203125,Naik,0.6507319960601388,Naik (BUY),0.6644338,Naik (BUY)
2019-08-07,4961.3447265625,Naik,0.5845223938367795,Turun (HOLD),0.61814433,Turun (HOLD)
2019-08-08,4957.216796875,Turun,0.5806252459839056,Turun (HOLD),0.5848147,Turun (HOLD)
2019-08-09,5006.74853515625,Turun,0.5521012578977824,Turun (HOLD),0.56048,Turun (HOLD)
2019-08-12,4986.10986328125,Naik,0.5209083907168561,Turun (HOLD),0.5473647,Turun (HOLD)
2019-08-13,4965.47265625,Turun,0.5300028227715536,Turun (HOLD),0.5530106,Turun (HOLD)
2019-08-14,4961.3447265625,Naik,0.5682960070273639,Turun (HOLD),0.60854274,Turun (HOLD)
2019-08-15,4953.08984375,Turun,0.5502785872508036,Turun (HOLD),0.58030164,Turun (HOLD)
2019-08-16,4920.06884765625,Turun,0.6196201886924622,Turun (HOLD),0.6405904,Turun (HOLD)
2019-08-19,4965.47265625,Turun,0.5443066941857994,Turun (HOLD),0.57717776,Turun (HOLD)
2019-08-20,4940.70751953125,Naik,0.5811507751949543,Turun (HOLD),0.59120303,Turun (HOLD)
2019-08-21,4932.451171875,Naik,0.573752011904572,Turun (HOLD),0.5901998,Turun (HOLD)
2019-08-22,4953.08984375,Naik,0.5426955844151834,Turun (HOLD),0.5596317,Turun (HOLD)
2019-08-23,4948.96240234375,Naik,0.5522891211801416,Turun (HOLD),0.5827871,Turun (HOLD)
2019-08-26,4944.8349609375,Turun,0.5160721982510498,Turun (HOLD),0.5374274,Turun (HOLD)
2019-08-27,4957.216796875,Naik,0.5139682830840331,Turun (HOLD),0.54508275,Turun (HOLD)
2019-08-28,4948.96240234375,Naik,0.5465665130715317,Turun (HOLD),0.5536316,Turun (HOLD)
2019-08-29,4957.216796875,Turun,0.5114174587514255,Turun (HOLD),0.5271288,Turun (HOLD)
2019-08-30,5035.6416015625,Turun,0.49653812743466114,Turun (HOLD),0.49781862,Turun (HOLD)
2019-09-02,4953.08984375,Naik,0.5519267900973657,Turun (HOLD),0.6022005,Turun (HOLD)
2019-09-03,4998.4921875,Turun,0.5094517622110191,Turun (HOLD),0.5244993,Turun (HOLD)
2019-09-04,4969.599609375,Naik,0.5194671954736091,Turun (HOLD),0.5688407,Turun (HOLD)
2019-09-05,4986.10986328125,Turun,0.5422331319497293,Turun (HOLD),0.5970497,Turun (HOLD)
2019-09-06,4973.72802734375,Turun,0.5324139955645918,Turun (HOLD),0.5882285,Turun (HOLD)
2019-09-09,4981.9833984375,Turun,0.4994361270108473,Turun (HOLD),0.56129885,Turun (HOLD)
2019-09-10,4998.4921875,Turun,0.47361154070039,Turun (HOLD),0.536586,Turun (HOLD)
2019-09-11,5035.6416015625,Turun,0.49829705270554875,Turun (HOLD),0.5093925,Turun (HOLD)
2019-09-12,4969.599609375,Turun,0.5467586075106495,Turun (HOLD),0.6075303,Turun (HOLD)
2019-09-13,4977.85595703125,Turun,0.49533741595583525,Turun (HOLD),0.5819562,Turun (HOLD)
2019-09-16,4957.216796875,Naik,0.4859343824182011,Turun (HOLD),0.5322432,Turun (HOLD)
2019-09-17,4977.85595703125,Turun,0.4874362494627003,Turun (HOLD),0.5182196,Turun (HOLD)
2019-09-18,4986.10986328125,Turun,0.4867539570506886,Turun (HOLD),0.5105535,Turun (HOLD)
2019-09-19,4977.85595703125,Naik,0.48017369253412395,Turun (HOLD),0.50861496,Turun (HOLD)
2019-09-20,4944.8349609375,Naik,0.5632785655142074,Turun (HOLD),0.58488715,Turun (HOLD)
2019-09-23,4973.72802734375,Naik,0.45391655676574555,Turun (HOLD),0.50947094,Turun (HOLD)
2019-09-24,4907.68701171875,Naik,0.5974167992060331,Turun (HOLD),0.6401046,Turun (HOLD)
2019-09-25,4899.43212890625,Naik,0.5995318643684895,Turun (HOLD),0.6461957,Turun (HOLD)
2019-09-26,5002.62109375,Naik,0.5337456349977443,Turun (HOLD),0.52518874,Turun (HOLD)
2019-09-27,5010.87548828125,Turun,0.4768475134622545,Turun (HOLD),0.49088764,Turun (HOLD)
2019-09-30,5010.87548828125,Naik,0.4921914094264748,Turun (HOLD),0.50114924,Turun (HOLD)
2019-10-01,4986.10986328125,Naik,0.49888756824495806,Turun (HOLD),0.523193,Turun (HOLD)
2019-10-02,4994.36572265625,Naik,0.49577597171645066,Turun (HOLD),0.5295173,Turun (HOLD)
2019-10-03,4986.10986328125,Naik,0.4997856664977568,Turun (HOLD),0.5300986,Turun (HOLD)
2019-10-04,4990.2373046875,Naik,0.5123555503189091,Turun (HOLD),0.5446218,Turun (HOLD)
2019-10-07,5010.87548828125,Naik,0.49985226093331026,Turun (HOLD),0.52764237,Turun (HOLD)
2019-10-08,5035.6416015625,Naik,0.49445394746576765,Turun (HOLD),0.5175925,Turun (HOLD)
2019-10-09,5010.87548828125,Naik,0.506783736237249,Turun (HOLD),0.537125,Turun (HOLD)
2019-10-10,5043.89697265625,Naik,0.5009323592504702,Turun (HOLD),0.5244036,Turun (HOLD)
2019-10-11,5056.27880859375,Naik,0.4857909321501087,Turun (HOLD),0.51942676,Turun (HOLD)
2019-10-14,5118.19287109375,Naik,0.5400410346766195,Turun (HOLD),0.5432844,Turun (HOLD)
2019-10-15,5097.55517578125,Naik,0.5134282910595561,Turun (HOLD),0.55834526,Turun (HOLD)
2019-10-16,5130.57568359375,Naik,0.5237100587221175,Turun (HOLD),0.5422092,Turun (HOLD)
2019-10-17,5048.0244140625,Naik,0.5751915118939633,Turun (HOLD),0.61919993,Turun (HOLD)
2019-10-18,5085.17236328125,Turun,0.5566411348564848,Turun (HOLD),0.6038855,Turun (HOLD)
2019-10-21,5134.7041015625,Turun,0.5566214243249041,Turun (HOLD),0.5738018,Turun (HOLD)
2019-10-22,5200.74365234375,Turun,0.5418647468639657,Turun (HOLD),0.55423564,Turun (HOLD)
2019-10-23,5180.1064453125,Turun,0.47632751771885146,Turun (HOLD),0.5422085,Turun (HOLD)
2019-10-24,5200.74365234375,Turun,0.4510431995886809,Turun (HOLD),0.52602285,Turun (HOLD)
2019-10-25,5118.19287109375,Naik,0.5584402167437952,Turun (HOLD),0.6149168,Turun (HOLD)
2019-10-28,5122.3203125,Naik,0.5248613684954729,Turun (HOLD),0.61032385,Turun (HOLD)
2019-10-29,5134.7041015625,Naik,0.468499601604305,Turun (HOLD),0.54020005,Turun (HOLD)
2019-10-30,5171.8515625,Naik,0.4532952270459236,Turun (HOLD),0.5193889,Turun (HOLD)
2019-10-31,5192.4892578125,Turun,0.457342380776948,Turun (HOLD),0.5100005,Turun (HOLD)
2019-11-01,5221.38232421875,Turun,0.5056625613728076,Turun (HOLD),0.53845996,Turun (HOLD)
2019-11-04,5180.1064453125,Turun,0.447180404800564,Turun (HOLD),0.51875025,Turun (HOLD)
2019-11-05,5250.275390625,Turun,0.4771367280006517,Turun (HOLD),0.5157891,Turun (HOLD)
2019-11-06,5196.61669921875,Turun,0.4761100428608282,Turun (HOLD),0.54307777,Turun (HOLD)
2019-11-07,5188.36181640625,Turun,0.5014549556977766,Turun (HOLD),0.6127162,Turun (HOLD)
2019-11-08,5184.2353515625,Turun,0.5104211830703954,Turun (HOLD),0.6223197,Turun (HOLD)
2019-11-11,5196.61669921875,Naik,0.49080270924041236,Turun (HOLD),0.57606506,Turun (HOLD)
2019-11-12,5171.8515625,Naik,0.48253183838051256,Turun (HOLD),0.571641,Turun (HOLD)
2019-11-13,5184.2353515625,Naik,0.4512423155085838,Turun (HOLD),0.54948777,Turun (HOLD)
2019-11-14,5175.97900390625,Naik,0.4402178266829901,Turun (HOLD),0.5150066,Turun (HOLD)
2019-11-15,5180.1064453125,Naik,0.4999444923893903,Turun (HOLD),0.5259292,Turun (HOLD)
2019-11-18,5184.2353515625,Turun,0.4645233494395392,Turun (HOLD),0.53067684,Turun (HOLD)
2019-11-19,5213.12646484375,Naik,0.5009114803876034,Turun (HOLD),0.53778857,Turun (HOLD)
2019-11-20,5242.0205078125,Turun,0.470465901422189,Turun (HOLD),0.5035225,Turun (HOLD)
2019-11-21,5200.74365234375,Turun,0.49371550984140966,Turun (HOLD),0.5617749,Turun (HOLD)
2019-11-22,5204.87158203125,Turun,0.47160725779433904,Turun (HOLD),0.5267284,Turun (HOLD)
2019-11-25,5180.1064453125,Naik,0.5299730821154169,Turun (HOLD),0.56683356,Turun (HOLD)
2019-11-26,5188.36181640625,Naik,0.5277443150126485,Turun (HOLD),0.61600363,Turun (HOLD)
2019-11-27,5200.74365234375,Naik,0.5081638643100134,Turun (HOLD),0.54775625,Turun (HOLD)
2019-11-28,5159.46826171875,Naik,0.5280131462823574,Turun (HOLD),0.57575166,Turun (HOLD)
2019-11-29,5184.2353515625,Naik,0.46055007790251057,Turun (HOLD),0.5502194,Turun (HOLD)
2019-12-02,5303.93408203125,Turun,0.4319616977618594,Turun (HOLD),0.5011295,Turun (HOLD)
2019-12-03,5262.658203125,Naik,0.4720206838357469,Turun (HOLD),0.52639425,Turun (HOLD)
2019-12-04,5254.40234375,Naik,0.4633879585400472,Turun (HOLD),0.53585243,Turun (HOLD)
2019-12-05,5233.76513671875,Naik,0.4400540362699459,Turun (HOLD),0.539357,Turun (HOLD)
2019-12-06,5295.87451171875,Turun,0.4409963120967302,Turun (HOLD),0.52055067,Turun (HOLD)
2019-12-09,5295.87451171875,Turun,0.43135502588701774,Turun (HOLD),0.51637,Turun (HOLD)
2019-12-10,5271.03076171875,Naik,0.4409607130716462,Turun (HOLD),0.5406541,Turun (HOLD)
2019-12-11,5283.4521484375,Naik,0.4403031319127342,Turun (HOLD),0.5420287,Turun (HOLD)
2019-12-12,5250.328125,Naik,0.5002172691465621,Turun (HOLD),0.5479577,Turun (HOLD)
2019-12-13,5266.89013671875,Naik,0.47241039238500815,Turun (HOLD),0.5723955,Turun (HOLD)
2019-12-16,5266.89013671875,Naik,0.45917397046334535,Turun (HOLD),0.5581041,Turun (HOLD)
2019-12-17,5382.82763671875,Naik,0.46864987860800356,Turun (HOLD),0.5222957,Turun (HOLD)
2019-12-18,5594.0009765625,Turun,0.378881731609336,Turun (HOLD),0.44077232,Turun (HOLD)
2019-12-19,5465.6396484375,Naik,0.4553392542481906,Turun (HOLD),0.5090118,Turun (HOLD)
2019-12-20,5515.328125,Naik,0.4621459366580395,Turun (HOLD),0.4637474,Turun (HOLD)
2019-12-23,5515.328125,Naik,0.4795244370456662,Turun (HOLD),0.5084546,Turun (HOLD)
2019-12-26,5531.890625,Naik,0.4708567480891315,Turun (HOLD),0.501784,Turun (HOLD)
2019-12-27,5544.31298828125,Naik,0.46955327595894203,Turun (HOLD),0.48846063,Turun (HOLD)
2019-12-30,5536.03125,Turun,0.47499074278098896,Turun (HOLD),0.4877104,Turun (HOLD)
2020-01-02,5540.17236328125,Turun,0.49839378187981787,Turun (HOLD),0.5160401,Turun (HOLD)
2020-01-03,5631.265625,Naik,0.4585859900733751,Turun (HOLD),0.46228194,Turun (HOLD)
2020-01-06,5577.4365234375,Naik,0.4779721720773441,Turun (HOLD),0.48285717,Turun (HOLD)
2020-01-07,5581.57861328125,Naik,0.45925161060929565,Turun (HOLD),0.4852106,Turun (HOLD)
2020-01-08,5531.890625,Naik,0.5006471947364584,Turun (HOLD),0.5799625,Turun (HOLD)
2020-01-09,5581.57861328125,Naik,0.49724054994611244,Turun (HOLD),0.5477188,Turun (HOLD)
2020-01-10,5569.1572265625,Naik,0.5007510097332575,Turun (HOLD),0.5848113,Turun (HOLD)
2020-01-13,5585.71875,Naik,0.4834959221261153,Turun (HOLD),0.5595246,Turun (HOLD)
2020-01-14,5689.23486328125,Turun,0.4543416735795663,Turun (HOLD),0.4609875,Turun (HOLD)
2020-01-15,5660.2509765625,Naik,0.4559801621938679,Turun (HOLD),0.47996724,Turun (HOLD)
2020-01-16,5672.67236328125,Turun,0.4398123298053262,Turun (HOLD),0.4814365,Turun (HOLD)
2020-01-17,5693.3759765625,Turun,0.4383896843058811,Turun (HOLD),0.47938475,Turun (HOLD)
2020-01-20,5660.2509765625,Turun,0.4933530937024721,Turun (HOLD),0.5240531,Turun (HOLD)
2020-01-21,5656.1103515625,Turun,0.5139702962963838,Turun (HOLD),0.5987221,Turun (HOLD)
2020-01-22,5664.39111328125,Turun,0.5150075599278835,Turun (HOLD),0.60314375,Turun (HOLD)
2020-01-23,5664.39111328125,Turun,0.5249968116274051,Turun (HOLD),0.6133189,Turun (HOLD)
2020-01-24,5639.546875,Turun,0.5322568070470538,Turun (HOLD),0.6361956,Turun (HOLD)
2020-01-27,5664.39111328125,Turun,0.5316778692639411,Turun (HOLD),0.5965823,Turun (HOLD)
2020-01-28,5622.98486328125,Turun,0.5788725413908671,Turun (HOLD),0.6502313,Naik (BUY)
2020-01-29,5618.84423828125,Turun,0.5311186788671372,Turun (HOLD),0.6283502,Turun (HOLD)
2020-01-30,5581.57861328125,Turun,0.5691710564488462,Turun (HOLD),0.65241086,Naik (BUY)
2020-01-31,5366.26513671875,Naik,0.6588381468955865,Naik (BUY),0.6651999,Naik (BUY)
2020-02-03,5333.13916015625,Naik,0.6356714734508759,Turun (HOLD),0.65456575,Naik (BUY)
2020-02-04,5465.6396484375,Naik,0.48887038159965535,Turun (HOLD),0.55895233,Turun (HOLD)
2020-02-05,5573.296875,Naik,0.5012766569750448,Turun (HOLD),0.5088364,Turun (HOLD)
2020-02-06,5581.57861328125,Naik,0.4898106033561448,Turun (HOLD),0.5270708,Turun (HOLD)
2020-02-07,5598.140625,Turun,0.4856649602227164,Turun (HOLD),0.5181051,Turun (HOLD)
2020-02-10,5618.84423828125,Turun,0.46119537496771534,Turun (HOLD),0.4876997,Turun (HOLD)
2020-02-11,5614.7041015625,Turun,0.4966474797897664,Turun (HOLD),0.5542299,Turun (HOLD)
2020-02-12,5631.265625,Turun,0.5063166764987972,Turun (HOLD),0.5705081,Turun (HOLD)
2020-02-13,5622.98486328125,Turun,0.5253581414783222,Turun (HOLD),0.59264797,Turun (HOLD)
2020-02-14,5531.890625,Turun,0.5910535464362217,Turun (HOLD),0.65866673,Naik (BUY)
2020-02-17,5565.01513671875,Turun,0.5198584817058681,Turun (HOLD),0.587893,Turun (HOLD)
2020-02-18,5544.31298828125,Turun,0.5133091894002774,Turun (HOLD),0.5835316,Turun (HOLD)
2020-02-19,5544.31298828125,Turun,0.5049775051450643,Turun (HOLD),0.54748696,Turun (HOLD)
2020-02-20,5461.5,Turun,0.6159886670969784,Turun (HOLD),0.61186814,Turun (HOLD)
2020-02-21,5478.0625,Turun,0.5707933890286617,Turun (HOLD),0.5999199,Turun (HOLD)
2020-02-24,5403.53125,Turun,0.6243628556115469,Turun (HOLD),0.6229002,Turun (HOLD)
2020-02-25,5407.67236328125,Turun,0.5883221486918656,Turun (HOLD),0.64310396,Turun (HOLD)
2020-02-26,5316.578125,Turun,0.6791471462317887,Naik (BUY),0.6602264,Naik (BUY)
2020-02-27,5208.92041015625,Naik,0.6865046184874143,Naik (BUY),0.6540949,Naik (BUY)
2020-02-28,5208.92041015625,Turun,0.6694596819633242,Naik (BUY),0.6510214,Naik (BUY)
2020-03-02,5035.01416015625,Turun,0.6816385132857135,Naik (BUY),0.63487095,Turun (HOLD)
2020-03-03,5233.76513671875,Turun,0.5840430779160581,Turun (HOLD),0.56126696,Turun (HOLD)
2020-03-04,5333.13916015625,Turun,0.5479830768452993,Turun (HOLD),0.51616037,Turun (HOLD)
2020-03-05,5329.0,Turun,0.5450412548254588,Turun (HOLD),0.5219681,Turun (HOLD)
2020-03-06,5134.39013671875,Turun,0.6832433890740633,Naik (BUY),0.68140167,Naik (BUY)
2020-03-09,4790.716796875,Turun,0.7179626311803439,Naik (BUY),0.67360306,Naik (BUY)
2020-03-10,4906.654296875,Turun,0.6671706594013932,Naik (BUY),0.65401864,Naik (BUY)
2020-03-11,4844.54443359375,Turun,0.7256801359517526,Naik (BUY),0.683617,Naik (BUY)
2020-03-12,4604.38818359375,Turun,0.7599921161817984,Naik (BUY),0.6724221,Naik (BUY)
2020-03-13,4604.38818359375,Turun,0.7074285976112409,Naik (BUY),0.6568985,Naik (BUY)
2020-03-16,4604.38818359375,Turun,0.7244471910346912,Naik (BUY),0.659638,Naik (BUY)
2020-03-17,4240.013671875,Turun,0.29021257033358094,Turun (HOLD),0.55802035,Turun (HOLD)
2020-03-18,4140.63671875,Naik,0.2963443399228741,Turun (HOLD),0.559373,Turun (HOLD)
2020-03-19,3850.792236328125,Naik,0.41516292130735916,Turun (HOLD),0.5589457,Turun (HOLD)
2020-03-20,3921.1826171875,Naik,0.440726869454774,Turun (HOLD),0.5427719,Turun (HOLD)
2020-03-23,3668.60400390625,Naik,0.45700794092087593,Turun (HOLD),0.55648464,Turun (HOLD)
2020-03-24,3726.573486328125,Naik,0.4513109569775486,Turun (HOLD),0.54563886,Turun (HOLD)
2020-03-26,4372.51220703125,Naik,0.4610422548315733,Turun (HOLD),0.5051904,Turun (HOLD)
2020-03-27,4562.98193359375,Naik,0.44163710063500056,Turun (HOLD),0.5052285,Turun (HOLD)
2020-03-30,4550.55908203125,Naik,0.42622650443244003,Turun (HOLD),0.5057258,Turun (HOLD)
2020-03-31,4575.4033203125,Naik,0.42800313093982223,Turun (HOLD),0.5102519,Turun (HOLD)
2020-04-01,4538.1376953125,Naik,0.4412972095047937,Turun (HOLD),0.58738655,Turun (HOLD)
2020-04-02,4480.16748046875,Naik,0.4408562158973305,Turun (HOLD),0.6092214,Turun (HOLD)
2020-04-03,4550.55908203125,Turun,0.42549981075356236,Turun (HOLD),0.5407337,Turun (HOLD)
2020-04-06,4749.310546875,Turun,0.4303428560204403,Turun (HOLD),0.51682436,Turun (HOLD)
2020-04-07,4683.060546875,Turun,0.44630030484470357,Turun (HOLD),0.54872435,Turun (HOLD)
2020-04-08,4666.49755859375,Turun,0.4430985856754819,Turun (HOLD),0.5680598,Turun (HOLD)
2020-04-09,4633.373046875,Turun,0.43950339263098986,Turun (HOLD),0.61969584,Turun (HOLD)
2020-04-13,4554.7001953125,Turun,0.4490110859973304,Turun (HOLD),0.61912245,Turun (HOLD)
2020-04-14,4567.1220703125,Turun,0.4373959035592007,Turun (HOLD),0.6100207,Turun (HOLD)
2020-04-15,4542.2783203125,Turun,0.43815023990150165,Turun (HOLD),0.6148377,Turun (HOLD)
2020-04-16,4339.38720703125,Turun,0.4417483625771149,Turun (HOLD),0.61681724,Turun (HOLD)
2020-04-17,4492.5908203125,Turun,0.4303852787557201,Turun (HOLD),0.6067403,Turun (HOLD)
2020-04-20,4434.62255859375,Turun,0.44506576388468766,Turun (HOLD),0.6230672,Turun (HOLD)
2020-04-21,4347.00732421875,Turun,0.44816718271527534,Turun (HOLD),0.61964184,Turun (HOLD)
2020-04-22,4334.37109375,Turun,0.4321457387471607,Turun (HOLD),0.6157069,Turun (HOLD)
2020-04-23,4313.31201171875,Naik,0.4378153648424183,Turun (HOLD),0.61406,Turun (HOLD)
2020-04-24,4144.822265625,Naik,0.4372486256562549,Turun (HOLD),0.5973945,Turun (HOLD)
2020-04-27,4178.51953125,Naik,0.4468585280734652,Turun (HOLD),0.60898197,Turun (HOLD)
2020-04-28,4069.001953125,Naik,0.49573087514212166,Turun (HOLD),0.6218147,Turun (HOLD)
2020-04-29,4085.85009765625,Naik,0.5018710238701616,Turun (HOLD),0.60893446,Turun (HOLD)
2020-04-30,4355.43212890625,Naik,0.5146417418294157,Turun (HOLD),0.5619371,Turun (HOLD)
2020-05-04,4397.5546875,Turun,0.5013873370451426,Turun (HOLD),0.55295,Turun (HOLD)
2020-05-05,4452.31396484375,Turun,0.4909356680479519,Turun (HOLD),0.55152905,Turun (HOLD)
2020-05-06,4511.28466796875,Turun,0.5239020773386798,Turun (HOLD),0.52418566,Turun (HOLD)
2020-05-08,4418.615234375,Turun,0.5310755057615115,Turun (HOLD),0.6061079,Turun (HOLD)
2020-05-11,4460.7373046875,Turun,0.5119733088666402,Turun (HOLD),0.5907216,Turun (HOLD)
2020-05-12,4397.5546875,Turun,0.5501187550203108,Turun (HOLD),0.5842704,Turun (HOLD)
2020-05-13,4304.88671875,Turun,0.5700704171423794,Turun (HOLD),0.6242277,Turun (HOLD)
2020-05-14,4144.822265625,Naik,0.5568351814220419,Turun (HOLD),0.6234468,Turun (HOLD)
2020-05-15,4031.091552734375,Naik,0.5628514422843856,Turun (HOLD),0.6235331,Turun (HOLD)
2020-05-18,4014.241943359375,Naik,0.5475515583216417,Turun (HOLD),0.59966373,Turun (HOLD)
2020-05-19,3942.63525390625,Naik,0.5702719303991285,Turun (HOLD),0.61552393,Turun (HOLD)
2020-05-20,4014.241943359375,Naik,0.5430302384748416,Turun (HOLD),0.61937726,Turun (HOLD)
2020-05-26,4186.943359375,Naik,0.532791750000996,Turun (HOLD),0.57774323,Turun (HOLD)
2020-05-27,4182.73095703125,Naik,0.560611300906432,Turun (HOLD),0.56099063,Turun (HOLD)
2020-05-28,4460.7373046875,Naik,0.5328134392312353,Turun (HOLD),0.5478582,Turun (HOLD)
2020-05-29,4372.28125,Naik,0.5418998263384954,Turun (HOLD),0.57379645,Turun (HOLD)
2020-06-02,4515.49658203125,Naik,0.5293809230008727,Turun (HOLD),0.5851088,Turun (HOLD)
2020-06-03,4869.3232421875,Naik,0.4013058390259797,Turun (HOLD),0.50309604,Turun (HOLD)
2020-06-04,4877.7470703125,Turun,0.3739095293646106,Turun (HOLD),0.49733716,Turun (HOLD)
2020-06-05,4822.9892578125,Turun,0.4071216071649253,Turun (HOLD),0.5005771,Turun (HOLD)
2020-06-08,4970.416015625,Turun,0.3795615379439569,Turun (HOLD),0.46075395,Turun (HOLD)
2020-06-09,4890.384765625,Turun,0.4232565223640396,Turun (HOLD),0.506414,Turun (HOLD)
2020-06-10,4886.1708984375,Turun,0.4055450276187268,Turun (HOLD),0.5103088,Turun (HOLD)
2020-06-11,4785.07861328125,Turun,0.5183936099432959,Turun (HOLD),0.5826324,Turun (HOLD)
2020-06-12,4776.654296875,Turun,0.5111817223677193,Turun (HOLD),0.5832172,Turun (HOLD)
2020-06-15,4633.4384765625,Turun,0.5552710810817957,Turun (HOLD),0.6292242,Turun (HOLD)
2020-06-16,4852.4736328125,Turun,0.38504047761579097,Turun (HOLD),0.46580917,Turun (HOLD)
2020-06-17,4818.7763671875,Turun,0.4328251575272781,Turun (HOLD),0.48572737,Turun (HOLD)
2020-06-18,4705.046875,Naik,0.5484155057468266,Turun (HOLD),0.5998887,Turun (HOLD)
2020-06-19,4696.62255859375,Naik,0.5271754524235345,Turun (HOLD),0.5790392,Turun (HOLD)
2020-06-22,4667.1357421875,Naik,0.5896928025754515,Turun (HOLD),0.6436082,Turun (HOLD)
2020-06-23,4734.53173828125,Naik,0.4583756693183243,Turun (HOLD),0.5022126,Turun (HOLD)
2020-06-24,4806.13916015625,Naik,0.4102034805448872,Turun (HOLD),0.48494995,Turun (HOLD)
2020-06-25,4822.9892578125,Naik,0.4186683143127012,Turun (HOLD),0.45061073,Turun (HOLD)
2020-06-26,4755.59375,Naik,0.5861809322775257,Turun (HOLD),0.5753993,Turun (HOLD)
2020-06-29,4780.8662109375,Naik,0.5206769566261568,Turun (HOLD),0.51398784,Turun (HOLD)
2020-06-30,4797.71630859375,Naik,0.5045932939974096,Turun (HOLD),0.49951535,Turun (HOLD)
2020-07-01,4886.1708984375,Naik,0.425372853711537,Turun (HOLD),0.47145987,Turun (HOLD)
2020-07-02,4945.1435546875,Naik,0.41053495010587476,Turun (HOLD),0.4823242,Turun (HOLD)
2020-07-03,4945.1435546875,Naik,0.46431933057122504,Turun (HOLD),0.5064012,Turun (HOLD)
2020-07-06,4999.9013671875,Naik,0.4405815244265325,Turun (HOLD),0.44154558,Turun (HOLD)
2020-07-07,5046.23583984375,Naik,0.38514858484775344,Turun (HOLD),0.45863748,Turun (HOLD)
2020-07-08,5223.1494140625,Turun,0.41685993627728135,Turun (HOLD),0.4386392,Turun (HOLD)
2020-07-09,5138.9052734375,Naik,0.45202478987640604,Turun (HOLD),0.450796,Turun (HOLD)
2020-07-10,5223.1494140625,Turun,0.43957252056994267,Turun (HOLD),0.44349188,Turun (HOLD)
2020-07-13,5202.08837890625,Turun,0.4635565312514892,Turun (HOLD),0.500197,Turun (HOLD)
2020-07-14,5223.1494140625,Turun,0.416594675370209,Turun (HOLD),0.4632123,Turun (HOLD)
2020-07-15,5181.02734375,Naik,0.4379660564066844,Turun (HOLD),0.49369287,Turun (HOLD)
2020-07-16,5206.30029296875,Naik,0.4323874340796262,Turun (HOLD),0.4710747,Turun (HOLD)
2020-07-17,5155.75341796875,Turun,0.5045005729720705,Turun (HOLD),0.5715634,Turun (HOLD)
2020-07-20,5172.6025390625,Naik,0.4425338658746225,Turun (HOLD),0.49258876,Turun (HOLD)
2020-07-21,5223.1494140625,Turun,0.38753842720602205,Turun (HOLD),0.4416669,Turun (HOLD)
2020-07-22,5206.30029296875,Turun,0.43973617334278364,Turun (HOLD),0.504394,Turun (HOLD)
2020-07-23,5223.1494140625,Naik,0.4214167005041346,Turun (HOLD),0.46624607,Turun (HOLD)
2020-07-24,5138.9052734375,Naik,0.5136367240641746,Turun (HOLD),0.57974625,Turun (HOLD)
2020-07-27,5138.9052734375,Naik,0.4990238759416802,Turun (HOLD),0.58663595,Turun (HOLD)
2020-07-28,5210.5126953125,Naik,0.41666531579811744,Turun (HOLD),0.49876556,Turun (HOLD)
2020-07-29,5168.3896484375,Naik,0.4429856277044381,Turun (HOLD),0.511046,Turun (HOLD)
2020-07-30,5256.84716796875,Turun,0.4357453516571661,Turun (HOLD),0.48278737,Turun (HOLD)
2020-08-03,5164.177734375,Turun,0.4816306533723872,Turun (HOLD),0.5456247,Turun (HOLD)
2020-08-04,5231.57373046875,Turun,0.43963226671278266,Turun (HOLD),0.49074462,Turun (HOLD)
2020-08-05,5227.361328125,Naik,0.4058589370335219,Turun (HOLD),0.44893417,Turun (HOLD)
2020-08-06,5273.69580078125,Naik,0.3771481382954,Turun (HOLD),0.46663222,Turun (HOLD)
2020-08-07,5206.30029296875,Naik,0.4601896730003934,Turun (HOLD),0.517382,Turun (HOLD)
2020-08-10,5155.75341796875,Naik,0.5330261414699236,Turun (HOLD),0.59633034,Turun (HOLD)
2020-08-11,5202.08837890625,Naik,0.4317267972291765,Turun (HOLD),0.47078952,Turun (HOLD)
2020-08-12,5273.69580078125,Naik,0.38261472095351445,Turun (HOLD),0.42032182,Turun (HOLD)
2020-08-13,5307.3935546875,Naik,0.39179736543439264,Turun (HOLD),0.4300296,Turun (HOLD)
2020-08-14,5395.849609375,Turun,0.4153231914725947,Turun (HOLD),0.46690497,Turun (HOLD)
2020-08-18,5357.93994140625,Naik,0.4262327607501959,Turun (HOLD),0.484818,Turun (HOLD)
2020-08-19,5332.66650390625,Naik,0.4686809879717499,Turun (HOLD),0.55438375,Turun (HOLD)
2020-08-24,5320.029296875,Turun,0.48344834338758463,Turun (HOLD),0.5805189,Turun (HOLD)
2020-08-25,5362.15234375,Naik,0.47950965800528733,Turun (HOLD),0.54532945,Turun (HOLD)
2020-08-26,5341.091796875,Naik,0.4801650660011771,Turun (HOLD),0.56097645,Turun (HOLD)
2020-08-27,5560.12548828125,Turun,0.4347741999138804,Turun (HOLD),0.51210374,Turun (HOLD)
2020-08-28,5471.66943359375,Turun,0.4676349400920812,Turun (HOLD),0.53124225,Turun (HOLD)
2020-08-31,5286.33203125,Naik,0.5520032187277488,Turun (HOLD),0.63134587,Turun (HOLD)
2020-09-01,5492.72998046875,Turun,0.4683254950481071,Turun (HOLD),0.5129812,Turun (HOLD)
2020-09-02,5421.12353515625,Turun,0.4810843015480016,Turun (HOLD),0.55570525,Turun (HOLD)
2020-09-03,5475.88232421875,Turun,0.4629201261893219,Turun (HOLD),0.4856911,Turun (HOLD)
2020-09-04,5374.78857421875,Turun,0.5444183068115417,Turun (HOLD),0.6007927,Turun (HOLD)
2020-09-07,5294.7568359375,Turun,0.5561060215491375,Turun (HOLD),0.6016911,Turun (HOLD)
2020-09-08,5336.87939453125,Turun,0.5404922838057525,Turun (HOLD),0.57000387,Turun (HOLD)
2020-09-09,5261.05859375,Turun,0.5489848042122861,Turun (HOLD),0.5922174,Turun (HOLD)
2020-09-10,4894.59619140625,Turun,0.574745017562226,Turun (HOLD),0.585501,Turun (HOLD)
2020-09-11,4974.6279296875,Turun,0.5354993387331825,Turun (HOLD),0.5648427,Turun (HOLD)
2020-09-14,5096.78271484375,Turun,0.4998223197210945,Turun (HOLD),0.50921863,Turun (HOLD)
2020-09-15,4936.71875,Turun,0.5762198665771561,Turun (HOLD),0.5903419,Turun (HOLD)
2020-09-16,4844.0498046875,Turun,0.5817618028353884,Turun (HOLD),0.60694027,Turun (HOLD)
2020-09-17,4848.26220703125,Turun,0.567225012615379,Turun (HOLD),0.5956154,Turun (HOLD)
2020-09-18,4742.95556640625,Turun,0.5885517794534312,Turun (HOLD),0.60660547,Turun (HOLD)
2020-09-21,4721.89501953125,Turun,0.5848004104622405,Turun (HOLD),0.6039829,Turun (HOLD)
2020-09-22,4591.31689453125,Naik,0.5857832326113923,Turun (HOLD),0.60617226,Turun (HOLD)
2020-09-23,4637.65087890625,Turun,0.5763967157725888,Turun (HOLD),0.59635663,Turun (HOLD)
2020-09-24,4587.10498046875,Naik,0.5624144379393645,Turun (HOLD),0.5903747,Turun (HOLD)
2020-09-25,4726.107421875,Turun,0.5017247910031724,Turun (HOLD),0.5179193,Turun (HOLD)
2020-09-28,4646.0751953125,Turun,0.558074921286162,Turun (HOLD),0.55615675,Turun (HOLD)
2020-09-29,4637.65087890625,Naik,0.550858878427542,Turun (HOLD),0.56983155,Turun (HOLD)
2020-09-30,4566.04296875,Naik,0.6253869553806273,Turun (HOLD),0.59459144,Turun (HOLD)
2020-10-01,4692.4091796875,Naik,0.6028657525585658,Turun (HOLD),0.5471692,Turun (HOLD)
2020-10-02,4637.65087890625,Naik,0.6579486228678058,Naik (BUY),0.59603167,Turun (HOLD)
2020-10-05,4650.28759765625,Naik,0.649167550075439,Turun (HOLD),0.57925045,Turun (HOLD)
2020-10-06,4801.927734375,Naik,0.5402268859776815,Turun (HOLD),0.5427751,Turun (HOLD)
2020-10-07,4848.26220703125,Naik,0.5413812363490069,Turun (HOLD),0.53975356,Turun (HOLD)
2020-10-08,4869.3232421875,Naik,0.5819014500363701,Turun (HOLD),0.55480313,Turun (HOLD)
2020-10-09,4865.111328125,Turun,0.619422936575062,Turun (HOLD),0.5637579,Turun (HOLD)
2020-10-12,4932.50634765625,Naik,0.5645943330195433,Turun (HOLD),0.5467893,Turun (HOLD)
2020-10-13,4932.50634765625,Turun,0.5791222625600322,Turun (HOLD),0.5542694,Turun (HOLD)
2020-10-14,4970.416015625,Turun,0.5544755361045777,Turun (HOLD),0.5049013,Turun (HOLD)
2020-10-15,4873.53515625,Naik,0.7154379733810954,Naik (BUY),0.6142093,Turun (HOLD)
2020-10-16,4852.4736328125,Naik,0.7159346080681778,Naik (BUY),0.6121586,Turun (HOLD)
2020-10-19,4970.416015625,Turun,0.5928783366026515,Turun (HOLD),0.5310768,Turun (HOLD)
2020-10-20,4890.384765625,Turun,0.6929676297863159,Naik (BUY),0.5727311,Turun (HOLD)
2020-10-21,4869.3232421875,Naik,0.7057521127512859,Naik (BUY),0.61287844,Turun (HOLD)
2020-10-22,4886.1708984375,Naik,0.683103432991319,Naik (BUY),0.58436584,Turun (HOLD)
2020-10-23,4860.8984375,Naik,0.7263986221864702,Naik (BUY),0.61378086,Turun (HOLD)
2020-10-26,4898.80859375,Naik,0.6449445447895829,Turun (HOLD),0.5775336,Turun (HOLD)
2020-10-27,4877.7470703125,Naik,0.694371787863069,Naik (BUY),0.5771159,Turun (HOLD)
2020-11-02,4903.0205078125,Naik,0.6470809439098987,Turun (HOLD),0.5909861,Turun (HOLD)
2020-11-03,4961.9921875,Naik,0.587549914089352,Turun (HOLD),0.5394804,Turun (HOLD)
2020-11-04,4903.0205078125,Naik,0.6909528257450174,Naik (BUY),0.61247784,Turun (HOLD)
2020-11-05,5181.02734375,Naik,0.562510456830171,Turun (HOLD),0.5674881,Turun (HOLD)
2020-11-06,5307.3935546875,Naik,0.5083465064521749,Turun (HOLD),0.5360121,Turun (HOLD)
2020-11-09,5294.7568359375,Naik,0.5564215354220041,Turun (HOLD),0.56905574,Turun (HOLD)
2020-11-10,5459.033203125,Naik,0.4599227320303994,Turun (HOLD),0.51570266,Turun (HOLD)
2020-11-11,5509.5791015625,Naik,0.44545197190784014,Turun (HOLD),0.47091043,Turun (HOLD)
2020-11-12,5408.48681640625,Naik,0.5623263986856702,Turun (HOLD),0.52123827,Turun (HOLD)
2020-11-13,5383.21337890625,Naik,0.6565337543005347,Naik (BUY),0.6073261,Turun (HOLD)
2020-11-16,5459.033203125,Naik,0.5823316118527141,Turun (HOLD),0.5685263,Turun (HOLD)
2020-11-17,5518.00341796875,Naik,0.5054761869076472,Turun (HOLD),0.51236343,Turun (HOLD)
2020-11-18,5534.8525390625,Turun,0.46845054284131527,Turun (HOLD),0.44758946,Turun (HOLD)
2020-11-19,5572.76318359375,Turun,0.44457697132689317,Turun (HOLD),0.44136474,Turun (HOLD)
2020-11-20,5560.12548828125,Turun,0.5330017507267696,Turun (HOLD),0.50987875,Turun (HOLD)
2020-11-23,5560.12548828125,Turun,0.5668648609579541,Turun (HOLD),0.52895296,Turun (HOLD)
2020-11-24,5530.640625,Turun,0.6034702603531605,Turun (HOLD),0.569766,Turun (HOLD)
2020-11-25,5400.0615234375,Naik,0.6648853723009687,Naik (BUY),0.6148028,Turun (HOLD)
2020-11-26,5459.033203125,Turun,0.6356480540094488,Turun (HOLD),0.5943342,Turun (HOLD)
2020-11-27,5379.00048828125,Naik,0.6738788586582618,Naik (BUY),0.5942661,Turun (HOLD)
2020-11-30,5227.361328125,Naik,0.7038243304078771,Naik (BUY),0.6079548,Turun (HOLD)
2020-12-01,5387.42578125,Naik,0.5664947010644364,Turun (HOLD),0.5381528,Turun (HOLD)
2020-12-02,5433.759765625,Naik,0.4979408088086466,Turun (HOLD),0.48161116,Turun (HOLD)
2020-12-03,5442.1845703125,Naik,0.5267930324476076,Turun (HOLD),0.4668016,Turun (HOLD)
2020-12-04,5383.21337890625,Naik,0.6075447871486997,Turun (HOLD),0.5292671,Turun (HOLD)
2020-12-07,5492.72998046875,Naik,0.4908876490845691,Turun (HOLD),0.44395152,Turun (HOLD)
2020-12-08,5467.45703125,Naik,0.5859871588711157,Turun (HOLD),0.5199399,Turun (HOLD)
2020-12-10,5555.84423828125,Naik,0.5242417249894172,Turun (HOLD),0.5018809,Turun (HOLD)
2020-12-11,5691.04296875,Naik,0.48040831428470837,Turun (HOLD),0.46849024,Turun (HOLD)
2020-12-14,5762.8681640625,Naik,0.45788085247537186,Turun (HOLD),0.42974567,Turun (HOLD)
2020-12-15,5737.51806640625,Turun,0.4993530230903106,Turun (HOLD),0.4676704,Turun (HOLD)
2020-12-16,5872.7177734375,Turun,0.44442041510498725,Turun (HOLD),0.45548138,Turun (HOLD)
2020-12-17,5860.04296875,Turun,0.4507103769947398,Turun (HOLD),0.44573718,Turun (HOLD)
2020-12-18,5745.96826171875,Turun,0.6434904357403632,Turun (HOLD),0.57913214,Turun (HOLD)
2020-12-21,5771.31884765625,Naik,0.5863970296029204,Turun (HOLD),0.50648195,Turun (HOLD)
2020-12-22,5674.142578125,Turun,0.6555009480562161,Naik (BUY),0.5932693,Turun (HOLD)
2020-12-23,5682.59375,Naik,0.5997885448788352,Turun (HOLD),0.5703311,Turun (HOLD)
2020-12-28,5729.068359375,Naik,0.49713581847669347,Turun (HOLD),0.4811191,Turun (HOLD)
2020-12-29,5716.39404296875,Naik,0.4384530999419835,Turun (HOLD),0.5118767,Turun (HOLD)
2020-12-30,5720.61865234375,Naik,0.40512271585216275,Turun (HOLD),0.4671848,Turun (HOLD)
2021-01-04,5775.54345703125,Naik,0.4011248977422274,Turun (HOLD),0.45812607,Turun (HOLD)
2021-01-05,5991.017578125,Naik,0.36794608390917777,Turun (HOLD),0.4162058,Turun (HOLD)
2021-01-06,5868.4921875,Naik,0.39284093369908935,Turun (HOLD),0.41534045,Turun (HOLD)
2021-01-07,5885.39306640625,Turun,0.3851509233438909,Turun (HOLD),0.46600935,Turun (HOLD)
2021-01-08,5957.21728515625,Turun,0.3613591860186989,Turun (HOLD),0.42909056,Turun (HOLD)
2021-01-11,6206.4912109375,Turun,0.32839464564939524,Turun (HOLD),0.40436485,Turun (HOLD)
2021-01-12,6050.16650390625,Turun,0.38074803323374234,Turun (HOLD),0.4294226,Turun (HOLD)
2021-01-13,6016.3671875,Naik,0.3447127935508114,Turun (HOLD),0.4037751,Turun (HOLD)
2021-01-14,5931.86767578125,Turun,0.42436501763848866,Turun (HOLD),0.5493493,Turun (HOLD)
2021-01-15,5876.9423828125,Naik,0.41234153792358025,Turun (HOLD),0.53313994,Turun (HOLD)
2021-01-18,6016.3671875,Turun,0.3069898632377256,Turun (HOLD),0.37401882,Turun (HOLD)
2021-01-19,5995.24169921875,Turun,0.2761483314161012,Turun (HOLD),0.42287344,Turun (HOLD)
2021-01-20,5995.24169921875,Turun,0.25079950038705145,Turun (HOLD),0.43367004,Turun (HOLD)
2021-01-21,5978.34228515625,Turun,0.2360118380794133,Turun (HOLD),0.45233002,Turun (HOLD)
2021-01-22,5982.5673828125,Turun,0.219114534670595,Turun (HOLD),0.44738537,Turun (HOLD)
2021-01-25,5944.54150390625,Turun,0.23102718790261845,Turun (HOLD),0.46181738,Turun (HOLD)
2021-01-26,5762.8681640625,Turun,0.31908967263301613,Turun (HOLD),0.6039912,Turun (HOLD)
2021-01-27,5737.51806640625,Naik,0.3065110395794519,Turun (HOLD),0.6007952,Turun (HOLD)
2021-01-28,5830.4677734375,Turun,0.2684700363844075,Turun (HOLD),0.5399081,Turun (HOLD)
2021-01-29,5712.16796875,Naik,0.2924652828715985,Turun (HOLD),0.55938655,Turun (HOLD)
2021-02-01,5762.8681640625,Turun,0.28133515691319533,Turun (HOLD),0.5261427,Turun (HOLD)
2021-02-02,5745.96826171875,Turun,0.19379597707690416,Turun (HOLD),0.5553467,Turun (HOLD)
2021-02-03,5767.09375,Turun,0.18613653667373134,Turun (HOLD),0.5189306,Turun (HOLD)
2021-02-04,5792.443359375,Naik,0.19522079234107373,Turun (HOLD),0.5181208,Turun (HOLD)
2021-02-05,5843.14306640625,Turun,0.22497189051951683,Turun (HOLD),0.45575172,Turun (HOLD)
2021-02-08,5847.36767578125,Turun,0.20022433243536153,Turun (HOLD),0.46394706,Turun (HOLD)
2021-02-09,5898.0673828125,Turun,0.23323164651340356,Turun (HOLD),0.49930692,Turun (HOLD)
2021-02-10,5847.36767578125,Turun,0.17088893413757694,Turun (HOLD),0.51710355,Turun (HOLD)
2021-02-11,5813.5673828125,Turun,0.14802618663887082,Turun (HOLD),0.51284945,Turun (HOLD)
2021-02-15,5745.96826171875,Turun,0.1725516215370961,Turun (HOLD),0.5469941,Turun (HOLD)
2021-02-16,5864.26708984375,Turun,0.21213193139862815,Turun (HOLD),0.5301347,Turun (HOLD)
2021-02-17,5830.4677734375,Turun,0.17769879907333683,Turun (HOLD),0.47204757,Turun (HOLD)
2021-02-18,5691.04296875,Turun,0.1637425703276058,Turun (HOLD),0.5249086,Turun (HOLD)
2021-02-19,5767.09375,Turun,0.18402559522997383,Turun (HOLD),0.48852578,Turun (HOLD)
2021-02-22,5737.51806640625,Naik,0.16125843062411976,Turun (HOLD),0.5222527,Turun (HOLD)
2021-02-23,5767.09375,Naik,0.18613220770275274,Turun (HOLD),0.48128572,Turun (HOLD)
2021-02-24,5682.59375,Naik,0.16429851663146353,Turun (HOLD),0.549671,Turun (HOLD)
2021-02-25,5665.693359375,Naik,0.15819153938345853,Turun (HOLD),0.5507168,Turun (HOLD)
2021-02-26,5669.91845703125,Turun,0.14254963620822791,Turun (HOLD),0.51308817,Turun (HOLD)
2021-03-01,5952.9921875,Turun,0.2561101593461208,Turun (HOLD),0.47849256,Turun (HOLD)
2021-03-02,5927.64208984375,Turun,0.20837109873122867,Turun (HOLD),0.5010271,Turun (HOLD)
2021-03-03,5914.96728515625,Turun,0.20582603251890744,Turun (HOLD),0.5128504,Turun (HOLD)
2021-03-04,5678.3681640625,Naik,0.17929562133797147,Turun (HOLD),0.55200887,Turun (HOLD)
2021-03-05,5745.96826171875,Turun,0.18271834360509745,Turun (HOLD),0.5296866,Turun (HOLD)
2021-03-08,5678.3681640625,Turun,0.16886919385428417,Turun (HOLD),0.5507555,Turun (HOLD)
2021-03-09,5581.1943359375,Turun,0.17773371551942113,Turun (HOLD),0.5752571,Turun (HOLD)
2021-03-10,5665.693359375,Turun,0.21566268971487418,Turun (HOLD),0.53189826,Turun (HOLD)
2021-03-12,5716.39404296875,Turun,0.22142444367265474,Turun (HOLD),0.5488406,Turun (HOLD)
2021-03-15,5631.89453125,Turun,0.1824909765851856,Turun (HOLD),0.551525,Turun (HOLD)
2021-03-16,5598.09375,Turun,0.178057161596145,Turun (HOLD),0.56733847,Turun (HOLD)
2021-03-17,5585.41943359375,Turun,0.1747654768209531,Turun (HOLD),0.5784149,Turun (HOLD)
2021-03-18,5665.693359375,Turun,0.23879840139650302,Turun (HOLD),0.5298029,Turun (HOLD)
2021-03-19,5712.16796875,Turun,0.26451420806639614,Turun (HOLD),0.49701983,Turun (HOLD)
2021-03-22,5593.869140625,Turun,0.18242792130358168,Turun (HOLD),0.5865235,Turun (HOLD)
2021-03-23,5547.39453125,Turun,0.17731837983961712,Turun (HOLD),0.60383826,Turun (HOLD)
2021-03-24,5441.76953125,Turun,0.1966877542450699,Turun (HOLD),0.57832783,Turun (HOLD)
2021-03-25,5382.62060546875,Turun,0.19931984095323668,Turun (HOLD),0.56742203,Turun (HOLD)
2021-03-26,5420.64501953125,Turun,0.1997065948580366,Turun (HOLD),0.5537304,Turun (HOLD)
2021-03-29,5374.169921875,Turun,0.18239927723004135,Turun (HOLD),0.56100696,Turun (HOLD)
2021-03-30,5403.7451171875,Turun,0.21469112399365617,Turun (HOLD),0.51366913,Turun (HOLD)
2021-03-31,5251.64599609375,Naik,0.20362253830437202,Turun (HOLD),0.5527723,Turun (HOLD)
2021-04-01,5260.095703125,Naik,0.24634952289768414,Turun (HOLD),0.31930545,Turun (HOLD)
2021-04-05,5200.94580078125,Naik,0.24334599680641525,Turun (HOLD),0.3240576,Turun (HOLD)
2021-04-06,5209.396484375,Turun,0.24328556035733606,Turun (HOLD),0.32685262,Turun (HOLD)
2021-04-07,5281.220703125,Naik,0.23121253837752564,Turun (HOLD),0.3441147,Turun (HOLD)
2021-04-08,5256.71484375,Turun,0.2220001510922061,Turun (HOLD),0.3200311,Turun (HOLD)
2021-04-09,5312.40966796875,Turun,0.21582374576448965,Turun (HOLD),0.32284263,Turun (HOLD)
2021-04-12,5196.736328125,Naik,0.2318150958985182,Turun (HOLD),0.33155668,Turun (HOLD)
2021-04-13,5141.04150390625,Naik,0.24200158932015403,Turun (HOLD),0.3325471,Turun (HOLD)
2021-04-14,5402.376953125,Turun,0.2256995104466672,Turun (HOLD),0.32675564,Turun (HOLD)
2021-04-15,5380.95703125,Turun,0.21347196890140854,Turun (HOLD),0.31524077,Turun (HOLD)
2021-04-16,5376.67236328125,Naik,0.21666179185577714,Turun (HOLD),0.33072847,Turun (HOLD)
2021-04-19,5372.388671875,Naik,0.20922309823574137,Turun (HOLD),0.31340137,Turun (HOLD)
2021-04-20,5342.3994140625,Naik,0.21208474125150567,Turun (HOLD),0.31489202,Turun (HOLD)
2021-04-21,5282.42041015625,Naik,0.22083765527664456,Turun (HOLD),0.32142273,Turun (HOLD)
2021-04-22,5325.2626953125,Naik,0.20865267509712793,Turun (HOLD),0.32204878,Turun (HOLD)
2021-04-23,5475.20947265625,Naik,0.2318603184410747,Turun (HOLD),0.34748277,Turun (HOLD)
2021-04-26,5385.2412109375,Naik,0.21457238494008496,Turun (HOLD),0.32578257,Turun (HOLD)
2021-04-27,5488.06201171875,Naik,0.2191751255780586,Turun (HOLD),0.3547886,Turun (HOLD)
2021-04-28,5415.23046875,Turun,0.20945699923992211,Turun (HOLD),0.3141655,Turun (HOLD)
2021-04-29,5492.345703125,Turun,0.2097257289629127,Turun (HOLD),0.3375356,Turun (HOLD)
2021-04-30,5488.06201171875,Turun,0.20529345760947165,Turun (HOLD),0.33608997,Turun (HOLD)
2021-05-03,5475.20947265625,Naik,0.20167868000627068,Turun (HOLD),0.3186261,Turun (HOLD)
2021-05-04,5483.77783203125,Naik,0.20081634651210853,Turun (HOLD),0.32562706,Turun (HOLD)
2021-05-05,5505.19873046875,Naik,0.21872353790311405,Turun (HOLD),0.32043278,Turun (HOLD)
2021-05-06,5505.19873046875,Turun,0.22565672318233962,Turun (HOLD),0.3339934,Turun (HOLD)
2021-05-07,5483.77783203125,Turun,0.20875845926947156,Turun (HOLD),0.33085048,Turun (HOLD)
2021-05-10,5500.91455078125,Turun,0.20917400013605278,Turun (HOLD),0.337604,Turun (HOLD)
2021-05-11,5552.32470703125,Turun,0.21924872040994212,Turun (HOLD),0.35399452,Turun (HOLD)
2021-05-17,5569.46240234375,Turun,0.22167229011133885,Turun (HOLD),0.35841063,Turun (HOLD)
2021-05-18,5475.20947265625,Turun,0.25457586243483954,Turun (HOLD),0.33093134,Turun (HOLD)
2021-05-19,5436.65185546875,Turun,0.26485028463404975,Turun (HOLD),0.31839332,Turun (HOLD)
2021-05-20,5466.64111328125,Turun,0.25832506411888784,Turun (HOLD),0.30156064,Turun (HOLD)
2021-05-21,5449.50390625,Naik,0.2560279683214795,Turun (HOLD),0.3001106,Turun (HOLD)
2021-05-24,5419.51416015625,Naik,0.25854023489909406,Turun (HOLD),0.30077803,Turun (HOLD)
2021-05-25,5445.2197265625,Naik,0.2738805522327897,Turun (HOLD),0.30314726,Turun (HOLD)
2021-05-27,5372.388671875,Naik,0.2693167454196049,Turun (HOLD),0.3308999,Turun (HOLD)
2021-05-28,5432.36767578125,Naik,0.2920392799787434,Turun (HOLD),0.33064187,Turun (HOLD)
2021-05-31,5462.357421875,Turun,0.3138619814295428,Turun (HOLD),0.34160787,Turun (HOLD)
2021-06-02,5539.4716796875,Naik,0.3208274637960899,Turun (HOLD),0.35726377,Turun (HOLD)
2021-06-03,5655.1455078125,Naik,0.34011871671083804,Turun (HOLD),0.40002662,Turun (HOLD)
2021-06-04,5638.0087890625,Turun,0.3220970798255575,Turun (HOLD),0.35210922,Turun (HOLD)
2021-06-07,5595.16650390625,Turun,0.2831250202561694,Turun (HOLD),0.34770292,Turun (HOLD)
2021-06-08,5509.4833984375,Naik,0.2794481635311716,Turun (HOLD),0.34275976,Turun (HOLD)
2021-06-09,5595.16650390625,Turun,0.2871335673021868,Turun (HOLD),0.32232708,Turun (HOLD)
2021-06-10,5672.28271484375,Turun,0.3349289939831726,Turun (HOLD),0.35514617,Turun (HOLD)
2021-06-11,5543.7568359375,Turun,0.2756863664381055,Turun (HOLD),0.35129663,Turun (HOLD)
2021-06-14,5492.345703125,Turun,0.27704961524539884,Turun (HOLD),0.34265035,Turun (HOLD)
2021-06-15,5543.7568359375,Turun,0.27680635201994497,Turun (HOLD),0.31425074,Turun (HOLD)
2021-06-16,5470.9248046875,Turun,0.27486280307105276,Turun (HOLD),0.33117288,Turun (HOLD)
2021-06-17,5423.79931640625,Turun,0.27691134932932326,Turun (HOLD),0.3228564,Turun (HOLD)
2021-06-18,5419.51416015625,Turun,0.27182008956346754,Turun (HOLD),0.31350324,Turun (HOLD)
2021-06-21,5355.251953125,Turun,0.27385567932282845,Turun (HOLD),0.3205708,Turun (HOLD)
2021-06-22,5432.36767578125,Turun,0.2916101682880924,Turun (HOLD),0.30814916,Turun (HOLD)
2021-06-23,5338.11572265625,Turun,0.272356210658164,Turun (HOLD),0.31905255,Turun (HOLD)
2021-06-24,5320.97802734375,Turun,0.2697873162655004,Turun (HOLD),0.3384039,Turun (HOLD)
2021-06-25,5303.84130859375,Naik,0.27097366828329417,Turun (HOLD),0.33783507,Turun (HOLD)
2021-06-28,5188.16748046875,Naik,0.3013596251935327,Turun (HOLD),0.35836,Turun (HOLD)
2021-06-29,5179.59912109375,Naik,0.29426771043257005,Turun (HOLD),0.3369451,Turun (HOLD)
2021-06-30,5162.462890625,Naik,0.29616980270331733,Turun (HOLD),0.33575726,Turun (HOLD)
2021-07-01,5162.462890625,Turun,0.2953771858875583,Turun (HOLD),0.33393636,Turun (HOLD)
2021-07-02,5226.72607421875,Turun,0.32631733146555925,Turun (HOLD),0.35401618,Turun (HOLD)
2021-07-05,5235.2939453125,Naik,0.32019788729029236,Turun (HOLD),0.3479573,Turun (HOLD)
2021-07-06,5188.16748046875,Turun,0.2880447348298467,Turun (HOLD),0.35389948,Turun (HOLD)
2021-07-07,5196.736328125,Turun,0.2830040321292769,Turun (HOLD),0.35433197,Turun (HOLD)
2021-07-08,5153.89404296875,Naik,0.293864841246548,Turun (HOLD),0.35291016,Turun (HOLD)
2021-07-09,5158.1787109375,Naik,0.2911986936440961,Turun (HOLD),0.33663675,Turun (HOLD)
2021-07-12,5286.705078125,Turun,0.34500281268157823,Turun (HOLD),0.3683487,Turun (HOLD)
2021-07-13,5179.59912109375,Turun,0.2924815907136964,Turun (HOLD),0.3474678,Turun (HOLD)
2021-07-14,5132.47265625,Naik,0.28918202089964656,Turun (HOLD),0.34894043,Turun (HOLD)
2021-07-15,5239.57763671875,Turun,0.3423434470284369,Turun (HOLD),0.38676128,Turun (HOLD)
2021-07-16,5235.2939453125,Turun,0.3128897148327648,Turun (HOLD),0.3629836,Turun (HOLD)
2021-07-19,5145.326171875,Turun,0.2852815201774632,Turun (HOLD),0.34343514,Turun (HOLD)
2021-07-21,5149.6103515625,Turun,0.29882717612394727,Turun (HOLD),0.33608067,Turun (HOLD)
2021-07-22,5273.8515625,Turun,0.3628150540364097,Turun (HOLD),0.3697287,Turun (HOLD)
2021-07-23,5171.03076171875,Turun,0.3228458624095965,Turun (HOLD),0.3319398,Turun (HOLD)
2021-07-26,5145.326171875,Turun,0.3410769261461862,Turun (HOLD),0.34831977,Turun (HOLD)
2021-07-27,5145.326171875,Naik,0.3472137599161559,Turun (HOLD),0.33465162,Turun (HOLD)
2021-07-28,5123.90478515625,Naik,0.35531915054408836,Turun (HOLD),0.38312122,Turun (HOLD)
2021-07-29,5175.31494140625,Naik,0.38082922952244275,Turun (HOLD),0.4027397,Turun (HOLD)
2021-07-30,5115.33642578125,Naik,0.34681257711978214,Turun (HOLD),0.38499084,Turun (HOLD)
2021-08-02,5106.767578125,Naik,0.3577666768271152,Turun (HOLD),0.3793022,Turun (HOLD)
2021-08-03,5265.283203125,Naik,0.3966714547496611,Turun (HOLD),0.4174246,Turun (HOLD)
2021-08-04,5243.86279296875,Naik,0.3836172784351913,Turun (HOLD),0.40438738,Turun (HOLD)
2021-08-05,5398.09326171875,Naik,0.39726267794082915,Turun (HOLD),0.40580037,Turun (HOLD)
2021-08-06,5278.1357421875,Naik,0.38164147510879765,Turun (HOLD),0.40709257,Turun (HOLD)
2021-08-09,5312.40966796875,Naik,0.3861014532965142,Turun (HOLD),0.40527296,Turun (HOLD)
2021-08-10,5398.09326171875,Naik,0.4006017461668286,Turun (HOLD),0.3616998,Turun (HOLD)
2021-08-12,5398.09326171875,Naik,0.3925515722510513,Turun (HOLD),0.3621983,Turun (HOLD)
2021-08-13,5492.345703125,Naik,0.40262587100252045,Turun (HOLD),0.3751147,Turun (HOLD)
2021-08-16,5500.91455078125,Naik,0.3962241695588778,Turun (HOLD),0.3878577,Turun (HOLD)
2021-08-18,5655.1455078125,Turun,0.39766757267596886,Turun (HOLD),0.3721187,Turun (HOLD)
2021-08-19,5655.1455078125,Turun,0.38794727863891837,Turun (HOLD),0.3680641,Turun (HOLD)
2021-08-20,5655.1455078125,Turun,0.38010341837920353,Turun (HOLD),0.36281544,Turun (HOLD)
2021-08-23,5646.57763671875,Turun,0.3828184043781537,Turun (HOLD),0.37088117,Turun (HOLD)
2021-08-24,5655.1455078125,Turun,0.3855940376100405,Turun (HOLD),0.36350155,Turun (HOLD)
2021-08-25,5655.1455078125,Naik,0.3707455108114489,Turun (HOLD),0.36931235,Turun (HOLD)
2021-08-26,5620.8720703125,Naik,0.3518438965704824,Turun (HOLD),0.36713642,Turun (HOLD)
2021-08-27,5578.0302734375,Naik,0.3717314986315353,Turun (HOLD),0.39350155,Turun (HOLD)
2021-08-30,5625.15673828125,Naik,0.3862497341021265,Turun (HOLD),0.37952605,Turun (HOLD)
2021-08-31,5612.30322265625,Naik,0.38453182749919984,Turun (HOLD),0.38263917,Turun (HOLD)
2021-09-01,5625.15673828125,Turun,0.38800186964945294,Turun (HOLD),0.39500722,Turun (HOLD)
2021-09-02,5603.7353515625,Naik,0.3816602056409551,Turun (HOLD),0.38826638,Turun (HOLD)
2021-09-03,5655.1455078125,Turun,0.3754569451422527,Turun (HOLD),0.39896828,Turun (HOLD)
2021-09-06,5633.72412109375,Turun,0.3744410748165162,Turun (HOLD),0.39943248,Turun (HOLD)
2021-09-07,5629.4404296875,Turun,0.36299015660699957,Turun (HOLD),0.3576418,Turun (HOLD)
2021-09-08,5518.05126953125,Naik,0.34814671076056347,Turun (HOLD),0.34805545,Turun (HOLD)
2021-09-09,5629.4404296875,Naik,0.3657707125397167,Turun (HOLD),0.3351175,Turun (HOLD)
2021-09-10,5586.59765625,Turun,0.3217789088874142,Turun (HOLD),0.32135612,Turun (HOLD)
2021-09-13,5616.58740234375,Turun,0.3178589568504045,Turun (HOLD),0.35405278,Turun (HOLD)
2021-09-14,5608.01904296875,Turun,0.29382318856695117,Turun (HOLD),0.33331418,Turun (HOLD)
2021-09-15,5565.1767578125,Turun,0.2669969648314389,Turun (HOLD),0.3342533,Turun (HOLD)
2021-09-16,5569.46240234375,Naik,0.2673884164382278,Turun (HOLD),0.33810872,Turun (HOLD)
2021-09-17,5586.59765625,Naik,0.2805168832262119,Turun (HOLD),0.32490864,Turun (HOLD)
2021-09-20,5642.29296875,Naik,0.31466489362714856,Turun (HOLD),0.3317842,Turun (HOLD)
2021-09-21,5560.892578125,Naik,0.26382067932359715,Turun (HOLD),0.31682462,Turun (HOLD)
2021-09-22,5616.58740234375,Naik,0.2966539804430353,Turun (HOLD),0.34810922,Turun (HOLD)
2021-09-23,5638.0087890625,Naik,0.3019911296585017,Turun (HOLD),0.33202022,Turun (HOLD)
2021-09-24,5642.29296875,Naik,0.29463619242348305,Turun (HOLD),0.33217075,Turun (HOLD)
2021-09-27,5638.0087890625,Naik,0.27477807833184975,Turun (HOLD),0.33611232,Turun (HOLD)
2021-09-28,5586.59765625,Naik,0.22509125601564817,Turun (HOLD),0.32953298,Turun (HOLD)
2021-09-29,5638.0087890625,Naik,0.20898789509517357,Turun (HOLD),0.31810257,Turun (HOLD)
2021-09-30,5997.8818359375,Naik,0.23418991060514674,Turun (HOLD),0.34337622,Turun (HOLD)
2021-10-01,5792.240234375,Naik,0.2219255149978035,Turun (HOLD),0.35661295,Turun (HOLD)
2021-10-04,5963.60791015625,Naik,0.22228882133918137,Turun (HOLD),0.3447,Turun (HOLD)
2021-10-05,5950.75537109375,Naik,0.22935106548407952,Turun (HOLD),0.33634177,Turun (HOLD)
2021-10-06,6152.11376953125,Naik,0.2266812563241836,Turun (HOLD),0.3298981,Turun (HOLD)
2021-10-07,6134.97607421875,Naik,0.21761963392906716,Turun (HOLD),0.3242527,Turun (HOLD)
2021-10-08,6246.36572265625,Naik,0.22216784704650547,Turun (HOLD),0.32726303,Turun (HOLD)
2021-10-11,6216.3759765625,Naik,0.22713661172169985,Turun (HOLD),0.31616104,Turun (HOLD)
2021-10-12,6272.0712890625,Naik,0.22624652310823098,Turun (HOLD),0.31894764,Turun (HOLD)
2021-10-13,6447.72314453125,Turun,0.21469865336117122,Turun (HOLD),0.28885114,Turun (HOLD)
2021-10-14,6640.51171875,Turun,0.19956754918862746,Turun (HOLD),0.2924813,Turun (HOLD)
2021-10-15,6554.82861328125,Turun,0.1933765314522774,Turun (HOLD),0.26709765,Turun (HOLD)
2021-10-18,6447.72314453125,Naik,0.21114092345062568,Turun (HOLD),0.26918724,Turun (HOLD)
2021-10-19,6426.3017578125,Turun,0.2324403926972607,Turun (HOLD),0.31214502,Turun (HOLD)
2021-10-21,6340.6181640625,Turun,0.23268831022988554,Turun (HOLD),0.32909736,Turun (HOLD)
2021-10-22,6447.72314453125,Naik,0.2060827208896199,Turun (HOLD),0.29410413,Turun (HOLD)
2021-10-25,6447.72314453125,Turun,0.2158264767491762,Turun (HOLD),0.28571615,Turun (HOLD)
2021-10-26,6447.72314453125,Turun,0.2072396349443392,Turun (HOLD),0.29287532,Turun (HOLD)
2021-10-27,6383.45947265625,Naik,0.2170601207510225,Turun (HOLD),0.3075621,Turun (HOLD)
2021-10-28,6319.1962890625,Turun,0.23084061472281295,Turun (HOLD),0.3261842,Turun (HOLD)
2021-10-29,6404.880859375,Turun,0.22059586868729592,Turun (HOLD),0.30489948,Turun (HOLD)
2021-11-01,6340.6181640625,Naik,0.2108822211223937,Turun (HOLD),0.30184314,Turun (HOLD)
2021-11-02,6254.93359375,Naik,0.22753157321622422,Turun (HOLD),0.3332763,Turun (HOLD)
2021-11-03,6297.7763671875,Naik,0.20743392982977552,Turun (HOLD),0.30055222,Turun (HOLD)
2021-11-04,6319.1962890625,Naik,0.20403694019638446,Turun (HOLD),0.2985113,Turun (HOLD)
2021-11-05,6383.45947265625,Naik,0.20536043952493716,Turun (HOLD),0.31387764,Turun (HOLD)
2021-11-08,6490.56494140625,Turun,0.20900763036969955,Turun (HOLD),0.30097836,Turun (HOLD)
2021-11-09,6576.24951171875,Turun,0.22148606925861639,Turun (HOLD),0.3105125,Turun (HOLD)
2021-11-10,6554.82861328125,Turun,0.20739041513286477,Turun (HOLD),0.29611304,Turun (HOLD)
2021-11-11,6576.24951171875,Turun,0.20849528257533176,Turun (HOLD),0.3165804,Turun (HOLD)
2021-11-12,6447.72314453125,Turun,0.22532091152552342,Turun (HOLD),0.34244508,Turun (HOLD)
2021-11-15,6426.3017578125,Naik,0.22741187595689044,Turun (HOLD),0.3432021,Turun (HOLD)
2021-11-16,6404.880859375,Turun,0.22598924653314856,Turun (HOLD),0.33561546,Turun (HOLD)
2021-11-17,6512.345703125,Naik,0.21569992907465868,Turun (HOLD),0.30436653,Turun (HOLD)
2021-11-18,6361.89501953125,Turun,0.22114404034953433,Turun (HOLD),0.34512532,Turun (HOLD)
2021-11-19,6383.38818359375,Turun,0.20116228430950667,Turun (HOLD),0.3219994,Turun (HOLD)
2021-11-22,6426.37451171875,Turun,0.20184763515901474,Turun (HOLD),0.3062972,Turun (HOLD)
2021-11-23,6426.37451171875,Turun,0.21381537274601248,Turun (HOLD),0.3061473,Turun (HOLD)
2021-11-24,6426.37451171875,Turun,0.20005505343391083,Turun (HOLD),0.32443428,Turun (HOLD)
2021-11-25,6383.38818359375,Naik,0.2011681517738025,Turun (HOLD),0.30313766,Turun (HOLD)
2021-11-26,6254.43115234375,Naik,0.2257827473549759,Turun (HOLD),0.35250956,Turun (HOLD)
2021-11-29,6361.89501953125,Naik,0.1982195721831158,Turun (HOLD),0.29907748,Turun (HOLD)
2021-11-30,6254.43115234375,Naik,0.22076157331262528,Turun (HOLD),0.32794544,Turun (HOLD)
2021-12-01,6275.92333984375,Naik,0.20131660412308872,Turun (HOLD),0.30830613,Turun (HOLD)
2021-12-02,6447.86669921875,Turun,0.21677858736974415,Turun (HOLD),0.33165264,Turun (HOLD)
2021-12-03,6340.40234375,Turun,0.20813316402596432,Turun (HOLD),0.30454868,Turun (HOLD)
2021-12-06,6318.90966796875,Turun,0.20025084748100708,Turun (HOLD),0.30389208,Turun (HOLD)
2021-12-07,6318.90966796875,Turun,0.2010280013572427,Turun (HOLD),0.30047348,Turun (HOLD)
2021-12-08,6383.38818359375,Turun,0.1935685399855463,Turun (HOLD),0.31698927,Turun (HOLD)
2021-12-09,6318.90966796875,Turun,0.20115930001264182,Turun (HOLD),0.31002927,Turun (HOLD)
2021-12-10,6340.40234375,Naik,0.19688261646591723,Turun (HOLD),0.32279348,Turun (HOLD)
2021-12-13,6275.92333984375,Naik,0.21626131644824761,Turun (HOLD),0.3340244,Turun (HOLD)
2021-12-14,6275.92333984375,Naik,0.206730468134847,Turun (HOLD),0.3306388,Turun (HOLD)
2021-12-15,6275.92333984375,Turun,0.20205771230401273,Turun (HOLD),0.32418945,Turun (HOLD)
2021-12-16,6254.43115234375,Turun,0.2029299733341131,Turun (HOLD),0.32288465,Turun (HOLD)
2021-12-17,6447.86669921875,Turun,0.20783845688675248,Turun (HOLD),0.3289803,Turun (HOLD)
2021-12-20,6340.40234375,Naik,0.2178581866130088,Turun (HOLD),0.29653654,Turun (HOLD)
2021-12-21,6340.40234375,Turun,0.21419801217715256,Turun (HOLD),0.2919603,Turun (HOLD)
2021-12-22,6297.4169921875,Turun,0.21169582246523116,Turun (HOLD),0.3254789,Turun (HOLD)
2021-12-23,6275.92333984375,Turun,0.22765044039964702,Turun (HOLD),0.33679414,Turun (HOLD)
2021-12-24,6275.92333984375,Naik,0.2069726054190992,Turun (HOLD),0.3309802,Turun (HOLD)
2021-12-27,6318.90966796875,Naik,0.19727886455146665,Turun (HOLD),0.3284515,Turun (HOLD)
2021-12-28,6318.90966796875,Naik,0.19878442039944363,Turun (HOLD),0.33600625,Turun (HOLD)
2021-12-29,6275.92333984375,Naik,0.20372028116837645,Turun (HOLD),0.32301766,Turun (HOLD)
2021-12-30,6275.92333984375,Naik,0.19896062890737765,Turun (HOLD),0.31335515,Turun (HOLD)
2022-01-03,6297.4169921875,Naik,0.19566364128313396,Turun (HOLD),0.30762792,Turun (HOLD)
2022-01-04,6361.89501953125,Naik,0.1945265478540619,Turun (HOLD),0.3067648,Turun (HOLD)
2022-01-05,6404.88037109375,Naik,0.1997726408633511,Turun (HOLD),0.3051756,Turun (HOLD)
2022-01-06,6426.37451171875,Naik,0.20464327185417466,Turun (HOLD),0.31550685,Turun (HOLD)
2022-01-07,6576.82421875,Naik,0.21879954770165078,Turun (HOLD),0.34012893,Turun (HOLD)
2022-01-10,6533.83740234375,Naik,0.21783716834448444,Turun (HOLD),0.32267028,Turun (HOLD)
2022-01-11,6619.810546875,Turun,0.2286457370208561,Turun (HOLD),0.33208746,Turun (HOLD)
2022-01-12,6619.810546875,Turun,0.21758421825405955,Turun (HOLD),0.36060634,Turun (HOLD)
2022-01-13,6619.810546875,Naik,0.2156373238313007,Turun (HOLD),0.3582351,Turun (HOLD)
2022-01-14,6748.76708984375,Naik,0.2179737354930439,Turun (HOLD),0.3533829,Turun (HOLD)
2022-01-17,6662.79541015625,Naik,0.2098874414939738,Turun (HOLD),0.32032615,Turun (HOLD)
2022-01-18,6598.31689453125,Naik,0.21396881027144635,Turun (HOLD),0.32805234,Turun (HOLD)
2022-01-19,6598.31689453125,Turun,0.2126111484646209,Turun (HOLD),0.31446502,Turun (HOLD)
2022-01-20,6684.2880859375,Naik,0.2129541070300812,Turun (HOLD),0.31427073,Turun (HOLD)
2022-01-21,6834.73828125,Turun,0.2231041863070273,Turun (HOLD),0.3088377,Turun (HOLD)
2022-01-24,6705.78173828125,Turun,0.21535968535418176,Turun (HOLD),0.3161418,Turun (HOLD)
2022-01-25,6684.2880859375,Naik,0.20870634514759678,Turun (HOLD),0.30409473,Turun (HOLD)
2022-01-26,6619.810546875,Naik,0.22661394655810851,Turun (HOLD),0.34190446,Turun (HOLD)
2022-01-27,6705.78173828125,Turun,0.20246020885921792,Turun (HOLD),0.30277008,Turun (HOLD)
2022-01-28,6684.2880859375,Naik,0.1973509164822996,Turun (HOLD),0.2982297,Turun (HOLD)
2022-01-31,6555.3310546875,Turun,0.22241116848823936,Turun (HOLD),0.3230114,Turun (HOLD)
2022-02-02,6705.78173828125,Naik,0.19832725579596466,Turun (HOLD),0.33136463,Turun (HOLD)
2022-02-03,6641.30322265625,Turun,0.19919663987773822,Turun (HOLD),0.30870888,Turun (HOLD)
2022-02-04,6641.30322265625,Naik,0.19443684650416523,Turun (HOLD),0.31570286,Turun (HOLD)
2022-02-07,6705.78173828125,Turun,0.19196979326420532,Turun (HOLD),0.3075824,Turun (HOLD)
2022-02-08,6641.30322265625,Naik,0.1996627792913207,Turun (HOLD),0.3065222,Turun (HOLD)
2022-02-09,6834.73828125,Naik,0.2085444938622073,Turun (HOLD),0.3331146,Turun (HOLD)
2022-02-10,6662.79541015625,Naik,0.20734411111748866,Turun (HOLD),0.3325343,Turun (HOLD)
2022-02-11,6727.27392578125,Naik,0.1996400702428954,Turun (HOLD),0.32995453,Turun (HOLD)
2022-02-14,6619.810546875,Naik,0.21873766865788533,Turun (HOLD),0.3370092,Turun (HOLD)
2022-02-15,6770.259765625,Naik,0.20595199126394614,Turun (HOLD),0.3480756,Turun (HOLD)
2022-02-16,6856.23193359375,Naik,0.21632925455190746,Turun (HOLD),0.3443902,Turun (HOLD)
2022-02-17,6791.75341796875,Naik,0.22095309371882518,Turun (HOLD),0.34353685,Turun (HOLD)
2022-02-18,6813.24560546875,Naik,0.20179880629506777,Turun (HOLD),0.31901535,Turun (HOLD)
2022-02-21,6834.73828125,Naik,0.20417367393374397,Turun (HOLD),0.32294357,Turun (HOLD)
2022-02-22,6791.75341796875,Naik,0.20375153555442693,Turun (HOLD),0.30993742,Turun (HOLD)
2022-02-23,6920.71044921875,Turun,0.2117831352882253,Turun (HOLD),0.3043997,Turun (HOLD)
2022-02-24,6877.72509765625,Turun,0.19994601776124807,Turun (HOLD),0.31444353,Turun (HOLD)
2022-02-25,6920.71044921875,Turun,0.20133251859131726,Turun (HOLD),0.31114125,Turun (HOLD)
2022-03-01,6920.71044921875,Turun,0.21728667524320222,Turun (HOLD),0.3306419,Turun (HOLD)
2022-03-02,6856.23193359375,Turun,0.21033618427664486,Turun (HOLD),0.31737033,Turun (HOLD)
2022-03-04,6791.75341796875,Naik,0.22371831903658568,Turun (HOLD),0.34031886,Turun (HOLD)
2022-03-07,6619.810546875,Naik,0.22942088692137666,Turun (HOLD),0.36867687,Turun (HOLD)
2022-03-08,6576.82421875,Naik,0.22633368266911613,Turun (HOLD),0.34865734,Turun (HOLD)
2022-03-09,6748.76708984375,Naik,0.20117915179903567,Turun (HOLD),0.33266214,Turun (HOLD)
2022-03-10,6813.24560546875,Naik,0.1971924169261805,Turun (HOLD),0.33644205,Turun (HOLD)
2022-03-11,6834.73828125,Turun,0.1976791574533813,Turun (HOLD),0.33628038,Turun (HOLD)
2022-03-14,6942.203125,Turun,0.21814660115317114,Turun (HOLD),0.35114357,Turun (HOLD)
2022-03-15,7006.681640625,Turun,0.20898225966950465,Turun (HOLD),0.35157084,Turun (HOLD)
2022-03-16,7049.6669921875,Turun,0.2094029559247728,Turun (HOLD),0.3349988,Turun (HOLD)
2022-03-17,6877.72509765625,Turun,0.219098639634202,Turun (HOLD),0.3557238,Turun (HOLD)
2022-03-18,6791.75341796875,Naik,0.22395106378366825,Turun (HOLD),0.3468402,Turun (HOLD)
2022-03-21,6791.75341796875,Naik,0.21744146900179365,Turun (HOLD),0.33561832,Turun (HOLD)
2022-03-22,6813.24560546875,Naik,0.22552441835614653,Turun (HOLD),0.32791147,Turun (HOLD)
2022-03-23,6791.75341796875,Naik,0.2008358687292131,Turun (HOLD),0.31254265,Turun (HOLD)
2022-03-24,6813.24560546875,Naik,0.20709664050982332,Turun (HOLD),0.3233409,Turun (HOLD)
2022-03-25,6834.73828125,Naik,0.2213732834921587,Turun (HOLD),0.33116218,Turun (HOLD)
2022-03-28,6895.8408203125,Naik,0.2151296539723111,Turun (HOLD),0.33883095,Turun (HOLD)
2022-03-29,6852.19677734375,Turun,0.20818241333677145,Turun (HOLD),0.33416498,Turun (HOLD)
2022-03-30,6874.0185546875,Turun,0.2079468087504291,Turun (HOLD),0.34542313,Turun (HOLD)
2022-03-31,6961.30859375,Turun,0.2055640986938333,Turun (HOLD),0.34974417,Turun (HOLD)
2022-04-01,6917.6630859375,Turun,0.20319175251980479,Turun (HOLD),0.3167308,Turun (HOLD)
2022-04-04,6895.8408203125,Turun,0.20556414633196665,Turun (HOLD),0.33001107,Turun (HOLD)
2022-04-05,6895.8408203125,Turun,0.20345582872293064,Turun (HOLD),0.34442377,Turun (HOLD)
2022-04-06,6764.9072265625,Naik,0.5207248142036381,Turun (HOLD),0.56844276,Turun (HOLD)
2022-04-07,6764.9072265625,Turun,0.5090032171334061,Turun (HOLD),0.5409844,Turun (HOLD)
2022-04-08,6852.19677734375,Turun,0.49366643206266686,Turun (HOLD),0.52247137,Turun (HOLD)
2022-04-11,6743.0859375,Turun,0.5089784200601486,Turun (HOLD),0.5487444,Turun (HOLD)
2022-04-12,6808.5517578125,Turun,0.4847099679048319,Turun (HOLD),0.5135463,Turun (HOLD)
2022-04-13,6808.5517578125,Naik,0.4872619079593836,Turun (HOLD),0.524986,Turun (HOLD)
2022-04-14,6721.26318359375,Naik,0.5083745716404209,Turun (HOLD),0.5531885,Turun (HOLD)
2022-04-18,6721.26318359375,Naik,0.5089053390317282,Turun (HOLD),0.5459393,Turun (HOLD)
2022-04-19,6655.79541015625,Naik,0.5131462465207457,Turun (HOLD),0.57017666,Turun (HOLD)
2022-04-20,6677.6181640625,Naik,0.5066033596317345,Turun (HOLD),0.54889864,Turun (HOLD)
2022-04-21,6917.6630859375,Naik,0.524583196040214,Turun (HOLD),0.54914486,Turun (HOLD)
2022-04-22,6874.0185546875,Turun,0.48721414779363775,Turun (HOLD),0.51852614,Turun (HOLD)
2022-04-25,6983.13037109375,Turun,0.49091855175541166,Turun (HOLD),0.517741,Turun (HOLD)
2022-04-26,7092.24169921875,Turun,0.4527488286274256,Turun (HOLD),0.4832922,Turun (HOLD)
2022-04-27,7157.70849609375,Turun,0.41122967352590667,Turun (HOLD),0.46855927,Turun (HOLD)
2022-04-28,7092.24169921875,Turun,0.45461487768121556,Turun (HOLD),0.48856452,Turun (HOLD)
2022-05-09,6633.9736328125,Naik,0.49199263013197525,Turun (HOLD),0.5567785,Turun (HOLD)
2022-05-10,6568.5068359375,Naik,0.4864046062076765,Turun (HOLD),0.547915,Turun (HOLD)
2022-05-11,6677.6181640625,Turun,0.5081178984611011,Turun (HOLD),0.5605634,Turun (HOLD)
2022-05-12,6350.2841796875,Naik,0.510803339312191,Turun (HOLD),0.55053383,Turun (HOLD)
2022-05-13,6393.92919921875,Naik,0.4775518553977821,Turun (HOLD),0.5333843,Turun (HOLD)
2022-05-17,6459.3955078125,Turun,0.4833067528010072,Turun (HOLD),0.5147833,Turun (HOLD)
2022-05-18,6612.15185546875,Turun,0.49552518818159874,Turun (HOLD),0.5233234,Turun (HOLD)
2022-05-19,6503.0400390625,Naik,0.4788677666726985,Turun (HOLD),0.5088158,Turun (HOLD)
2022-05-20,6459.3955078125,Naik,0.4926534349486009,Turun (HOLD),0.52194315,Turun (HOLD)
2022-05-23,6437.5732421875,Naik,0.4961954736814572,Turun (HOLD),0.5472563,Turun (HOLD)
2022-05-24,6415.75146484375,Naik,0.5031174364209796,Turun (HOLD),0.5602199,Turun (HOLD)
2022-05-25,6437.5732421875,Naik,0.5050992890810848,Turun (HOLD),0.5346359,Turun (HOLD)
2022-05-27,6612.15185546875,Turun,0.5279995816000695,Turun (HOLD),0.5704031,Turun (HOLD)
2022-05-30,6612.15185546875,Turun,0.4968202562223365,Turun (HOLD),0.5539809,Turun (HOLD)
2022-05-31,6764.9072265625,Turun,0.5329637731656947,Turun (HOLD),0.5676492,Turun (HOLD)
2022-06-02,6612.15185546875,Turun,0.5116936500794801,Turun (HOLD),0.5721255,Turun (HOLD)
2022-06-03,6633.9736328125,Turun,0.5167662522716999,Turun (HOLD),0.5686725,Turun (HOLD)
2022-06-06,6503.0400390625,Naik,0.5192789773361511,Turun (HOLD),0.5693785,Turun (HOLD)
2022-06-07,6437.5732421875,Turun,0.523758704416693,Turun (HOLD),0.5707864,Turun (HOLD)
2022-06-08,6633.9736328125,Turun,0.5314419379528225,Turun (HOLD),0.56855655,Turun (HOLD)
2022-06-09,6546.68505859375,Naik,0.5047871375529707,Turun (HOLD),0.5511094,Turun (HOLD)
2022-06-10,6415.75146484375,Naik,0.49196540986002896,Turun (HOLD),0.54538774,Turun (HOLD)
2022-06-13,6415.75146484375,Naik,0.49347896565574917,Turun (HOLD),0.5287095,Turun (HOLD)
2022-06-14,6459.3955078125,Naik,0.47004713755466354,Turun (HOLD),0.50745595,Turun (HOLD)
2022-06-15,6393.92919921875,Naik,0.4763570606463157,Turun (HOLD),0.5137976,Turun (HOLD)
2022-06-16,6612.15185546875,Naik,0.49757156811674963,Turun (HOLD),0.5101687,Turun (HOLD)
2022-06-17,6546.68505859375,Turun,0.4856542004606163,Turun (HOLD),0.49395835,Turun (HOLD)
2022-06-20,6655.79541015625,Turun,0.48141846185210546,Turun (HOLD),0.5106379,Turun (HOLD)
2022-06-21,6677.6181640625,Turun,0.48655699025763033,Turun (HOLD),0.5262577,Turun (HOLD)
2022-06-22,6546.68505859375,Turun,0.48846989030744137,Turun (HOLD),0.5123885,Turun (HOLD)
2022-06-23,6568.5068359375,Turun,0.49118988601906766,Turun (HOLD),0.5007192,Turun (HOLD)
2022-06-24,6524.86279296875,Turun,0.47545691630092163,Turun (HOLD),0.5135457,Turun (HOLD)
2022-06-27,6415.75146484375,Turun,0.49925530839830773,Turun (HOLD),0.55679977,Turun (HOLD)
2022-06-28,6372.10595703125,Turun,0.5113023224175143,Turun (HOLD),0.5624492,Turun (HOLD)
2022-06-29,6350.2841796875,Turun,0.49909778794186827,Turun (HOLD),0.5562424,Turun (HOLD)
2022-06-30,6328.4619140625,Turun,0.49544273896767016,Turun (HOLD),0.55043244,Turun (HOLD)
2022-07-01,6328.4619140625,Turun,0.481711772037161,Turun (HOLD),0.5202585,Turun (HOLD)
2022-07-04,6153.88330078125,Naik,0.5220632775496127,Turun (HOLD),0.5637576,Turun (HOLD)
2022-07-05,6328.4619140625,Turun,0.4845374482694347,Turun (HOLD),0.50387806,Turun (HOLD)
2022-07-06,6372.10595703125,Turun,0.4810500677635364,Turun (HOLD),0.49510443,Turun (HOLD)
2022-07-07,6197.5283203125,Turun,0.47883956238655156,Turun (HOLD),0.54001606,Turun (HOLD)
2022-07-08,6241.17236328125,Turun,0.49392539830690335,Turun (HOLD),0.5410616,Turun (HOLD)
2022-07-11,6219.3505859375,Turun,0.4875453195024064,Turun (HOLD),0.5473667,Turun (HOLD)
2022-07-12,6262.99462890625,Naik,0.49232675781368584,Turun (HOLD),0.5526091,Turun (HOLD)
2022-07-13,6110.2392578125,Naik,0.4907588021466187,Turun (HOLD),0.5712498,Turun (HOLD)
2022-07-14,6132.0615234375,Naik,0.494721089727837,Turun (HOLD),0.5583522,Turun (HOLD)
2022-07-15,6110.2392578125,Naik,0.49446621548045067,Turun (HOLD),0.54577184,Turun (HOLD)
2022-07-18,6241.17236328125,Naik,0.5020995188941599,Turun (HOLD),0.53147537,Turun (HOLD)
2022-07-19,6262.99462890625,Naik,0.49916286897105777,Turun (HOLD),0.5439008,Turun (HOLD)
2022-07-20,6459.3955078125,Turun,0.5233321981960825,Turun (HOLD),0.5301552,Turun (HOLD)
2022-07-21,6459.3955078125,Turun,0.4972968305633151,Turun (HOLD),0.5241362,Turun (HOLD)
2022-07-22,6393.92919921875,Naik,0.48999996066274876,Turun (HOLD),0.5310694,Turun (HOLD)
2022-07-25,6372.10595703125,Naik,0.49294147582971787,Turun (HOLD),0.53222466,Turun (HOLD)
2022-07-26,6372.10595703125,Naik,0.4928873241142789,Turun (HOLD),0.52791286,Turun (HOLD)
2022-07-27,6393.92919921875,Naik,0.5052239808871256,Turun (HOLD),0.5242609,Turun (HOLD)
2022-07-28,6415.75146484375,Naik,0.5062181540177454,Turun (HOLD),0.55002815,Turun (HOLD)
2022-07-29,6415.75146484375,Naik,0.507153612808531,Turun (HOLD),0.5511727,Turun (HOLD)
2022-08-01,6546.68505859375,Naik,0.5351543341392232,Turun (HOLD),0.55490893,Turun (HOLD)
2022-08-02,6633.9736328125,Naik,0.5273814932388389,Turun (HOLD),0.5644457,Turun (HOLD)
2022-08-03,6655.79541015625,Naik,0.5117998286779959,Turun (HOLD),0.5660267,Turun (HOLD)
2022-08-04,6808.5517578125,Naik,0.5252475229845855,Turun (HOLD),0.5697856,Turun (HOLD)
2022-08-05,6874.0185546875,Naik,0.4969161041578657,Turun (HOLD),0.5339919,Turun (HOLD)
2022-08-08,6874.0185546875,Naik,0.48353036464900445,Turun (HOLD),0.52818656,Turun (HOLD)
2022-08-09,6895.8408203125,Naik,0.49503091721905357,Turun (HOLD),0.5473037,Turun (HOLD)
2022-08-10,6895.8408203125,Naik,0.5089047382641341,Turun (HOLD),0.5643661,Turun (HOLD)
2022-08-11,6939.4853515625,Turun,0.5153464231952106,Turun (HOLD),0.5678026,Turun (HOLD)
2022-08-12,6917.6630859375,Naik,0.5012213544197611,Turun (HOLD),0.5735916,Turun (HOLD)
2022-08-15,6939.4853515625,Turun,0.5050493984835942,Turun (HOLD),0.5788141,Turun (HOLD)
2022-08-16,6961.30859375,Naik,0.5012433042087118,Turun (HOLD),0.56258947,Turun (HOLD)
2022-08-18,6983.13037109375,Naik,0.5020553114602156,Turun (HOLD),0.5675907,Turun (HOLD)
2022-08-19,6895.8408203125,Naik,0.4882516986998004,Turun (HOLD),0.54875314,Turun (HOLD)
2022-08-22,6983.13037109375,Naik,0.4837105373745743,Turun (HOLD),0.5271464,Turun (HOLD)
2022-08-23,6895.8408203125,Naik,0.47503067378125197,Turun (HOLD),0.5462973,Turun (HOLD)
2022-08-24,6939.4853515625,Naik,0.48734497598409304,Turun (HOLD),0.5448609,Turun (HOLD)
2022-08-25,7048.59716796875,Naik,0.4888402055332653,Turun (HOLD),0.5159353,Turun (HOLD)
2022-08-26,6983.13037109375,Naik,0.49895606405743204,Turun (HOLD),0.5752744,Turun (HOLD)
2022-08-29,7114.06396484375,Naik,0.5038766648524127,Turun (HOLD),0.5384999,Turun (HOLD)
2022-08-30,7135.88623046875,Naik,0.4803467189468049,Turun (HOLD),0.5219776,Turun (HOLD)
2022-08-31,7157.70849609375,Naik,0.48962811046310417,Turun (HOLD),0.50864756,Turun (HOLD)
2022-09-01,7114.06396484375,Naik,0.4872646360101907,Turun (HOLD),0.5482336,Turun (HOLD)
2022-09-02,7179.53125,Naik,0.47349669309539066,Turun (HOLD),0.4954063,Turun (HOLD)
2022-09-05,7223.17431640625,Naik,0.4688094474414246,Turun (HOLD),0.47981218,Turun (HOLD)
2022-09-06,7223.17431640625,Naik,0.471442253486888,Turun (HOLD),0.52248263,Turun (HOLD)
2022-09-07,7310.46435546875,Naik,0.46113391587147723,Turun (HOLD),0.47966653,Turun (HOLD)
2022-09-08,7288.642578125,Naik,0.4690320825352423,Turun (HOLD),0.51119465,Turun (HOLD)
2022-09-09,7310.46435546875,Naik,0.48272661305525716,Turun (HOLD),0.5265301,Turun (HOLD)
2022-09-12,7310.46435546875,Naik,0.4882355651671968,Turun (HOLD),0.53624237,Turun (HOLD)
2022-09-13,7441.39892578125,Naik,0.4480962208701546,Turun (HOLD),0.4984437,Turun (HOLD)
2022-09-14,7419.57568359375,Turun,0.44290568609445097,Turun (HOLD),0.47757158,Turun (HOLD)
2022-09-15,7637.79931640625,Turun,0.3619622932616841,Turun (HOLD),0.412509,Turun (HOLD)
2022-09-16,7375.93115234375,Turun,0.48867294563951447,Turun (HOLD),0.5432112,Turun (HOLD)
2022-09-19,7550.5087890625,Turun,0.45445351420085606,Turun (HOLD),0.46041307,Turun (HOLD)
2022-09-20,7463.22021484375,Turun,0.46631771349507295,Turun (HOLD),0.4979992,Turun (HOLD)
2022-09-21,7397.75390625,Turun,0.4851944196336183,Turun (HOLD),0.5512329,Turun (HOLD)
2022-09-22,7397.75390625,Turun,0.4701439031644064,Turun (HOLD),0.51023966,Turun (HOLD)
2022-09-23,7310.46435546875,Naik,0.4903631640454818,Turun (HOLD),0.5424161,Turun (HOLD)
2022-09-26,7354.10888671875,Naik,0.4773040707241369,Turun (HOLD),0.51257783,Turun (HOLD)
2022-09-27,7244.998046875,Naik,0.47462030553350526,Turun (HOLD),0.5442217,Turun (HOLD)
2022-09-28,7266.81982421875,Naik,0.4793693042653095,Turun (HOLD),0.52651644,Turun (HOLD)
2022-09-29,7310.46435546875,Naik,0.46023308388778555,Turun (HOLD),0.50336736,Turun (HOLD)
2022-09-30,7463.22021484375,Turun,0.4710356537570902,Turun (HOLD),0.48128662,Turun (HOLD)
2022-10-03,7419.57568359375,Turun,0.46374201985571173,Turun (HOLD),0.4813553,Turun (HOLD)
2022-10-04,7463.22021484375,Turun,0.4489758907723211,Turun (HOLD),0.476596,Turun (HOLD)
2022-10-05,7375.93115234375,Turun,0.48547605336279137,Turun (HOLD),0.52739364,Turun (HOLD)
2022-10-06,7354.10888671875,Turun,0.484035062355805,Turun (HOLD),0.55373144,Turun (HOLD)
2022-10-07,7157.70849609375,Naik,0.509594920764979,Turun (HOLD),0.5898798,Turun (HOLD)
2022-10-10,7244.998046875,Naik,0.49081447492222835,Turun (HOLD),0.5547419,Turun (HOLD)
2022-10-11,7201.35302734375,Naik,0.4926372583784672,Turun (HOLD),0.55287194,Turun (HOLD)
2022-10-12,7266.81982421875,Turun,0.46388319239696013,Turun (HOLD),0.5207104,Turun (HOLD)
2022-10-13,7223.17431640625,Naik,0.461692746852607,Turun (HOLD),0.52943695,Turun (HOLD)
2022-10-14,7201.35302734375,Naik,0.47709899508691944,Turun (HOLD),0.53252226,Turun (HOLD)
2022-10-17,7201.35302734375,Naik,0.46171448053437636,Turun (HOLD),0.53243375,Turun (HOLD)
2022-10-18,7244.998046875,Naik,0.4658283782953018,Turun (HOLD),0.52513224,Turun (HOLD)
2022-10-19,7223.17431640625,Naik,0.4651111203920227,Turun (HOLD),0.51874226,Turun (HOLD)
2022-10-20,7419.57568359375,Naik,0.4482140008935375,Turun (HOLD),0.4988385,Turun (HOLD)
2022-10-21,7550.5087890625,Naik,0.45263155787356385,Turun (HOLD),0.50043696,Turun (HOLD)
2022-10-24,7768.73193359375,Turun,0.4246139855043567,Turun (HOLD),0.45751515,Turun (HOLD)
2022-10-25,7594.15380859375,Naik,0.43799113851894805,Turun (HOLD),0.4998104,Turun (HOLD)
2022-10-26,7463.22021484375,Naik,0.4595123138666291,Turun (HOLD),0.5400824,Turun (HOLD)
2022-10-27,7594.15380859375,Naik,0.4543566887384499,Turun (HOLD),0.55003566,Turun (HOLD)
2022-10-28,7637.79931640625,Turun,0.4336608745276398,Turun (HOLD),0.54189014,Turun (HOLD)
2022-10-31,7681.44482421875,Turun,0.44309353720556055,Turun (HOLD),0.5324042,Turun (HOLD)
2022-11-01,7681.44482421875,Turun,0.4300554386647298,Turun (HOLD),0.51073825,Turun (HOLD)
2022-11-02,7637.79931640625,Naik,0.4429897212131728,Turun (HOLD),0.51964647,Turun (HOLD)
2022-11-03,7681.44482421875,Naik,0.4442816325923653,Turun (HOLD),0.5136747,Turun (HOLD)
2022-11-04,7659.62109375,Naik,0.4527435799591462,Turun (HOLD),0.5144185,Turun (HOLD)
2022-11-07,7725.087890625,Turun,0.4520698307158254,Turun (HOLD),0.5193499,Turun (HOLD)
2022-11-08,7637.79931640625,Naik,0.4710034947682823,Turun (HOLD),0.534147,Turun (HOLD)
2022-11-09,7746.90966796875,Turun,0.4437746456743766,Turun (HOLD),0.5313546,Turun (HOLD)
2022-11-10,7681.44482421875,Turun,0.4577673186756356,Turun (HOLD),0.5417041,Turun (HOLD)
2022-11-11,7725.087890625,Turun,0.4554815600273943,Turun (HOLD),0.54878044,Turun (HOLD)
2022-11-14,7637.79931640625,Turun,0.4665315295071452,Turun (HOLD),0.54935807,Turun (HOLD)
2022-11-15,7681.44482421875,Naik,0.45856988334164617,Turun (HOLD),0.5502415,Turun (HOLD)
2022-11-16,7506.8642578125,Naik,0.48353842555688664,Turun (HOLD),0.5481851,Turun (HOLD)
2022-11-17,7615.9765625,Naik,0.4664609527927154,Turun (HOLD),0.5405254,Turun (HOLD)
2022-11-18,7703.2666015625,Naik,0.43496002304488934,Turun (HOLD),0.49208856,Turun (HOLD)
2022-11-21,7615.9765625,Naik,0.45763375048610117,Turun (HOLD),0.504923,Turun (HOLD)
2022-11-22,7768.73193359375,Naik,0.46138387898284744,Turun (HOLD),0.502695,Turun (HOLD)
2022-11-23,7746.90966796875,Naik,0.43708297334951324,Turun (HOLD),0.503171,Turun (HOLD)
2022-11-24,7856.021484375,Naik,0.4498143638654907,Turun (HOLD),0.50971293,Turun (HOLD)
2022-11-25,7834.1982421875,Turun,0.45574937643048485,Turun (HOLD),0.5446033,Turun (HOLD)
2022-11-28,7877.84326171875,Turun,0.45399164975409523,Turun (HOLD),0.50441206,Turun (HOLD)
2022-11-29,7834.1982421875,Turun,0.4620086198838007,Turun (HOLD),0.54917103,Turun (HOLD)
2022-11-30,8117.88818359375,Turun,0.39401018204309207,Turun (HOLD),0.43367434,Turun (HOLD)
2022-12-01,7856.021484375,Turun,0.4838573151741008,Turun (HOLD),0.5408929,Turun (HOLD)
2022-12-02,7799.0615234375,Turun,0.5002968645637902,Turun (HOLD),0.5701983,Turun (HOLD)
2022-12-05,7689.52490234375,Turun,0.5064469625672224,Turun (HOLD),0.57308036,Turun (HOLD)
2022-12-06,7601.89501953125,Naik,0.5161192187838317,Turun (HOLD),0.5716739,Turun (HOLD)
2022-12-07,7404.7265625,Naik,0.5012905599486931,Turun (HOLD),0.574716,Turun (HOLD)
2022-12-08,7448.5419921875,Turun,0.5048773807074391,Turun (HOLD),0.569131,Turun (HOLD)
2022-12-09,7514.26513671875,Naik,0.46512000686838545,Turun (HOLD),0.51377594,Turun (HOLD)
2022-12-12,7623.80322265625,Naik,0.46550815533369194,Turun (HOLD),0.4809809,Turun (HOLD)
2022-12-13,7623.80322265625,Turun,0.47385739132063964,Turun (HOLD),0.4862545,Turun (HOLD)
2022-12-14,7558.080078125,Naik,0.4886440345255995,Turun (HOLD),0.5515565,Turun (HOLD)
2022-12-15,7448.5419921875,Naik,0.49290293470033386,Turun (HOLD),0.56693834,Turun (HOLD)
2022-12-16,7536.17333984375,Turun,0.49162332904241773,Turun (HOLD),0.536233,Turun (HOLD)
2022-12-19,7579.9873046875,Naik,0.47956733413017466,Turun (HOLD),0.5259668,Turun (HOLD)
2022-12-20,7514.26513671875,Naik,0.4761348826047662,Turun (HOLD),0.55832577,Turun (HOLD)
2022-12-21,7601.89501953125,Turun,0.47705146201073334,Turun (HOLD),0.5110239,Turun (HOLD)
2022-12-22,7514.26513671875,Naik,0.4887669712201142,Turun (HOLD),0.54507655,Turun (HOLD)
2022-12-23,7448.5419921875,Naik,0.4866607708725782,Turun (HOLD),0.5636147,Turun (HOLD)
2022-12-26,7514.26513671875,Turun,0.47909120748621126,Turun (HOLD),0.54975724,Turun (HOLD)
2022-12-27,7536.17333984375,Turun,0.48754857117765077,Turun (HOLD),0.53772074,Turun (HOLD)
2022-12-28,7579.9873046875,Turun,0.48419609945309156,Turun (HOLD),0.51597863,Turun (HOLD)
2022-12-29,7514.26513671875,Turun,0.46636084015407486,Turun (HOLD),0.51831234,Turun (HOLD)
2022-12-30,7492.357421875,Turun,0.4882761773236858,Turun (HOLD),0.54014397,Turun (HOLD)
2023-01-02,7492.357421875,Turun,0.4929041390900647,Turun (HOLD),0.55980355,Turun (HOLD)
2023-01-03,7492.357421875,Turun,0.49390728701956854,Turun (HOLD),0.56040365,Turun (HOLD)
2023-01-04,7317.09765625,Turun,0.4947114930913511,Turun (HOLD),0.5622805,Turun (HOLD)
2023-01-05,7229.46826171875,Naik,0.5178684902667527,Turun (HOLD),0.56975555,Turun (HOLD)
2023-01-06,7273.28271484375,Turun,0.4930176666944747,Turun (HOLD),0.5408932,Turun (HOLD)
2023-01-09,7404.7265625,Turun,0.4822985611379083,Turun (HOLD),0.5041456,Turun (HOLD)
2023-01-10,7163.7451171875,Naik,0.4947175024831691,Turun (HOLD),0.5521609,Turun (HOLD)
2023-01-11,7119.93017578125,Naik,0.5056487588669624,Turun (HOLD),0.5650737,Turun (HOLD)
2023-01-12,7163.7451171875,Naik,0.49662753922480724,Turun (HOLD),0.5508841,Turun (HOLD)
2023-01-13,7054.20849609375,Naik,0.5133477834709076,Turun (HOLD),0.56090283,Turun (HOLD)
2023-01-16,7141.837890625,Naik,0.46720498152996937,Turun (HOLD),0.5459698,Turun (HOLD)
2023-01-17,7295.18994140625,Naik,0.4925976439468139,Turun (HOLD),0.5397442,Turun (HOLD)
2023-01-18,7273.28271484375,Naik,0.47927109303211474,Turun (HOLD),0.53641784,Turun (HOLD)
2023-01-19,7295.18994140625,Naik,0.4684632963612962,Turun (HOLD),0.5326685,Turun (HOLD)
2023-01-20,7273.28271484375,Naik,0.4848353026426659,Turun (HOLD),0.5400591,Turun (HOLD)
2023-01-24,7207.560546875,Naik,0.4916693526172091,Turun (HOLD),0.55121034,Turun (HOLD)
2023-01-25,7185.65283203125,Naik,0.48931647242085613,Turun (HOLD),0.5508052,Turun (HOLD)
2023-01-26,7426.6357421875,Turun,0.4952596031965333,Turun (HOLD),0.54988176,Turun (HOLD)
2023-01-27,7623.80322265625,Turun,0.5129795348433082,Turun (HOLD),0.5767039,Turun (HOLD)
2023-01-30,7623.80322265625,Naik,0.48649879135537,Turun (HOLD),0.57293445,Turun (HOLD)
2023-01-31,7426.6357421875,Naik,0.49962454169121023,Turun (HOLD),0.5436662,Turun (HOLD)
2023-02-01,7448.5419921875,Naik,0.49586481457434717,Turun (HOLD),0.5412878,Turun (HOLD)
2023-02-02,7404.7265625,Naik,0.5109351740761183,Turun (HOLD),0.5551648,Turun (HOLD)
2023-02-03,7623.80322265625,Naik,0.5009159287810214,Turun (HOLD),0.56613195,Turun (HOLD)
2023-02-06,7645.708984375,Naik,0.4730431820056887,Turun (HOLD),0.5249849,Turun (HOLD)
2023-02-07,7755.2470703125,Naik,0.47668048018938725,Turun (HOLD),0.5274782,Turun (HOLD)
2023-02-08,7733.34033203125,Naik,0.4654823954208863,Turun (HOLD),0.53231436,Turun (HOLD)
2023-02-09,7799.0615234375,Turun,0.46461853852795026,Turun (HOLD),0.51172024,Turun (HOLD)
2023-02-10,7733.34033203125,Turun,0.46200843425442134,Turun (HOLD),0.54614216,Turun (HOLD)
2023-02-13,7777.15478515625,Turun,0.46981779418037517,Turun (HOLD),0.54564756,Turun (HOLD)
2023-02-14,7842.876953125,Turun,0.47660252400936715,Turun (HOLD),0.53409576,Turun (HOLD)
2023-02-15,7777.15478515625,Turun,0.47732372081544505,Turun (HOLD),0.5652652,Turun (HOLD)
2023-02-16,7623.80322265625,Turun,0.49888912152906123,Turun (HOLD),0.56962234,Turun (HOLD)
2023-02-17,7645.708984375,Turun,0.506620980181066,Turun (HOLD),0.5799043,Turun (HOLD)
2023-02-20,7667.61767578125,Turun,0.4912582665918886,Turun (HOLD),0.5804291,Turun (HOLD)
2023-02-21,7623.80322265625,Naik,0.49311639836316085,Turun (HOLD),0.56351787,Turun (HOLD)
2023-02-22,7601.89501953125,Turun,0.49185813082304874,Turun (HOLD),0.5426215,Turun (HOLD)
2023-02-23,7645.708984375,Turun,0.47997493761155186,Turun (HOLD),0.5769515,Turun (HOLD)
2023-02-24,7601.89501953125,Turun,0.4799379448197841,Turun (HOLD),0.5353553,Turun (HOLD)
2023-02-27,7689.52490234375,Turun,0.4753335348488022,Turun (HOLD),0.5329267,Turun (HOLD)
2023-02-28,7667.61767578125,Turun,0.4796980629464972,Turun (HOLD),0.5603916,Turun (HOLD)
2023-03-01,7536.17333984375,Turun,0.49196791878133667,Turun (HOLD),0.56034195,Turun (HOLD)
2023-03-02,7558.080078125,Turun,0.49159914351265754,Turun (HOLD),0.5372745,Turun (HOLD)
2023-03-03,7426.6357421875,Turun,0.47931164601869597,Turun (HOLD),0.53387433,Turun (HOLD)
2023-03-06,7360.9130859375,Naik,0.5013099258398872,Turun (HOLD),0.5639381,Turun (HOLD)
2023-03-07,7382.8203125,Turun,0.47409180734070666,Turun (HOLD),0.518411,Turun (HOLD)
2023-03-08,7514.26513671875,Turun,0.48604653349953586,Turun (HOLD),0.4930007,Turun (HOLD)
2023-03-09,7514.26513671875,Turun,0.47070652137844937,Turun (HOLD),0.49406913,Turun (HOLD)
2023-03-10,7404.7265625,Turun,0.46560796553179923,Turun (HOLD),0.5181063,Turun (HOLD)
2023-03-13,7492.357421875,Turun,0.47403585463048237,Turun (HOLD),0.49699396,Turun (HOLD)
2023-03-14,7295.18994140625,Naik,0.4902855627900583,Turun (HOLD),0.54750043,Turun (HOLD)
2023-03-15,7295.18994140625,Naik,0.4895470261383891,Turun (HOLD),0.5580148,Turun (HOLD)
2023-03-16,7273.28271484375,Naik,0.4872235852873577,Turun (HOLD),0.5488408,Turun (HOLD)
2023-03-17,7339.00537109375,Naik,0.4838769233962851,Turun (HOLD),0.54242766,Turun (HOLD)
2023-03-20,7360.9130859375,Naik,0.4980936698513235,Turun (HOLD),0.54808825,Turun (HOLD)
2023-03-21,7448.5419921875,Naik,0.4921252999054304,Turun (HOLD),0.52839345,Turun (HOLD)
2023-03-24,7733.34033203125,Naik,0.5114755699551551,Turun (HOLD),0.58321244,Turun (HOLD)
2023-03-27,7623.80322265625,Naik,0.4731890659910587,Turun (HOLD),0.5743184,Turun (HOLD)
2023-03-28,7601.89501953125,Naik,0.47119296072335093,Turun (HOLD),0.56939656,Turun (HOLD)
2023-03-29,7865.5712890625,Turun,0.5059346971525781,Turun (HOLD),0.57272756,Turun (HOLD)
2023-03-30,7887.9150390625,Turun,0.4808861473408037,Turun (HOLD),0.5625168,Turun (HOLD)
2023-03-31,7820.87939453125,Turun,0.4803775087750748,Turun (HOLD),0.5675785,Turun (HOLD)
2023-04-03,7865.5712890625,Naik,0.4884921667337633,Turun (HOLD),0.5818223,Turun (HOLD)
2023-04-04,7843.22412109375,Naik,0.48568079842877077,Turun (HOLD),0.58248234,Turun (HOLD)
2023-04-05,7798.53369140625,Naik,0.4928483118753929,Turun (HOLD),0.57991505,Turun (HOLD)
2023-04-06,7820.87939453125,Naik,0.4939203519586883,Turun (HOLD),0.58421177,Turun (HOLD)
2023-04-10,7865.5712890625,Naik,0.5026598305140957,Turun (HOLD),0.58840454,Turun (HOLD)
2023-04-11,7887.9150390625,Naik,0.4853772165504284,Turun (HOLD),0.57996124,Turun (HOLD)
2023-04-12,7954.95068359375,Naik,0.5413297757548112,Turun (HOLD),0.5724283,Turun (HOLD)
2023-04-13,7977.2978515625,Naik,0.5577168489338707,Turun (HOLD),0.6016065,Turun (HOLD)
2023-04-14,8044.33251953125,Naik,0.5675997611122353,Turun (HOLD),0.5915882,Turun (HOLD)
2023-04-17,8066.6787109375,Turun,0.563042476733022,Turun (HOLD),0.59242314,Turun (HOLD)
2023-04-18,8156.0595703125,Turun,0.5974389532737933,Turun (HOLD),0.5881874,Turun (HOLD)
2023-04-26,8223.0966796875,Turun,0.4954636279681972,Turun (HOLD),0.53543705,Turun (HOLD)
2023-04-27,8178.40625,Turun,0.5206496618228047,Turun (HOLD),0.56578106,Turun (HOLD)
2023-04-28,8089.0234375,Turun,0.533634977277564,Turun (HOLD),0.5955922,Turun (HOLD)
2023-05-02,8089.0234375,Turun,0.537973139667769,Turun (HOLD),0.6045387,Turun (HOLD)
2023-05-03,7977.2978515625,Naik,0.5520352550132058,Turun (HOLD),0.6351457,Turun (HOLD)
2023-05-04,8044.33251953125,Turun,0.54846578285807,Turun (HOLD),0.5962533,Turun (HOLD)
2023-05-05,8044.33251953125,Turun,0.5620501152717116,Turun (HOLD),0.60223496,Turun (HOLD)
2023-05-08,8044.33251953125,Turun,0.5336607061462482,Turun (HOLD),0.5969619,Turun (HOLD)
2023-05-09,7977.2978515625,Turun,0.4706737262239281,Turun (HOLD),0.5701168,Turun (HOLD)
2023-05-10,7977.2978515625,Turun,0.49791547185586443,Turun (HOLD),0.58565956,Turun (HOLD)
2023-05-11,7887.9150390625,Naik,0.5079184512958119,Turun (HOLD),0.60060173,Turun (HOLD)
2023-05-12,7865.5712890625,Naik,0.4946993379182,Turun (HOLD),0.58179516,Turun (HOLD)
2023-05-15,7843.22412109375,Naik,0.4812876018924007,Turun (HOLD),0.57227224,Turun (HOLD)
2023-05-16,7776.18798828125,Naik,0.5033816334679193,Turun (HOLD),0.58509624,Turun (HOLD)
2023-05-17,7843.22412109375,Naik,0.45846650207385425,Turun (HOLD),0.5460544,Turun (HOLD)
2023-05-19,8044.33251953125,Naik,0.45385360138157016,Turun (HOLD),0.5212857,Turun (HOLD)
2023-05-22,8044.33251953125,Naik,0.4565105564895189,Turun (HOLD),0.52412146,Turun (HOLD)
2023-05-23,8156.0595703125,Naik,0.45361193973844316,Turun (HOLD),0.5113284,Turun (HOLD)
2023-05-24,8066.6787109375,Turun,0.4693002302581958,Turun (HOLD),0.54372764,Turun (HOLD)
2023-05-25,8089.0234375,Naik,0.46824470391795997,Turun (HOLD),0.54390496,Turun (HOLD)
2023-05-26,8178.40625,Turun,0.4439284812022649,Turun (HOLD),0.51627743,Turun (HOLD)
2023-05-29,8178.40625,Turun,0.495259766632476,Turun (HOLD),0.56354135,Turun (HOLD)
2023-05-30,8267.78515625,Turun,0.4478445726034021,Turun (HOLD),0.51061267,Turun (HOLD)
2023-05-31,8089.0234375,Turun,0.48023045116138696,Turun (HOLD),0.57020426,Turun (HOLD)
2023-06-05,8223.0966796875,Naik,0.4621979524297288,Turun (HOLD),0.5431003,Turun (HOLD)
2023-06-06,8178.40625,Naik,0.557235983781916,Turun (HOLD),0.59610593,Turun (HOLD)
2023-06-07,8133.71533203125,Naik,0.54335945144743,Turun (HOLD),0.59748125,Turun (HOLD)
2023-06-08,8156.0595703125,Turun,0.5583282528156032,Turun (HOLD),0.6003839,Turun (HOLD)
2023-06-09,8133.71533203125,Turun,0.5452272746273361,Turun (HOLD),0.60790294,Turun (HOLD)
2023-06-12,8178.40625,Turun,0.5565069860742806,Turun (HOLD),0.59718055,Turun (HOLD)
2023-06-13,8178.40625,Turun,0.4967898896621592,Turun (HOLD),0.5625689,Turun (HOLD)
2023-06-14,8111.369140625,Naik,0.5093931623541248,Turun (HOLD),0.59460753,Turun (HOLD)
2023-06-15,8089.0234375,Turun,0.49228434257485626,Turun (HOLD),0.578268,Turun (HOLD)
2023-06-16,8089.0234375,Naik,0.45776832565600134,Turun (HOLD),0.55256397,Turun (HOLD)
2023-06-19,8044.33251953125,Naik,0.46135405094970783,Turun (HOLD),0.55421233,Turun (HOLD)
2023-06-20,8089.0234375,Naik,0.45430107235583944,Turun (HOLD),0.5289357,Turun (HOLD)
2023-06-21,8156.0595703125,Turun,0.43102590033111904,Turun (HOLD),0.5140162,Turun (HOLD)
2023-06-22,8089.0234375,Naik,0.4610568355180573,Turun (HOLD),0.5465795,Turun (HOLD)
2023-06-23,8089.0234375,Naik,0.4570915223892909,Turun (HOLD),0.5401136,Turun (HOLD)
2023-06-26,8111.369140625,Naik,0.459555288896385,Turun (HOLD),0.5277654,Turun (HOLD)
2023-06-27,8178.40625,Naik,0.4687284978283306,Turun (HOLD),0.55054486,Turun (HOLD)
2023-07-03,8111.369140625,Turun,0.5114216565110994,Turun (HOLD),0.573987,Turun (HOLD)
2023-07-04,8089.0234375,Turun,0.44528254947105605,Turun (HOLD),0.52532434,Turun (HOLD)
2023-07-05,8089.0234375,Naik,0.4446888194164571,Turun (HOLD),0.5325503,Turun (HOLD)
2023-07-06,8111.369140625,Naik,0.435838238915303,Turun (HOLD),0.5224163,Turun (HOLD)
2023-07-07,8066.6787109375,Naik,0.4248550053768609,Turun (HOLD),0.5167572,Turun (HOLD)
2023-07-10,8089.0234375,Naik,0.4413971890791081,Turun (HOLD),0.5244926,Turun (HOLD)
2023-07-11,8066.6787109375,Naik,0.4365503467218499,Turun (HOLD),0.5274683,Turun (HOLD)
2023-07-12,8200.75,Turun,0.4440601438112424,Turun (HOLD),0.5195008,Turun (HOLD)
2023-07-13,8156.0595703125,Turun,0.539921624466544,Turun (HOLD),0.59384483,Turun (HOLD)
2023-07-14,8223.0966796875,Turun,0.5231547738850152,Turun (HOLD),0.59220135,Turun (HOLD)
2023-07-17,8200.75,Turun,0.5510869750305136,Turun (HOLD),0.60441047,Turun (HOLD)
2023-07-18,8178.40625,Naik,0.5345153756377161,Turun (HOLD),0.59519726,Turun (HOLD)
2023-07-20,8178.40625,Naik,0.541550786852608,Turun (HOLD),0.59635013,Turun (HOLD)
2023-07-21,8178.40625,Turun,0.4531419804378329,Turun (HOLD),0.5423898,Turun (HOLD)
2023-07-24,8133.71533203125,Turun,0.4541910641983934,Turun (HOLD),0.5319718,Turun (HOLD)
2023-07-25,8178.40625,Turun,0.450076589506493,Turun (HOLD),0.531632,Turun (HOLD)
2023-07-26,8357.16796875,Turun,0.4724627045664561,Turun (HOLD),0.5378764,Turun (HOLD)
2023-07-27,8245.44140625,Naik,0.48624197397796487,Turun (HOLD),0.562536,Turun (HOLD)
2023-07-28,8156.0595703125,Turun,0.47354928826905074,Turun (HOLD),0.5496272,Turun (HOLD)
2023-07-31,8156.0595703125,Naik,0.4557980198381053,Turun (HOLD),0.5420296,Turun (HOLD)
2023-08-01,8156.0595703125,Naik,0.44341983785433536,Turun (HOLD),0.5312755,Turun (HOLD)
2023-08-02,8223.0966796875,Naik,0.43638940557558675,Turun (HOLD),0.52645266,Turun (HOLD)
2023-08-03,8267.78515625,Naik,0.43641483446400137,Turun (HOLD),0.5186916,Turun (HOLD)
2023-08-04,8178.40625,Naik,0.43813114284910176,Turun (HOLD),0.52848995,Turun (HOLD)
2023-08-07,8290.1328125,Naik,0.4351441594432407,Turun (HOLD),0.52478904,Turun (HOLD)
2023-08-08,8223.0966796875,Naik,0.43664398757485595,Turun (HOLD),0.5394469,Turun (HOLD)
2023-08-09,8401.859375,Turun,0.44958746474782896,Turun (HOLD),0.53033245,Turun (HOLD)
2023-08-10,8401.859375,Turun,0.5006838077508319,Turun (HOLD),0.5799158,Turun (HOLD)
2023-08-11,8401.859375,Turun,0.450674457976448,Turun (HOLD),0.55199605,Turun (HOLD)
2023-08-14,8357.16796875,Turun,0.45408952960680216,Turun (HOLD),0.56390977,Turun (HOLD)
2023-08-15,8312.4775390625,Naik,0.4562303453180034,Turun (HOLD),0.5692794,Turun (HOLD)
2023-08-16,8312.4775390625,Turun,0.4451000690423134,Turun (HOLD),0.556433,Turun (HOLD)
2023-08-18,8267.78515625,Naik,0.4465514883893031,Turun (HOLD),0.54176396,Turun (HOLD)
2023-08-21,8200.75,Naik,0.478922223210226,Turun (HOLD),0.57033396,Turun (HOLD)
2023-08-22,8312.4775390625,Turun,0.45008164848347065,Turun (HOLD),0.55067676,Turun (HOLD)
2023-08-23,8312.4775390625,Turun,0.4948670844833353,Turun (HOLD),0.5862028,Turun (HOLD)
2023-08-24,8223.0966796875,Turun,0.47693352574300996,Turun (HOLD),0.5638226,Turun (HOLD)
2023-08-25,8290.1328125,Turun,0.5167758556671913,Turun (HOLD),0.5906496,Turun (HOLD)
2023-08-28,8223.0966796875,Turun,0.4527981009903708,Turun (HOLD),0.5369669,Turun (HOLD)
2023-08-29,8267.78515625,Turun,0.5009708487155521,Turun (HOLD),0.57188654,Turun (HOLD)
2023-08-30,8223.0966796875,Turun,0.514952014382365,Turun (HOLD),0.57235616,Turun (HOLD)
2023-08-31,8200.75,Turun,0.5111912152815102,Turun (HOLD),0.56845796,Turun (HOLD)
2023-09-01,8245.44140625,Turun,0.4784217866158917,Turun (HOLD),0.55990285,Turun (HOLD)
2023-09-04,8245.44140625,Turun,0.4847871683453343,Turun (HOLD),0.56650627,Turun (HOLD)
2023-09-05,8245.44140625,Turun,0.4930467792700188,Turun (HOLD),0.56652474,Turun (HOLD)
2023-09-06,8178.40625,Turun,0.453435280466402,Turun (HOLD),0.535935,Turun (HOLD)
2023-09-07,8200.75,Naik,0.42650263583030384,Turun (HOLD),0.50185484,Turun (HOLD)
2023-09-08,8156.0595703125,Turun,0.4510564622450004,Turun (HOLD),0.5245411,Turun (HOLD)
2023-09-11,8156.0595703125,Turun,0.44374379095748495,Turun (HOLD),0.51752377,Turun (HOLD)
2023-09-12,8133.71533203125,Naik,0.45333254621298363,Turun (HOLD),0.52553403,Turun (HOLD)
2023-09-13,8111.369140625,Naik,0.46943321621700357,Turun (HOLD),0.529651,Turun (HOLD)
2023-09-14,8133.71533203125,Naik,0.47718345520988015,Turun (HOLD),0.53669345,Turun (HOLD)
2023-09-15,8044.33251953125,Naik,0.5158281696088595,Turun (HOLD),0.5550472,Turun (HOLD)
2023-09-18,8044.33251953125,Turun,0.5002244758121374,Turun (HOLD),0.5560659,Turun (HOLD)
2023-09-19,8111.369140625,Turun,0.4446984971075789,Turun (HOLD),0.52055466,Turun (HOLD)
2023-09-20,8178.40625,Turun,0.41431533244457375,Turun (HOLD),0.48165867,Turun (HOLD)
2023-09-21,8156.0595703125,Turun,0.45707708052346535,Turun (HOLD),0.51646394,Turun (HOLD)
2023-09-22,8111.369140625,Naik,0.4781581058117831,Turun (HOLD),0.5457477,Turun (HOLD)
2023-09-25,8044.33251953125,Naik,0.5227532094898898,Turun (HOLD),0.57594377,Turun (HOLD)
2023-09-26,7999.64208984375,Naik,0.5214480542275349,Turun (HOLD),0.5759325,Turun (HOLD)
2023-09-27,7932.60595703125,Naik,0.5564900425864254,Turun (HOLD),0.5876228,Turun (HOLD)
2023-09-29,7887.9150390625,Naik,0.5590599475123462,Turun (HOLD),0.5867097,Turun (HOLD)
2023-10-02,8111.369140625,Turun,0.4373033283696166,Turun (HOLD),0.48173717,Turun (HOLD)
2023-10-03,8223.0966796875,Turun,0.42279271930871676,Turun (HOLD),0.47813904,Turun (HOLD)
2023-10-04,8223.0966796875,Turun,0.42658197354661626,Turun (HOLD),0.48585725,Turun (HOLD)
2023-10-05,8111.369140625,Turun,0.4446818993423497,Turun (HOLD),0.51784587,Turun (HOLD)
2023-10-06,8066.6787109375,Naik,0.4850036577988505,Turun (HOLD),0.55477226,Turun (HOLD)
2023-10-09,8089.0234375,Naik,0.43582228289919256,Turun (HOLD),0.5092542,Turun (HOLD)
2023-10-10,7977.2978515625,Naik,0.49711045786524405,Turun (HOLD),0.5664182,Turun (HOLD)
2023-10-11,7977.2978515625,Turun,0.47532597302388724,Turun (HOLD),0.54734063,Turun (HOLD)
2023-10-12,8089.0234375,Turun,0.43010042039247887,Turun (HOLD),0.489525,Turun (HOLD)
2023-10-13,8111.369140625,Turun,0.41997656311462483,Turun (HOLD),0.47591516,Turun (HOLD)
2023-10-16,8133.71533203125,Turun,0.43470073732636255,Turun (HOLD),0.48497215,Turun (HOLD)
2023-10-17,7999.64208984375,Turun,0.5169625916776655,Turun (HOLD),0.5794318,Turun (HOLD)
2023-10-18,7910.26123046875,Naik,0.5215640726670184,Turun (HOLD),0.58733964,Turun (HOLD)
2023-10-19,7820.87939453125,Naik,0.527833101093594,Turun (HOLD),0.58024323,Turun (HOLD)
2023-10-20,8021.9873046875,Turun,0.44257754299429386,Turun (HOLD),0.4881166,Turun (HOLD)
2023-10-23,7910.26123046875,Naik,0.4683004479354442,Turun (HOLD),0.52409434,Turun (HOLD)
2023-10-24,7843.22412109375,Turun,0.48451758527747096,Turun (HOLD),0.5445374,Turun (HOLD)
2023-10-25,7932.60595703125,Turun,0.44121421365578006,Turun (HOLD),0.5000574,Turun (HOLD)
2023-10-26,7798.53369140625,Naik,0.49415426482244384,Turun (HOLD),0.561883,Turun (HOLD)
2023-10-27,7776.18798828125,Naik,0.4974443293856069,Turun (HOLD),0.55860233,Turun (HOLD)
2023-10-30,7910.26123046875,Naik,0.44015769745109845,Turun (HOLD),0.4991155,Turun (HOLD)
2023-10-31,7820.87939453125,Naik,0.5103870880333661,Turun (HOLD),0.58162796,Turun (HOLD)
2023-11-01,7686.80712890625,Naik,0.5522044151902717,Turun (HOLD),0.6101659,Turun (HOLD)
2023-11-02,7910.26123046875,Naik,0.43688374456772616,Turun (HOLD),0.49122027,Turun (HOLD)
2023-11-03,7954.95068359375,Turun,0.4994415015857734,Turun (HOLD),0.54646146,Turun (HOLD)
2023-11-06,8089.0234375,Turun,0.5099515967131988,Turun (HOLD),0.55500823,Turun (HOLD)
2023-11-07,8021.9873046875,Turun,0.5122384366703866,Turun (HOLD),0.55461174,Turun (HOLD)
2023-11-08,8044.33251953125,Naik,0.5266935365091339,Turun (HOLD),0.5722182,Turun (HOLD)
2023-11-09,8044.33251953125,Naik,0.5208667049931601,Turun (HOLD),0.5706521,Turun (HOLD)
2023-11-10,7887.9150390625,Naik,0.5450973153783358,Turun (HOLD),0.6029651,Turun (HOLD)
2023-11-13,7932.60595703125,Turun,0.44636704699646085,Turun (HOLD),0.5082422,Turun (HOLD)
2023-11-14,7977.2978515625,Turun,0.44334115905670296,Turun (HOLD),0.49524558,Turun (HOLD)
2023-11-15,8089.0234375,Turun,0.5259224374406479,Turun (HOLD),0.5544989,Turun (HOLD)
2023-11-16,8111.369140625,Turun,0.5366728425674562,Turun (HOLD),0.56228465,Turun (HOLD)
2023-11-17,8111.369140625,Turun,0.5180517217166123,Turun (HOLD),0.557231,Turun (HOLD)
2023-11-20,7932.60595703125,Naik,0.5540439569124035,Turun (HOLD),0.5893154,Turun (HOLD)
2023-11-21,7843.22412109375,Naik,0.5774656536509224,Turun (HOLD),0.6082768,Turun (HOLD)
2023-11-22,7932.60595703125,Naik,0.44009819293414,Turun (HOLD),0.49768558,Turun (HOLD)
2023-11-23,7977.2978515625,Naik,0.4315157614509356,Turun (HOLD),0.4892073,Turun (HOLD)
2023-11-24,7977.2978515625,Naik,0.47250710728809464,Turun (HOLD),0.51330113,Turun (HOLD)
2023-11-27,7932.60595703125,Naik,0.45370324495514364,Turun (HOLD),0.51333034,Turun (HOLD)
2023-11-28,7932.60595703125,Naik,0.4471764657029379,Turun (HOLD),0.5119124,Turun (HOLD)
2023-11-29,7954.95068359375,Turun,0.537595202665774,Turun (HOLD),0.56533074,Turun (HOLD)
2023-11-30,8021.9873046875,Turun,0.5160689613894864,Turun (HOLD),0.56187814,Turun (HOLD)
2023-12-01,7999.64208984375,Turun,0.44995279574256924,Turun (HOLD),0.5039852,Turun (HOLD)
2023-12-04,8015.3583984375,Turun,0.5666803302084681,Turun (HOLD),0.57896817,Turun (HOLD)
2023-12-05,7992.90625,Turun,0.4946124023088498,Turun (HOLD),0.52417684,Turun (HOLD)
2023-12-06,7903.09912109375,Turun,0.5157962842207805,Turun (HOLD),0.5554342,Turun (HOLD)
2023-12-07,7925.55029296875,Naik,0.48528085291602735,Turun (HOLD),0.5138995,Turun (HOLD)
2023-12-08,7858.19384765625,Naik,0.5569096420897984,Turun (HOLD),0.59192896,Turun (HOLD)
2023-12-11,7858.19384765625,Naik,0.48844221137498883,Turun (HOLD),0.5303504,Turun (HOLD)
2023-12-12,7813.2900390625,Naik,0.5016313426132912,Turun (HOLD),0.5416627,Turun (HOLD)
2023-12-13,7790.83837890625,Naik,0.5160613928078567,Turun (HOLD),0.5504212,Turun (HOLD)
2023-12-14,8127.6171875,Naik,0.5625501205069868,Turun (HOLD),0.57854664,Turun (HOLD)
2023-12-15,8284.7822265625,Naik,0.5423506345680301,Turun (HOLD),0.5712849,Turun (HOLD)
2023-12-18,8262.3310546875,Naik,0.5414913631146301,Turun (HOLD),0.5797528,Turun (HOLD)
2023-12-19,8307.234375,Naik,0.548278289078419,Turun (HOLD),0.5897555,Turun (HOLD)
2023-12-20,8352.1376953125,Naik,0.5522825839785199,Turun (HOLD),0.59886056,Turun (HOLD)
2023-12-21,8374.5908203125,Naik,0.5020229085144614,Turun (HOLD),0.5478843,Turun (HOLD)
2023-12-22,8374.5908203125,Turun,0.5632200258196037,Turun (HOLD),0.6082168,Turun (HOLD)
2023-12-27,8419.494140625,Naik,0.5057814664184475,Turun (HOLD),0.5554504,Turun (HOLD)
2023-12-28,8441.9462890625,Naik,0.5864771286162267,Turun (HOLD),0.6252651,Turun (HOLD)
2023-12-29,8441.9462890625,Naik,0.5702470712853231,Turun (HOLD),0.61838645,Turun (HOLD)
2024-01-02,8464.3984375,Naik,0.5885812475025093,Turun (HOLD),0.6293246,Turun (HOLD)
2024-01-03,8397.0419921875,Naik,0.4739000940170378,Turun (HOLD),0.56003016,Turun (HOLD)
2024-01-04,8509.302734375,Naik,0.4582181547367879,Turun (HOLD),0.5365443,Turun (HOLD)
2024-01-05,8599.109375,Naik,0.4626347612044045,Turun (HOLD),0.51298314,Turun (HOLD)
2024-01-08,8599.109375,Naik,0.46090007913135206,Turun (HOLD),0.5208485,Turun (HOLD)
2024-01-09,8644.013671875,Naik,0.4564244997744829,Turun (HOLD),0.51677376,Turun (HOLD)
2024-01-10,8576.6591796875,Naik,0.48662621161781056,Turun (HOLD),0.5715425,Turun (HOLD)
2024-01-11,8599.109375,Naik,0.5008262170007755,Turun (HOLD),0.57908756,Turun (HOLD)
2024-01-12,8711.3701171875,Turun,0.4641949070054685,Turun (HOLD),0.521745,Turun (HOLD)
2024-01-15,8733.8212890625,Turun,0.47229543914597943,Turun (HOLD),0.53394103,Turun (HOLD)
2024-01-16,8711.3701171875,Turun,0.4905035645153261,Turun (HOLD),0.554119,Turun (HOLD)
2024-01-17,8756.2734375,Turun,0.4909389912613325,Turun (HOLD),0.54336065,Turun (HOLD)
2024-01-18,8688.91796875,Turun,0.4731603633083408,Turun (HOLD),0.56128824,Turun (HOLD)
2024-01-19,8644.013671875,Turun,0.4705606220718776,Turun (HOLD),0.560834,Turun (HOLD)
2024-01-22,8644.013671875,Naik,0.4591742442158823,Turun (HOLD),0.5551502,Turun (HOLD)
2024-01-23,8621.5615234375,Naik,0.46890366435155695,Turun (HOLD),0.5585136,Turun (HOLD)
2024-01-24,8554.205078125,Naik,0.46670310425063694,Turun (HOLD),0.5693063,Turun (HOLD)
2024-01-25,8531.75390625,Naik,0.47106841374163533,Turun (HOLD),0.565503,Turun (HOLD)
2024-01-26,8397.0419921875,Naik,0.511066745715178,Turun (HOLD),0.58307296,Turun (HOLD)
2024-01-29,8576.6591796875,Naik,0.4526423951985148,Turun (HOLD),0.53014815,Turun (HOLD)
2024-01-30,8666.4658203125,Turun,0.4438978507045638,Turun (HOLD),0.5096187,Turun (HOLD)
2024-01-31,8576.6591796875,Naik,0.45135881360303715,Turun (HOLD),0.5418976,Turun (HOLD)
2024-02-01,8711.3701171875,Naik,0.43486419922254843,Turun (HOLD),0.5111182,Turun (HOLD)
2024-02-02,8711.3701171875,Naik,0.4982889773515964,Turun (HOLD),0.5882687,Turun (HOLD)
2024-02-05,8599.109375,Naik,0.48660719704104965,Turun (HOLD),0.5898318,Turun (HOLD)
2024-02-06,8644.013671875,Naik,0.5205405142198102,Turun (HOLD),0.6030537,Turun (HOLD)
2024-02-07,8711.3701171875,Naik,0.5026107576501639,Turun (HOLD),0.5911751,Turun (HOLD)
2024-02-12,8801.177734375,Naik,0.5051621150068891,Turun (HOLD),0.57343894,Turun (HOLD)
2024-02-13,8733.8212890625,Naik,0.5164995850230956,Turun (HOLD),0.60098726,Turun (HOLD)
2024-02-15,8846.0830078125,Turun,0.5133141353854687,Turun (HOLD),0.5756792,Turun (HOLD)
2024-02-16,8935.890625,Turun,0.49714079496285674,Turun (HOLD),0.5515643,Turun (HOLD)
2024-02-19,8868.533203125,Turun,0.5089219763004017,Turun (HOLD),0.5953401,Turun (HOLD)
2024-02-20,9003.2470703125,Turun,0.4544844789318695,Turun (HOLD),0.5128816,Turun (HOLD)
2024-02-21,8958.341796875,Naik,0.4419444739330464,Turun (HOLD),0.5157865,Turun (HOLD)
2024-02-22,8868.533203125,Turun,0.4633622555022283,Turun (HOLD),0.55963206,Turun (HOLD)
2024-02-23,8823.6298828125,Naik,0.5226288791591246,Turun (HOLD),0.6156971,Turun (HOLD)
2024-02-26,8801.177734375,Naik,0.5082912066357427,Turun (HOLD),0.61101145,Turun (HOLD)
2024-02-27,8868.533203125,Turun,0.4787534858235326,Turun (HOLD),0.56493944,Turun (HOLD)
2024-02-28,8980.7939453125,Turun,0.47282295861931833,Turun (HOLD),0.53703,Turun (HOLD)
2024-02-29,8868.533203125,Naik,0.4608112380930758,Turun (HOLD),0.5516837,Turun (HOLD)
2024-03-01,8823.6298828125,Naik,0.46538188366069955,Turun (HOLD),0.5629005,Turun (HOLD)
2024-03-04,8756.2734375,Naik,0.4721545393175974,Turun (HOLD),0.57143766,Turun (HOLD)
2024-03-05,8801.177734375,Naik,0.4702712357016277,Turun (HOLD),0.5521065,Turun (HOLD)
2024-03-06,8935.890625,Naik,0.4444542508765666,Turun (HOLD),0.51255155,Turun (HOLD)
2024-03-07,9093.0537109375,Turun,0.48263266951921313,Turun (HOLD),0.5317297,Turun (HOLD)
2024-03-08,9115.505859375,Turun,0.48903856330279866,Turun (HOLD),0.5523931,Turun (HOLD)
2024-03-13,8980.7939453125,Naik,0.5213531967035392,Turun (HOLD),0.60133755,Turun (HOLD)
2024-03-14,9272.6689453125,Turun,0.5017686932011096,Turun (HOLD),0.5629893,Turun (HOLD)
2024-03-15,9115.505859375,Turun,0.49887684523668685,Turun (HOLD),0.5855404,Turun (HOLD)
2024-03-18,9115.505859375,Naik,0.48734689833556816,Turun (HOLD),0.5812611,Turun (HOLD)
2024-03-19,9137.9580078125,Naik,0.4524316788084968,Turun (HOLD),0.5250511,Turun (HOLD)
2024-03-20,9093.0537109375,Naik,0.4713799658901092,Turun (HOLD),0.535817,Turun (HOLD)
2024-03-21,9093.0537109375,Naik,0.45401763447622395,Turun (HOLD),0.53116083,Turun (HOLD)
2024-03-22,9070.6015625,Turun,0.45562437923974386,Turun (HOLD),0.5317929,Turun (HOLD)
2024-03-25,9256.6533203125,Turun,0.4435060007444658,Turun (HOLD),0.4953828,Turun (HOLD)
2024-03-26,9233.68359375,Turun,0.4470738978525239,Turun (HOLD),0.52376705,Turun (HOLD)
2024-03-27,9256.6533203125,Turun,0.4332512812336141,Turun (HOLD),0.49844357,Turun (HOLD)
2024-03-28,9256.6533203125,Turun,0.4537366916201251,Turun (HOLD),0.521591,Turun (HOLD)
2024-04-01,9049.9296875,Turun,0.4869110149487814,Turun (HOLD),0.5792163,Turun (HOLD)
2024-04-02,9095.8681640625,Turun,0.47968392038386787,Turun (HOLD),0.56348544,Turun (HOLD)
2024-04-03,8751.328125,Turun,0.5176949693771296,Turun (HOLD),0.5691771,Turun (HOLD)
2024-04-04,9049.9296875,Turun,0.44772124202186225,Turun (HOLD),0.52263665,Turun (HOLD)
2024-04-05,9026.9599609375,Naik,0.47237638177862995,Turun (HOLD),0.54909015,Turun (HOLD)
2024-04-16,8705.388671875,Naik,0.5096958676889862,Turun (HOLD),0.56139463,Turun (HOLD)
2024-04-17,8751.328125,Naik,0.4506849245510025,Turun (HOLD),0.52701133,Turun (HOLD)
2024-04-18,8705.388671875,Naik,0.49158868148485263,Turun (HOLD),0.56527096,Turun (HOLD)
2024-04-19,8705.388671875,Naik,0.4541552315496066,Turun (HOLD),0.5304794,Turun (HOLD)
2024-04-22,8590.5419921875,Naik,0.4837532466155837,Turun (HOLD),0.53640455,Turun (HOLD)
2024-04-23,8935.0830078125,Turun,0.43817640703884947,Turun (HOLD),0.48652175,Turun (HOLD)
2024-04-24,9141.806640625,Turun,0.5264484858181842,Turun (HOLD),0.58054894,Turun (HOLD)
2024-04-25,8981.021484375,Naik,0.48697599120803364,Turun (HOLD),0.54677695,Turun (HOLD)
2024-04-26,8843.2041015625,Naik,0.48113994526163656,Turun (HOLD),0.5631468,Turun (HOLD)
2024-04-29,9003.990234375,Turun,0.474598214921933,Turun (HOLD),0.57487607,Turun (HOLD)
2024-04-30,9003.990234375,Turun,0.4468348707470728,Turun (HOLD),0.54683304,Turun (HOLD)
2024-05-02,8774.296875,Turun,0.5095280863408734,Turun (HOLD),0.58043534,Turun (HOLD)
2024-05-03,9049.9296875,Turun,0.5093986648025359,Turun (HOLD),0.5881631,Turun (HOLD)
2024-05-06,9003.990234375,Turun,0.5035876547715491,Turun (HOLD),0.58441794,Turun (HOLD)
2024-05-07,8912.1142578125,Turun,0.5073316135265856,Turun (HOLD),0.57390815,Turun (HOLD)
2024-05-08,8613.51171875,Naik,0.565480941964562,Turun (HOLD),0.6112535,Turun (HOLD)
2024-05-13,8751.328125,Turun,0.5525388552529361,Turun (HOLD),0.6021074,Turun (HOLD)
2024-05-14,8774.296875,Turun,0.5383107030461143,Turun (HOLD),0.5290082,Turun (HOLD)
2024-05-15,8728.3583984375,Turun,0.5607191548892346,Turun (HOLD),0.5598947,Turun (HOLD)
2024-05-16,8820.2353515625,Turun,0.3224351192005141,Turun (HOLD),0.49037397,Turun (HOLD)
2024-05-17,8958.0517578125,Turun,0.3098952554054695,Turun (HOLD),0.49940863,Turun (HOLD)
2024-05-20,8705.388671875,Turun,0.6344583544620026,Turun (HOLD),0.6154757,Turun (HOLD)
2024-05-21,8613.51171875,Turun,0.6854943733141018,Naik (BUY),0.63262993,Turun (HOLD)
2024-05-22,8659.451171875,Turun,0.6125371786272151,Turun (HOLD),0.61393195,Turun (HOLD)
2024-05-27,8544.6044921875,Turun,0.690621384398089,Naik (BUY),0.6184724,Turun (HOLD)
2024-05-28,8544.6044921875,Naik,0.6378159604535528,Turun (HOLD),0.5878735,Turun (HOLD)
2024-05-29,8406.787109375,Naik,0.6996271206745959,Naik (BUY),0.6121503,Turun (HOLD)
2024-05-30,8268.9716796875,Naik,0.7070242940427868,Naik (BUY),0.6200583,Turun (HOLD)
2024-05-31,8498.6650390625,Turun,0.4267997429830568,Turun (HOLD),0.49884823,Turun (HOLD)
2024-06-03,8521.6337890625,Naik,0.4399063237913383,Turun (HOLD),0.48685804,Turun (HOLD)
2024-06-04,8590.5419921875,Turun,0.3872139125118057,Turun (HOLD),0.45370078,Turun (HOLD)
2024-06-05,8682.4208984375,Turun,0.3250669750491068,Turun (HOLD),0.44350612,Turun (HOLD)
2024-06-06,8705.388671875,Turun,0.35495590905808705,Turun (HOLD),0.45007706,Turun (HOLD)
2024-06-07,8567.572265625,Turun,0.6026833233924351,Turun (HOLD),0.56677055,Turun (HOLD)
2024-06-10,8751.328125,Turun,0.3085708382887934,Turun (HOLD),0.44692743,Turun (HOLD)
2024-06-11,8544.6044921875,Naik,0.6557393016490772,Naik (BUY),0.60261446,Turun (HOLD)
2024-06-12,8498.6650390625,Naik,0.6700968567185881,Naik (BUY),0.61771685,Turun (HOLD)
2024-06-13,8452.7265625,Naik,0.6823560044312975,Naik (BUY),0.62766075,Turun (HOLD)
2024-06-14,8452.7265625,Naik,0.6587481819293013,Naik (BUY),0.5995327,Turun (HOLD)
2024-06-19,8314.9091796875,Naik,0.6934415494075151,Naik (BUY),0.6151094,Turun (HOLD)
2024-06-20,8659.451171875,Naik,0.3239694139222925,Turun (HOLD),0.44746935,Turun (HOLD)
2024-06-21,8820.2353515625,Naik,0.3328473479735911,Turun (HOLD),0.43607312,Turun (HOLD)
2024-06-24,8820.2353515625,Naik,0.3747431753121254,Turun (HOLD),0.4535307,Turun (HOLD)
2024-06-25,8820.2353515625,Naik,0.3571361724768705,Turun (HOLD),0.45162416,Turun (HOLD)
2024-06-26,8728.3583984375,Naik,0.5243470582847368,Turun (HOLD),0.5284404,Turun (HOLD)
2024-06-27,8958.0517578125,Naik,0.3427714063054473,Turun (HOLD),0.48918444,Turun (HOLD)
2024-06-28,9118.837890625,Naik,0.3553968650753385,Turun (HOLD),0.5525535,Turun (HOLD)
2024-07-01,9072.8994140625,Naik,0.41328790926963205,Turun (HOLD),0.55430454,Turun (HOLD)
2024-07-02,9095.8681640625,Naik,0.40305097456012806,Turun (HOLD),0.54278404,Turun (HOLD)
2024-07-03,9187.74609375,Naik,0.36386803305408855,Turun (HOLD),0.5273919,Turun (HOLD)
2024-07-04,9026.9599609375,Naik,0.5995060492314082,Turun (HOLD),0.63185406,Turun (HOLD)
2024-07-05,9141.806640625,Naik,0.40111461564780804,Turun (HOLD),0.57059777,Turun (HOLD)
2024-07-08,9233.68359375,Turun,0.3391113026887098,Turun (HOLD),0.52099663,Turun (HOLD)
2024-07-09,9256.6533203125,Turun,0.36124932644009844,Turun (HOLD),0.52919084,Turun (HOLD)
2024-07-10,9279.6240234375,Turun,0.34707980614726336,Turun (HOLD),0.52674043,Turun (HOLD)
2024-07-11,9256.6533203125,Naik,0.4190655462752831,Turun (HOLD),0.56245154,Turun (HOLD)
2024-07-12,9256.6533203125,Naik,0.46963065443738683,Turun (HOLD),0.5681448,Turun (HOLD)
2024-07-15,9233.68359375,Naik,0.49237752728427764,Turun (HOLD),0.58318007,Turun (HOLD)
2024-07-16,9141.806640625,Naik,0.5928725856660936,Turun (HOLD),0.64453775,Turun (HOLD)
2024-07-17,9003.990234375,Naik,0.5933226549063496,Turun (HOLD),0.6364477,Turun (HOLD)
2024-07-18,9279.6240234375,Naik,0.302666231051016,Turun (HOLD),0.5033691,Turun (HOLD)
2024-07-19,9302.5927734375,Naik,0.35012573689854276,Turun (HOLD),0.47816974,Turun (HOLD)
2024-07-22,9279.6240234375,Naik,0.3600252791610292,Turun (HOLD),0.48718247,Turun (HOLD)
2024-07-23,9348.53125,Naik,0.30625815393594696,Turun (HOLD),0.46332693,Turun (HOLD)
2024-07-24,9256.6533203125,Naik,0.5230209245953309,Turun (HOLD),0.57897323,Turun (HOLD)
2024-07-25,9463.376953125,Turun,0.29767217080143116,Turun (HOLD),0.4206589,Turun (HOLD)
2024-07-26,9486.34765625,Turun,0.33688973241517217,Turun (HOLD),0.4303477,Turun (HOLD)
2024-07-29,9417.439453125,Turun,0.3983642062522151,Turun (HOLD),0.47472602,Turun (HOLD)
2024-07-30,9348.53125,Turun,0.48399143838093583,Turun (HOLD),0.54973173,Turun (HOLD)
2024-07-31,9440.408203125,Turun,0.3634571078575449,Turun (HOLD),0.4611619,Turun (HOLD)
2024-08-01,9532.2861328125,Turun,0.29242081781226154,Turun (HOLD),0.42273065,Turun (HOLD)
2024-08-02,9371.5009765625,Naik,0.49610975446333827,Turun (HOLD),0.559908,Turun (HOLD)
2024-08-05,9072.8994140625,Naik,0.6450659800410533,Turun (HOLD),0.65514994,Naik (BUY)
2024-08-06,9187.74609375,Naik,0.5248305102963906,Turun (HOLD),0.63315994,Turun (HOLD)
2024-08-07,9279.6240234375,Naik,0.45917662711784457,Turun (HOLD),0.5868057,Turun (HOLD)
2024-08-08,9394.470703125,Naik,0.31002017984712005,Turun (HOLD),0.5079911,Turun (HOLD)
2024-08-09,9325.5625,Naik,0.3753049083280149,Turun (HOLD),0.54256463,Turun (HOLD)
2024-08-12,9371.5009765625,Naik,0.3973604464770212,Turun (HOLD),0.54482746,Turun (HOLD)
2024-08-13,9463.376953125,Naik,0.31907827698263896,Turun (HOLD),0.49315432,Turun (HOLD)
2024-08-14,9371.5009765625,Naik,0.5114226767663476,Turun (HOLD),0.56577295,Turun (HOLD)
2024-08-15,9394.470703125,Naik,0.4411965961319055,Turun (HOLD),0.5525961,Turun (HOLD)
2024-08-16,9486.34765625,Naik,0.33791956211453356,Turun (HOLD),0.4930303,Turun (HOLD)
2024-08-19,9532.2861328125,Turun,0.3478237501160373,Turun (HOLD),0.48531625,Turun (HOLD)
2024-08-20,9578.2255859375,Turun,0.3380664042498886,Turun (HOLD),0.45947593,Turun (HOLD)
2024-08-21,9578.2255859375,Turun,0.3814109432032752,Turun (HOLD),0.4966438,Turun (HOLD)
2024-08-22,9486.34765625,Turun,0.49164850716491953,Turun (HOLD),0.5566204,Turun (HOLD)
2024-08-23,9486.34765625,Naik,0.47265975509795594,Turun (HOLD),0.545571,Turun (HOLD)
2024-08-26,9486.34765625,Turun,0.48272403362113886,Turun (HOLD),0.5559178,Turun (HOLD)
2024-08-27,9371.5009765625,Turun,0.5966300334225346,Turun (HOLD),0.6269113,Turun (HOLD)
2024-08-28,9509.31640625,Turun,0.3683581052274347,Turun (HOLD),0.49613565,Turun (HOLD)
2024-08-29,9394.470703125,Turun,0.5236845567707216,Turun (HOLD),0.57551384,Turun (HOLD)
2024-08-30,9486.34765625,Turun,0.3671354867052891,Turun (HOLD),0.52385587,Turun (HOLD)
2024-09-02,9440.408203125,Turun,0.48703279318251125,Turun (HOLD),0.53304356,Turun (HOLD)
2024-09-03,9348.53125,Naik,0.5971745935330012,Turun (HOLD),0.6119227,Turun (HOLD)
2024-09-04,9463.376953125,Naik,0.3665138505909308,Turun (HOLD),0.49685854,Turun (HOLD)
2024-09-05,9417.439453125,Naik,0.4960687962737344,Turun (HOLD),0.55793995,Turun (HOLD)
2024-09-06,9463.376953125,Naik,0.4057257161418906,Turun (HOLD),0.5358839,Turun (HOLD)
2024-09-09,9440.408203125,Naik,0.4530255613800118,Turun (HOLD),0.5610834,Turun (HOLD)
2024-09-10,9509.31640625,Naik,0.3591278058248637,Turun (HOLD),0.52833354,Turun (HOLD)
2024-09-11,9578.2255859375,Naik,0.3248401896517165,Turun (HOLD),0.47795984,Turun (HOLD)
2024-09-12,9624.1640625,Naik,0.34755976397509186,Turun (HOLD),0.48017648,Turun (HOLD)
2024-09-13,9578.2255859375,Naik,0.3957232030009487,Turun (HOLD),0.49693555,Turun (HOLD)
2024-09-17,9647.1328125,Naik,0.36202916494718473,Turun (HOLD),0.5006428,Turun (HOLD)
2024-09-18,9761.9794921875,Naik,0.3463798179921257,Turun (HOLD),0.5078536,Turun (HOLD)
2024-09-19,10014.6435546875,Turun,0.3277273078770546,Turun (HOLD),0.46311185,Turun (HOLD)
2024-09-20,9899.7958984375,Turun,0.3858579441367109,Turun (HOLD),0.52296007,Turun (HOLD)
2024-09-23,10060.58203125,Turun,0.3281001367814517,Turun (HOLD),0.45632556,Turun (HOLD)
2024-09-24,9922.765625,Turun,0.47181058189242064,Turun (HOLD),0.5469292,Turun (HOLD)
2024-09-25,9968.7041015625,Turun,0.45507897578935463,Turun (HOLD),0.54026705,Turun (HOLD)
2024-09-26,9830.888671875,Turun,0.5276157050449085,Turun (HOLD),0.5874946,Turun (HOLD)
2024-09-27,9784.94921875,Naik,0.548692646635905,Turun (HOLD),0.5925423,Turun (HOLD)
2024-09-30,9486.34765625,Turun,0.6228160103240714,Turun (HOLD),0.63910776,Turun (HOLD)
2024-10-01,9693.072265625,Naik,0.4293786218036063,Turun (HOLD),0.5262868,Turun (HOLD)
2024-10-02,9647.1328125,Turun,0.482111001807239,Turun (HOLD),0.51843125,Turun (HOLD)
2024-10-03,9601.1943359375,Naik,0.47912920676395326,Turun (HOLD),0.51713556,Turun (HOLD)
2024-10-04,9624.1640625,Naik,0.46718863995461024,Turun (HOLD),0.51276535,Turun (HOLD)
2024-10-07,9463.376953125,Naik,0.6212536978142132,Turun (HOLD),0.6069348,Turun (HOLD)
2024-10-08,9555.255859375,Naik,0.4748732608474686,Turun (HOLD),0.5262246,Turun (HOLD)
2024-10-09,9578.2255859375,Naik,0.474950569653854,Turun (HOLD),0.49452722,Turun (HOLD)
2024-10-10,9647.1328125,Naik,0.3601155740280734,Turun (HOLD),0.44978786,Turun (HOLD)
2024-10-11,9532.2861328125,Naik,0.5757085088934799,Turun (HOLD),0.5495022,Turun (HOLD)
2024-10-14,9647.1328125,Naik,0.36023936849364285,Turun (HOLD),0.51875013,Turun (HOLD)
2024-10-15,9761.9794921875,Turun,0.3247934273297997,Turun (HOLD),0.48436797,Turun (HOLD)
2024-10-16,9624.1640625,Naik,0.5046062609448223,Turun (HOLD),0.5374498,Turun (HOLD)
2024-10-17,9853.857421875,Turun,0.32440350763441345,Turun (HOLD),0.48669276,Turun (HOLD)
2024-10-18,9876.826171875,Turun,0.35207017048116696,Turun (HOLD),0.49440265,Turun (HOLD)
2024-10-21,9807.9189453125,Naik,0.41625218625848776,Turun (HOLD),0.5245894,Turun (HOLD)
2024-10-22,9647.1328125,Naik,0.539645815259912,Turun (HOLD),0.57246584,Turun (HOLD)
2024-10-23,9784.94921875,Turun,0.42493468640133997,Turun (HOLD),0.5093326,Turun (HOLD)
2024-10-24,9830.888671875,Turun,0.39883300623306295,Turun (HOLD),0.48577395,Turun (HOLD)
2024-10-25,9876.826171875,Turun,0.3619414265628057,Turun (HOLD),0.45757124,Turun (HOLD)
2024-10-28,9739.009765625,Turun,0.5336542616208416,Turun (HOLD),0.5346972,Turun (HOLD)
2024-10-29,9647.1328125,Naik,0.5978823587844968,Turun (HOLD),0.58433753,Turun (HOLD)
2024-10-30,9509.31640625,Naik,0.6342599279590421,Turun (HOLD),0.6005413,Turun (HOLD)
2024-10-31,9417.439453125,Turun,0.6501122131964706,Naik (BUY),0.600382,Turun (HOLD)
2024-11-01,9578.2255859375,Turun,0.443489141220961,Turun (HOLD),0.5231031,Turun (HOLD)
2024-11-04,9532.2861328125,Turun,0.5698281091262225,Turun (HOLD),0.57214916,Turun (HOLD)
2024-11-05,9647.1328125,Turun,0.33880150512917767,Turun (HOLD),0.46469328,Turun (HOLD)
2024-11-06,9601.1943359375,Turun,0.4170092839955318,Turun (HOLD),0.537685,Turun (HOLD)
2024-11-07,9348.53125,Turun,0.6528516322437333,Naik (BUY),0.60934424,Turun (HOLD)
2024-11-08,9256.6533203125,Naik,0.6789042497615452,Naik (BUY),0.6249352,Turun (HOLD)
2024-11-11,9233.68359375,Turun,0.6673764619656704,Naik (BUY),0.62378037,Turun (HOLD)
2024-11-12,9325.5625,Turun,0.5092752630181379,Turun (HOLD),0.5579288,Turun (HOLD)
2024-11-13,9325.5625,Turun,0.5093559906064683,Turun (HOLD),0.5339717,Turun (HOLD)
2024-11-14,9279.6240234375,Turun,0.5991222045816078,Turun (HOLD),0.57445365,Turun (HOLD)
2024-11-15,9348.53125,Turun,0.44447880812913565,Turun (HOLD),0.5060139,Turun (HOLD)
2024-11-18,9187.74609375,Naik,0.660366119238195,Naik (BUY),0.60097235,Turun (HOLD)
2024-11-19,9118.837890625,Naik,0.6886080649928095,Naik (BUY),0.618179,Turun (HOLD)
2024-11-20,9256.6533203125,Naik,0.4541816717275377,Turun (HOLD),0.5281455,Turun (HOLD)
2024-11-21,9095.06640625,Naik,0.672660418421156,Naik (BUY),0.61088896,Turun (HOLD)
2024-11-22,9095.06640625,Turun,0.5964678081801565,Turun (HOLD),0.5918716,Turun (HOLD)
2024-11-25,9395.1572265625,Turun,0.3166940916299852,Turun (HOLD),0.45270813,Turun (HOLD)
2024-11-26,9233.5703125,Naik,0.5319615934461646,Turun (HOLD),0.54696333,Turun (HOLD)
2024-11-28,9233.5703125,Naik,0.490632953533459,Turun (HOLD),0.5378715,Turun (HOLD)
2024-11-29,9233.5703125,Naik,0.556593034265418,Turun (HOLD),0.5765757,Turun (HOLD)
2024-12-02,9002.73046875,Naik,0.6672208679114782,Naik (BUY),0.6132312,Turun (HOLD)
2024-12-03,9418.2421875,Naik,0.33960235278139145,Turun (HOLD),0.4803266,Turun (HOLD)
2024-12-04,9418.2421875,Naik,0.3623195423023915,Turun (HOLD),0.46150264,Turun (HOLD)
2024-12-05,9464.4091796875,Naik,0.355606422594843,Turun (HOLD),0.46070653,Turun (HOLD)
2024-12-06,9302.8212890625,Naik,0.49309889702392684,Turun (HOLD),0.5412331,Turun (HOLD)
2024-12-09,9556.7451171875,Turun,0.3266632844535527,Turun (HOLD),0.47356713,Turun (HOLD)
2024-12-10,9556.7451171875,Turun,0.36458430887303317,Turun (HOLD),0.48027286,Turun (HOLD)
2024-12-11,9625.9970703125,Turun,0.3423321534289985,Turun (HOLD),0.48880833,Turun (HOLD)
2024-12-12,9395.1572265625,Turun,0.5640904804989294,Turun (HOLD),0.5652972,Turun (HOLD)
2024-12-13,9279.7373046875,Turun,0.658813550438243,Naik (BUY),0.5975037,Turun (HOLD)
2024-12-16,9325.90625,Turun,0.5743406276042626,Turun (HOLD),0.5711217,Turun (HOLD)
2024-12-17,9141.234375,Turun,0.6505729000541625,Naik (BUY),0.6105607,Turun (HOLD)
2024-12-18,9048.8984375,Naik,0.6823242412157535,Naik (BUY),0.6278033,Turun (HOLD)
2024-12-19,8933.4794921875,Naik,0.6928109624593294,Naik (BUY),0.62803584,Turun (HOLD)
2024-12-20,8910.3955078125,Naik,0.6786736516939393,Naik (BUY),0.6315001,Turun (HOLD)
2024-12-23,9025.814453125,Naik,0.47419919366399405,Turun (HOLD),0.5466624,Turun (HOLD)
2024-12-24,9002.73046875,Turun,0.5523284083965322,Turun (HOLD),0.5649698,Turun (HOLD)
2024-12-27,9048.8984375,Turun,0.4851002333835733,Turun (HOLD),0.5382626,Turun (HOLD)
2024-12-30,8933.4794921875,Naik,0.6345492073267287,Turun (HOLD),0.6027151,Turun (HOLD)
2025-01-02,9141.234375,Turun,0.35899164904635017,Turun (HOLD),0.46079004,Turun (HOLD)
2025-01-03,9095.06640625,Turun,0.49822258713445317,Turun (HOLD),0.5523486,Turun (HOLD)
2025-01-06,8933.4794921875,Naik,0.6541505077880506,Naik (BUY),0.63412243,Turun (HOLD)
2025-01-07,8794.9755859375,Turun,0.6774854739242862,Naik (BUY),0.63447964,Turun (HOLD)
2025-01-08,8933.4794921875,Naik,0.5189419542917066,Turun (HOLD),0.5816341,Turun (HOLD)
2025-01-09,9095.06640625,Turun,0.3246198196417431,Turun (HOLD),0.4952287,Turun (HOLD)
2025-01-10,8979.6474609375,Naik,0.5350115004478793,Turun (HOLD),0.5634477,Turun (HOLD)
2025-01-13,8933.4794921875,Naik,0.593237306511198,Turun (HOLD),0.57852215,Turun (HOLD)
2025-01-14,8794.9755859375,Naik,0.6697633341487961,Naik (BUY),0.61901486,Turun (HOLD)
2025-01-15,9048.8984375,Turun,0.3300576307259483,Turun (HOLD),0.4760019,Turun (HOLD)
2025-01-16,9002.73046875,Turun,0.5023610044711514,Turun (HOLD),0.53673583,Turun (HOLD)
2025-01-17,9141.234375,Turun,0.3620831535982172,Turun (HOLD),0.46733603,Turun (HOLD)
2025-01-20,8887.310546875,Turun,0.6433161290880668,Turun (HOLD),0.6194703,Turun (HOLD)
2025-01-21,8841.1435546875,Turun,0.675754573627918,Naik (BUY),0.6427136,Turun (HOLD)
2025-01-22,8864.2265625,Turun,0.6297668726382452,Turun (HOLD),0.615329,Turun (HOLD)
2025-01-23,8864.2265625,Turun,0.5949724202625105,Turun (HOLD),0.6095878,Turun (HOLD)
2025-01-24,8633.3876953125,Turun,0.6612212171976317,Naik (BUY),0.6288225,Turun (HOLD)
2025-01-30,8448.716796875,Turun,0.6742000820131179,Naik (BUY),0.63169235,Turun (HOLD)
2025-01-31,8725.724609375,Turun,0.46649030934762215,Turun (HOLD),0.55455494,Turun (HOLD)
2025-02-03,8633.3876953125,Turun,0.6108638673485365,Turun (HOLD),0.5957784,Turun (HOLD)
2025-02-04,8471.80078125,Turun,0.6558150540359063,Naik (BUY),0.61455524,Turun (HOLD)
2025-02-05,8425.6328125,Naik,0.6703678943719211,Naik (BUY),0.61809576,Turun (HOLD)
2025-02-06,8264.0458984375,Naik,0.6908328419027062,Naik (BUY),0.6206037,Turun (HOLD)
2025-02-07,8633.3876953125,Turun,0.4163796928126287,Turun (HOLD),0.51955825,Turun (HOLD)
2025-02-10,8448.716796875,Naik,0.5913995448433661,Turun (HOLD),0.5943153,Turun (HOLD)
2025-02-11,8379.46484375,Naik,0.615345534829696,Turun (HOLD),0.597477,Turun (HOLD)
2025-02-12,8448.716796875,Turun,0.5173420749823819,Turun (HOLD),0.55540067,Turun (HOLD)
2025-02-13,8310.2138671875,Naik,0.6649195459196345,Naik (BUY),0.62058264,Turun (HOLD)
2025-02-14,8287.1298828125,Naik,0.6553079023050995,Naik (BUY),0.6306823,Turun (HOLD)
2025-02-17,8610.3037109375,Turun,0.37646633361207793,Turun (HOLD),0.54379123,Turun (HOLD)
2025-02-18,8587.220703125,Turun,0.4258627147480478,Turun (HOLD),0.5431606,Turun (HOLD)
2025-02-19,8264.0458984375,Turun,0.6343769740289904,Turun (HOLD),0.6253028,Turun (HOLD)
2025-02-20,8310.2138671875,Turun,0.5903080707290397,Turun (HOLD),0.6035918,Turun (HOLD)
2025-02-21,8310.2138671875,Turun,0.6349910938124121,Turun (HOLD),0.60521966,Turun (HOLD)
2025-02-24,8240.9609375,Turun,0.6486106518018458,Turun (HOLD),0.61286855,Turun (HOLD)
2025-02-25,8148.62548828125,Naik,0.6696258699756513,Naik (BUY),0.6195445,Turun (HOLD)
2025-02-26,8102.45703125,Naik,0.6652467973635742,Naik (BUY),0.62629193,Turun (HOLD)
2025-02-27,7871.6181640625,Naik,0.6798385623656541,Naik (BUY),0.62464815,Turun (HOLD)
2025-02-28,7779.283203125,Naik,0.6833020437077209,Naik (BUY),0.61312014,Turun (HOLD)
2025-03-03,8125.54150390625,Naik,0.48065323043041014,Turun (HOLD),0.5233007,Turun (HOLD)
2025-03-04,8171.70947265625,Naik,0.48006883778233045,Turun (HOLD),0.52520216,Turun (HOLD)
2025-03-05,8310.2138671875,Turun,0.4007028553075045,Turun (HOLD),0.49883103,Turun (HOLD)
2025-03-06,8287.1298828125,Turun,0.46974681204192564,Turun (HOLD),0.5501637,Turun (HOLD)
2025-03-07,8240.9609375,Naik,0.5665531609474886,Turun (HOLD),0.59405476,Turun (HOLD)
2025-03-10,8240.9609375,Turun,0.5846316355286156,Turun (HOLD),0.60189104,Turun (HOLD)
2025-03-11,8240.9609375,Turun,0.5888211014336575,Turun (HOLD),0.60520035,Turun (HOLD)
2025-03-12,8425.6328125,Turun,0.3808194539916644,Turun (HOLD),0.50135154,Turun (HOLD)
2025-03-13,8287.1298828125,Turun,0.5455186131766434,Turun (HOLD),0.55906755,Turun (HOLD)
2025-03-14,8079.375,Turun,0.6397186924597884,Turun (HOLD),0.62514573,Turun (HOLD)
2025-03-17,7940.87060546875,Turun,0.6477283530824959,Turun (HOLD),0.6199265,Turun (HOLD)
2025-03-18,7663.86328125,Turun,0.6938165297094467,Naik (BUY),0.62315184,Turun (HOLD)
2025-03-19,7686.947265625,Naik,0.6656488702772918,Naik (BUY),0.6089864,Turun (HOLD)
2025-03-20,7733.11474609375,Naik,0.6113248160537961,Turun (HOLD),0.5963407,Turun (HOLD)
2025-03-21,7518.966796875,Turun,0.7072403180395103,Naik (BUY),0.62020594,Turun (HOLD)
2025-03-24,7566.5556640625,Turun,0.6291699383455998,Turun (HOLD),0.58834386,Turun (HOLD)
2025-03-25,7661.732421875,Turun,0.5274954924239508,Turun (HOLD),0.5424386,Turun (HOLD)
2025-03-26,8113.82177734375,Turun,0.43930153227447,Turun (HOLD),0.5032639,Turun (HOLD)
2025-03-27,8090.02734375,Naik,0.47894369406072296,Turun (HOLD),0.5068437,Turun (HOLD)
2025-04-08,7399.99560546875,Naik,0.6635138045579452,Naik (BUY),0.5986304,Turun (HOLD)
2025-04-09,7542.76123046875,Turun,0.5921116952116445,Turun (HOLD),0.575525,Turun (HOLD)
2025-04-10,7828.29150390625,Naik,0.4841755158863056,Turun (HOLD),0.52705145,Turun (HOLD)
2025-04-11,7875.8798828125,Naik,0.46440918506302215,Turun (HOLD),0.50638396,Turun (HOLD)
2025-04-14,7994.85107421875,Turun,0.42216421194137316,Turun (HOLD),0.49939626,Turun (HOLD)
2025-04-15,8161.41064453125,Naik,0.409860962871062,Turun (HOLD),0.5417379,Turun (HOLD)
2025-04-16,8066.2333984375,Naik,0.4592898026564031,Turun (HOLD),0.5499786,Turun (HOLD)
2025-04-17,8090.02734375,Naik,0.5051888359761468,Turun (HOLD),0.55700827,Turun (HOLD)
2025-04-21,7899.673828125,Naik,0.6088160266084635,Turun (HOLD),0.60575944,Turun (HOLD)
2025-04-22,8090.02734375,Naik,0.4686715855654669,Turun (HOLD),0.53649896,Turun (HOLD)
2025-04-23,8304.17578125,Turun,0.44674797154497187,Turun (HOLD),0.5103597,Turun (HOLD)
2025-04-24,8066.2333984375,Naik,0.5817130326890948,Turun (HOLD),0.57042193,Turun (HOLD)
2025-04-25,8185.20458984375,Naik,0.4468270821777508,Turun (HOLD),0.52295613,Turun (HOLD)
2025-04-28,8351.763671875,Naik,0.4642158547659153,Turun (HOLD),0.53853047,Turun (HOLD)
2025-04-29,8304.17578125,Naik,0.4783760207754561,Turun (HOLD),0.5495892,Turun (HOLD)
2025-04-30,8399.3525390625,Turun,0.45286497643907025,Turun (HOLD),0.5775621,Turun (HOLD)
2025-05-02,8542.1171875,Naik,0.4370956290827219,Turun (HOLD),0.5775138,Turun (HOLD)
2025-05-05,8542.1171875,Naik,0.4756529673771781,Turun (HOLD),0.58380306,Turun (HOLD)
2025-05-06,8589.7060546875,Naik,0.4445902405945938,Turun (HOLD),0.5719357,Turun (HOLD)
2025-05-07,8637.294921875,Naik,0.4410005105252949,Turun (HOLD),0.5620552,Turun (HOLD)
2025-05-08,8542.1171875,Naik,0.5832921245903802,Turun (HOLD),0.6185397,Turun (HOLD)
2025-05-09,8565.912109375,Naik,0.576158075747339,Turun (HOLD),0.6145705,Turun (HOLD)
2025-05-14,8827.6484375,Naik,0.43088236974330923,Turun (HOLD),0.50545293,Turun (HOLD)
2025-05-15,8827.6484375,Naik,0.4669626386938369,Turun (HOLD),0.51199704,Turun (HOLD)
2025-05-16,8851.44140625,Naik,0.44781459539068863,Turun (HOLD),0.5111311,Turun (HOLD)
2025-05-19,9041.794921875,Naik,0.38103961694536254,Turun (HOLD),0.48783207,Turun (HOLD)
2025-05-20,9018.001953125,Turun,0.4090228853738524,Turun (HOLD),0.5158377,Turun (HOLD)
2025-05-21,9232.1494140625,Turun,0.3905204504783624,Turun (HOLD),0.50255716,Turun (HOLD)
2025-05-22,9184.5615234375,Turun,0.4112375800479777,Turun (HOLD),0.50552213,Turun (HOLD)
2025-05-23,9208.35546875,Turun,0.4096705587865985,Turun (HOLD),0.50774765,Turun (HOLD)
2025-05-26,9160.7666015625,Turun,0.5080751649463785,Turun (HOLD),0.54864997,Turun (HOLD)
2025-05-27,8994.2080078125,Turun,0.572842631782885,Turun (HOLD),0.6071139,Turun (HOLD)
2025-05-28,8946.619140625,Naik,0.5941844775458794,Turun (HOLD),0.6234072,Turun (HOLD)
2025-06-02,8661.087890625,Turun,0.6258511173172026,Turun (HOLD),0.6467152,Turun (HOLD)
2025-06-03,8613.5009765625,Naik,0.6105781080210327,Turun (HOLD),0.6156808,Turun (HOLD)
2025-06-04,8542.1171875,Naik,0.6139409019188599,Turun (HOLD),0.61673456,Turun (HOLD)
2025-06-05,8494.529296875,Turun,0.6253693174391963,Turun (HOLD),0.6203641,Turun (HOLD)
2025-06-10,8661.087890625,Turun,0.4643638527555053,Turun (HOLD),0.5216895,Turun (HOLD)
2025-06-11,8613.5009765625,Turun,0.5428111478722306,Turun (HOLD),0.5686042,Turun (HOLD)
2025-06-12,8684.8828125,Turun,0.48367563698518007,Turun (HOLD),0.53333646,Turun (HOLD)
2025-06-13,8589.7060546875,Turun,0.579534605653582,Turun (HOLD),0.57770085,Turun (HOLD)
2025-06-16,8494.529296875,Turun,0.6159346224032798,Turun (HOLD),0.6152595,Turun (HOLD)
2025-06-17,8637.294921875,Turun,0.49755541050164404,Turun (HOLD),0.5462171,Turun (HOLD)
2025-06-18,8470.734375,Turun,0.5928671954348574,Turun (HOLD),0.6041597,Turun (HOLD)
2025-06-19,8351.763671875,Turun,0.5752923856160367,Turun (HOLD),0.5866928,Turun (HOLD)
2025-06-20,8280.380859375,Naik,0.6245958825030593,Turun (HOLD),0.58224267,Turun (HOLD)
2025-06-23,8208.9990234375,Turun,0.6415959317653078,Turun (HOLD),0.58514816,Turun (HOLD)
2025-06-24,8351.763671875,Turun,0.4688173704142134,Turun (HOLD),0.49381486,Turun (HOLD)
2025-06-25,8185.20458984375,Naik,0.5977701225536124,Turun (HOLD),0.57535625,Turun (HOLD)
2025-06-26,8232.79296875,Naik,0.5124767986324728,Turun (HOLD),0.5191246,Turun (HOLD)
2025-06-30,8256.5869140625,Turun,0.544690391197111,Turun (HOLD),0.54065007,Turun (HOLD)
2025-07-01,8280.380859375,Turun,0.5491352764410208,Turun (HOLD),0.54102445,Turun (HOLD)
2025-07-02,8256.5869140625,Turun,0.5763703946737017,Turun (HOLD),0.5530398,Turun (HOLD)
2025-07-03,8185.20458984375,Turun,0.6168346285112021,Turun (HOLD),0.5706866,Turun (HOLD)
2025-07-04,8232.79296875,Turun,0.520673641909937,Turun (HOLD),0.54167783,Turun (HOLD)
2025-07-07,8208.9990234375,Turun,0.5615224389212436,Turun (HOLD),0.5560905,Turun (HOLD)
2025-07-08,8090.02734375,Naik,0.6208775693431356,Turun (HOLD),0.5832768,Turun (HOLD)
2025-07-09,8090.02734375,Turun,0.5862640752550048,Turun (HOLD),0.55801255,Turun (HOLD)
2025-07-10,8185.20458984375,Turun,0.47676858220355556,Turun (HOLD),0.5016426,Turun (HOLD)
2025-07-11,8208.9990234375,Turun,0.513998905671197,Turun (HOLD),0.5119245,Turun (HOLD)
2025-07-14,8113.82177734375,Turun,0.6109018890771589,Turun (HOLD),0.5555728,Turun (HOLD)
2025-07-15,8137.6162109375,Turun,0.5467495277862489,Turun (HOLD),0.5479748,Turun (HOLD)
2025-07-16,8113.82177734375,Turun,0.5643897596266262,Turun (HOLD),0.5602899,Turun (HOLD)
2025-07-17,8113.82177734375,Turun,0.55162918526678,Turun (HOLD),0.53983915,Turun (HOLD)
2025-07-18,8018.6455078125,Turun,0.622499500798552,Turun (HOLD),0.5858839,Turun (HOLD)
2025-07-21,8042.43994140625,Naik,0.5481152192977233,Turun (HOLD),0.5455838,Turun (HOLD)
2025-07-22,7994.85107421875,Turun,0.6271401178936965,Turun (HOLD),0.5806263,Turun (HOLD)
2025-07-23,8018.6455078125,Turun,0.5527614226167422,Turun (HOLD),0.55470026,Turun (HOLD)
2025-07-24,8090.02734375,Turun,0.5010986002925799,Turun (HOLD),0.51999706,Turun (HOLD)
2025-07-25,8042.43994140625,Turun,0.5565141459310767,Turun (HOLD),0.55459064,Turun (HOLD)
2025-07-28,8090.02734375,Turun,0.49086587241911445,Turun (HOLD),0.50521094,Turun (HOLD)
2025-07-29,7994.85107421875,Turun,0.6199409694336465,Turun (HOLD),0.56306726,Turun (HOLD)
2025-07-30,7971.05712890625,Turun,0.6030178143951632,Turun (HOLD),0.5700856,Turun (HOLD)
2025-07-31,7875.8798828125,Turun,0.6748383894852449,Naik (BUY),0.5952699,Turun (HOLD)
2025-08-01,7899.673828125,Turun,0.650079341637185,Naik (BUY),0.5665942,Turun (HOLD)
2025-08-04,7875.8798828125,Naik,0.6550563451159223,Naik (BUY),0.56929857,Turun (HOLD)
2025-08-05,8018.6455078125,Naik,0.4965215090141858,Turun (HOLD),0.5081862,Turun (HOLD)
2025-08-06,7899.673828125,Naik,0.6131654934095621,Turun (HOLD),0.5544109,Turun (HOLD)
2025-08-07,7899.673828125,Naik,0.5644507787192993,Turun (HOLD),0.5615989,Turun (HOLD)
2025-08-08,7899.673828125,Naik,0.5783873420174981,Turun (HOLD),0.5684268,Turun (HOLD)
2025-08-11,8137.6162109375,Turun,0.47228878594450396,Turun (HOLD),0.5131713,Turun (HOLD)
2025-08-12,8423.1474609375,Turun,0.4946730688444708,Turun (HOLD),0.52692807,Turun (HOLD)
2025-08-13,8494.529296875,Turun,0.5211338477234992,Turun (HOLD),0.560508,Turun (HOLD)
2025-08-14,8351.763671875,Turun,0.5291967916483242,Turun (HOLD),0.5294936,Turun (HOLD)
2025-08-15,8280.380859375,Turun,0.5863928588724848,Turun (HOLD),0.5623795,Turun (HOLD)
2025-08-19,8090.02734375,Turun,0.5661166756183822,Turun (HOLD),0.5665558,Turun (HOLD)
2025-08-20,8113.82177734375,Turun,0.5634706864985414,Turun (HOLD),0.556598,Turun (HOLD)
2025-08-21,8137.6162109375,Turun,0.5558999001436954,Turun (HOLD),0.5340915,Turun (HOLD)
2025-08-22,8042.43994140625,Turun,0.5797366980733096,Turun (HOLD),0.57114875,Turun (HOLD)
2025-08-25,8066.2333984375,Turun,0.5541758702542537,Turun (HOLD),0.55097383,Turun (HOLD)
2025-08-26,7852.08544921875,Turun,0.6157550388199726,Turun (HOLD),0.6017879,Turun (HOLD)
2025-08-27,7899.673828125,Turun,0.5563075525513683,Turun (HOLD),0.5671,Turun (HOLD)
2025-08-28,7923.46826171875,Turun,0.5789787339303586,Turun (HOLD),0.5618939,Turun (HOLD)
2025-08-29,7685.5263671875,Naik,0.6125908560170257,Turun (HOLD),0.61319077,Turun (HOLD)
2025-09-01,7614.1435546875,Turun,0.6717636628552617,Naik (BUY),0.6100262,Turun (HOLD)
2025-09-02,7614.1435546875,Turun,0.6520365147709074,Naik (BUY),0.599453,Turun (HOLD)
2025-09-03,7590.349609375,Turun,0.6834305770037197,Naik (BUY),0.6074774,Turun (HOLD)
2025-09-04,7614.1435546875,Turun,0.6499685944062091,Turun (HOLD),0.5664055,Turun (HOLD)
2025-09-08,7328.61328125,Naik,0.6525124852368189,Naik (BUY),0.61394304,Turun (HOLD)
2025-09-09,7162.05419921875,Naik,0.7081258307854108,Naik (BUY),0.61669,Turun (HOLD)
2025-09-10,7423.7900390625,Turun,0.6020547574583518,Turun (HOLD),0.55750686,Turun (HOLD)
2025-09-11,7471.37890625,Turun,0.6547475615825848,Naik (BUY),0.5534403,Turun (HOLD)
2025-09-12,7542.76123046875,Turun,0.6140606430077986,Turun (HOLD),0.5520382,Turun (HOLD)
2025-09-15,7637.93798828125,Turun,0.5807577077941826,Turun (HOLD),0.5284429,Turun (HOLD)
2025-09-16,7542.76123046875,Naik,0.5957065456980744,Turun (HOLD),0.58643126,Turun (HOLD)
2025-09-17,7471.37890625,Turun,0.6319499412620094,Turun (HOLD),0.6005256,Turun (HOLD)
2025-09-18,7328.61328125,Naik,0.6354760091118625,Turun (HOLD),0.6125223,Turun (HOLD)
2025-09-19,7423.7900390625,Turun,0.58339197825627,Turun (HOLD),0.558918,Turun (HOLD)
2025-09-22,7352.40771484375,Naik,0.6574980810655494,Naik (BUY),0.5906965,Turun (HOLD)
2025-09-23,7495.1728515625,Turun,0.6244591648982211,Turun (HOLD),0.51922405,Turun (HOLD)
2025-09-24,7399.99560546875,Turun,0.647752439543916,Turun (HOLD),0.5726071,Turun (HOLD)
2025-09-25,7328.61328125,Turun,0.6529525591177869,Naik (BUY),0.59014636,Turun (HOLD)
2025-09-26,7257.23095703125,Turun,0.6785553396961853,Naik (BUY),0.60889846,Turun (HOLD)
2025-09-29,7399.99560546875,Turun,0.5886560343912207,Turun (HOLD),0.53636795,Turun (HOLD)
2025-09-30,7257.23095703125,Turun,0.6537096043773605,Naik (BUY),0.5931113,Turun (HOLD)
2025-10-01,7138.259765625,Turun,0.6816236612169301,Naik (BUY),0.6112017,Turun (HOLD)
2025-10-02,7138.259765625,Naik,0.6618788474962063,Naik (BUY),0.60120106,Turun (HOLD)
2025-10-03,7162.05419921875,Turun,0.6243670947045241,Turun (HOLD),0.5917159,Turun (HOLD)
2025-10-06,7138.259765625,Turun,0.643365226845548,Turun (HOLD),0.5941286,Turun (HOLD)
2025-10-07,7209.64208984375,Turun,0.6433105529812507,Turun (HOLD),0.5601877,Turun (HOLD)
2025-10-08,7019.28857421875,Turun,0.6901439165910562,Naik (BUY),0.61639196,Turun (HOLD)
2025-10-09,7185.8486328125,Turun,0.6295677540282767,Turun (HOLD),0.5645242,Turun (HOLD)
2025-10-10,7043.0830078125,Naik,0.6696150343681943,Naik (BUY),0.6056732,Turun (HOLD)
2025-10-13,6971.70068359375,Naik,0.7134401511984393,Naik (BUY),0.61582994,Turun (HOLD)
2025-10-14,6900.31787109375,Naik,0.7056065887314268,Naik (BUY),0.61972475,Turun (HOLD)
2025-10-15,6900.31787109375,Naik,0.6893874372962983,Naik (BUY),0.6101786,Turun (HOLD)
2025-10-16,6947.90625,Naik,0.6533760702730151,Naik (BUY),0.56100595,Turun (HOLD)
2025-10-17,7138.259765625,Naik,0.6450237153242462,Turun (HOLD),0.55086267,Turun (HOLD)
2025-10-20,7495.1728515625,Naik,0.661629137145183,Naik (BUY),0.55727375,Turun (HOLD)
2025-10-21,8066.2333984375,Turun,0.624384407496272,Turun (HOLD),0.54973245,Turun (HOLD)
2025-10-22,7804.4970703125,Naik,0.7052398835384863,Naik (BUY),0.58921903,Turun (HOLD)
2025-10-23,7923.46826171875,Naik,0.6643478933840159,Naik (BUY),0.573071,Turun (HOLD)
2025-10-24,7875.8798828125,Naik,0.7089004648885318,Naik (BUY),0.60308784,Turun (HOLD)
2025-10-27,7947.2626953125,Naik,0.6818581301458464,Naik (BUY),0.59344107,Turun (HOLD)
2025-10-28,7875.8798828125,Naik,0.6555780041875867,Naik (BUY),0.6249644,Turun (HOLD)
2025-10-29,8185.20458984375,Naik,0.609390279649513,Turun (HOLD),0.54555595,Turun (HOLD)
2025-10-30,8113.82177734375,Naik,0.6374147594698611,Turun (HOLD),0.5431607,Turun (HOLD)
2025-10-31,8113.82177734375,Naik,0.5059059829687703,Turun (HOLD),0.5392662,Turun (HOLD)
2025-11-03,8232.79296875,Turun,0.6084566126414843,Turun (HOLD),0.5238571,Turun (HOLD)
2025-11-04,8232.79296875,Turun,0.6308156692388717,Turun (HOLD),0.54442734,Turun (HOLD)
2025-11-05,8280.380859375,Turun,0.6188606274120668,Turun (HOLD),0.5180513,Turun (HOLD)
2025-11-06,8137.6162109375,Turun,0.6443930101365469,Turun (HOLD),0.59378105,Turun (HOLD)
2025-11-07,8256.5869140625,Turun,0.5949203116395194,Turun (HOLD),0.52345353,Turun (HOLD)
2025-11-10,8161.41064453125,Naik,0.6652926211981909,Naik (BUY),0.58173513,Turun (HOLD)
2025-11-11,7994.85107421875,Turun,0.6987052273504599,Naik (BUY),0.6417369,Turun (HOLD)
2025-11-12,8090.02734375,Naik,0.6317855181842298,Turun (HOLD),0.5666888,Turun (HOLD)
2025-11-13,7971.05712890625,Naik,0.7185247152086063,Naik (BUY),0.644579,Turun (HOLD)
2025-11-14,8018.6455078125,Turun,0.6755413915130781,Naik (BUY),0.5953525,Turun (HOLD)
2025-11-17,8161.41064453125,Turun,0.6049125092064378,Turun (HOLD),0.50830173,Turun (HOLD)
2025-11-18,7994.85107421875,Naik,0.7100817873016692,Naik (BUY),0.62020713,Turun (HOLD)
2025-11-19,8066.2333984375,Turun,0.6539297411160266,Naik (BUY),0.5418989,Turun (HOLD)
2025-11-20,8018.6455078125,Turun,0.7274201621791535,Naik (BUY),0.6259685,Turun (HOLD)
2025-11-21,7994.85107421875,Turun,0.7298949504683158,Naik (BUY),0.6297083,Turun (HOLD)
2025-11-24,8066.2333984375,Turun,0.637296550443704,Turun (HOLD),0.55989724,Turun (HOLD)
2025-11-25,8090.02734375,Turun,0.6611525158610553,Naik (BUY),0.56460744,Turun (HOLD)
2025-11-26,8018.6455078125,Turun,0.7182656767856423,Naik (BUY),0.6330755,Turun (HOLD)
2025-11-27,7923.46826171875,Turun,0.7249686181445023,Naik (BUY),0.6424108,Turun (HOLD)
2025-11-28,7875.8798828125,Turun,0.7255536263242075,Naik (BUY),0.64821017,Turun (HOLD)
2025-12-01,7994.85107421875,Naik,0.6609902639143053,Naik (BUY),0.6018956,Turun (HOLD)
2025-12-02,7971.05712890625,Turun,0.7161338672608873,Naik (BUY),0.6165269,Turun (HOLD)
2025-12-03,7951.8955078125,Turun,0.6979117162602061,Naik (BUY),0.60871196,Turun (HOLD)
2025-12-04,7880.04150390625,Turun,0.6869378574667976,Naik (BUY),0.6235023,Turun (HOLD)
2025-12-05,7951.8955078125,Turun,0.6593177672064964,Naik (BUY),0.5855833,Turun (HOLD)
2025-12-08,7951.8955078125,Turun,0.7048667883151839,Naik (BUY),0.58932006,Turun (HOLD)
2025-12-09,7760.28369140625,Turun,0.6837498142990645,Naik (BUY),0.6270325,Turun (HOLD)
2025-12-10,7736.33251953125,Turun,0.6873617399766353,Naik (BUY),0.62426597,Turun (HOLD)
2025-12-11,7664.47802734375,Naik,0.7006598231907887,Naik (BUY),0.6171581,Turun (HOLD)
2025-12-12,7664.47802734375,Naik,0.6706902378380138,Naik (BUY),0.6012702,Turun (HOLD)
2025-12-15,7951.8955078125,Turun,0.6303117487605394,Turun (HOLD),0.577032,Turun (HOLD)
2025-12-16,7736.33251953125,Naik,0.6622696882151207,Naik (BUY),0.5946852,Turun (HOLD)
2025-12-17,7688.42919921875,Turun,0.6850480138573349,Naik (BUY),0.6054463,Turun (HOLD)
2025-12-18,7832.13818359375,Turun,0.572670428018299,Turun (HOLD),0.5129572,Turun (HOLD)
2025-12-19,7712.380859375,Naik,0.6835267847918544,Naik (BUY),0.59864134,Turun (HOLD)
2025-12-22,7832.13818359375,Turun,0.5748263516931126,Turun (HOLD),0.5102701,Turun (HOLD)
2025-12-23,7688.42919921875,Naik,0.6681809235248606,Naik (BUY),0.59392637,Turun (HOLD)
2025-12-24,7688.42919921875,Naik,0.6483689333786262,Turun (HOLD),0.5825133,Turun (HOLD)
2025-12-29,7688.42919921875,Naik,0.6466169704548689,Turun (HOLD),0.5753153,Turun (HOLD)
2025-12-30,7736.33251953125,Turun,0.6165805749724463,Turun (HOLD),0.53049284,Turun (HOLD)
2026-01-02,7688.42919921875,Naik,0.6750640770066204,Naik (BUY),0.59702224,Turun (HOLD)
2026-01-05,7736.33251953125,Turun,0.6164587911595796,Turun (HOLD),0.55281234,Turun (HOLD)
2026-01-06,7832.13818359375,Turun,0.5872574411411918,Turun (HOLD),0.5256055,Turun (HOLD)
2026-01-07,7808.18701171875,Turun,0.6563596999179302,Naik (BUY),0.54457706,Turun (HOLD)
2026-01-08,7712.380859375,Turun,0.6858038571029025,Naik (BUY),0.60291064,Turun (HOLD)
2026-01-09,7784.2353515625,Naik,0.6057565464271514,Turun (HOLD),0.5268915,Turun (HOLD)
2026-01-12,7688.42919921875,Turun,0.6710303337450321,Naik (BUY),0.6014249,Turun (HOLD)
2026-01-13,7736.33251953125,Turun,0.6177031883849634,Turun (HOLD),0.5443731,Turun (HOLD)
2026-01-14,7664.47802734375,Turun,0.659509383656998,Naik (BUY),0.589054,Turun (HOLD)
2026-01-15,7736.33251953125,Turun,0.5958809233238104,Turun (HOLD),0.5241687,Turun (HOLD)
2026-01-19,7784.2353515625,Turun,0.5735099026594356,Turun (HOLD),0.49906772,Turun (HOLD)
2026-01-20,7664.47802734375,Turun,0.6814194672838908,Naik (BUY),0.5875111,Turun (HOLD)
2026-01-21,7377.06005859375,Turun,0.6673266791798881,Naik (BUY),0.61403275,Turun (HOLD)
2026-01-22,7329.15673828125,Turun,0.7057703853773942,Naik (BUY),0.6176972,Turun (HOLD)
2026-01-23,7329.15673828125,Turun,0.6671429368244842,Naik (BUY),0.6096228,Turun (HOLD)
2026-01-26,7329.15673828125,Naik,0.6516120561880767,Naik (BUY),0.60045433,Turun (HOLD)
2026-01-27,7185.44775390625,Naik,0.6871439638663914,Naik (BUY),0.6176955,Turun (HOLD)
2026-01-28,6730.36962890625,Naik,0.6710960471465227,Naik (BUY),0.61403126,Turun (HOLD)
2026-01-29,6898.0302734375,Naik,0.6292995936241537,Turun (HOLD),0.598413,Turun (HOLD)
2026-01-30,7089.64208984375,Naik,0.6162711893330348,Turun (HOLD),0.5651781,Turun (HOLD)
2026-02-02,7281.25390625,Turun,0.620044159803801,Turun (HOLD),0.55199325,Turun (HOLD)
2026-02-03,7329.15673828125,Turun,0.6164408407677218,Turun (HOLD),0.5293843,Turun (HOLD)
2026-02-04,7472.86572265625,Turun,0.5556342152696633,Turun (HOLD),0.5045234,Turun (HOLD)
2026-02-05,7472.86572265625,Turun,0.6245228246159791,Turun (HOLD),0.522688,Turun (HOLD)
2026-02-06,7353.1083984375,Turun,0.6610296500538515,Naik (BUY),0.56831056,Turun (HOLD)
2026-02-09,7185.44775390625,Turun,0.6566949958860427,Naik (BUY),0.60606945,Turun (HOLD)
2026-02-10,7161.49658203125,Turun,0.6591682073291611,Naik (BUY),0.6112199,Turun (HOLD)
2026-02-11,7137.544921875,Turun,0.663444273919243,Naik (BUY),0.6115612,Turun (HOLD)
2026-02-12,7017.78759765625,Turun,0.6715220591914667,Naik (BUY),0.6168148,Turun (HOLD)
2026-02-13,6898.0302734375,Turun,0.6812356451499315,Naik (BUY),0.6170019,Turun (HOLD)
2026-02-18,6969.884765625,Naik,0.6120929794157585,Turun (HOLD),0.57684827,Turun (HOLD)
2026-02-19,6874.07861328125,Naik,0.698815539726866,Naik (BUY),0.6140326,Turun (HOLD)
2026-02-20,6921.9814453125,Turun,0.6147960285905227,Turun (HOLD),0.5517467,Turun (HOLD)
2026-02-23,6993.8359375,Turun,0.6270693780481801,Turun (HOLD),0.5253864,Turun (HOLD)
2026-02-24,6921.9814453125,Turun,0.6684110820181468,Naik (BUY),0.5931339,Turun (HOLD)
2026-02-25,7017.78759765625,Turun,0.6349426936088023,Turun (HOLD),0.5474551,Turun (HOLD)
2026-02-26,6993.8359375,Turun,0.6541650311882168,Naik (BUY),0.5830322,Turun (HOLD)
2026-02-27,6874.07861328125,Turun,0.6512211312669902,Naik (BUY),0.60564893,Turun (HOLD)
2026-03-02,6730.36962890625,Turun,0.6783148649864392,Naik (BUY),0.61478287,Turun (HOLD)
2026-03-03,6778.2724609375,Turun,0.6250660613575426,Turun (HOLD),0.58153796,Turun (HOLD)
2026-03-04,6586.66064453125,Turun,0.6865361865524571,Naik (BUY),0.613659,Turun (HOLD)
2026-03-05,6802.22412109375,Turun,0.6156039514909268,Turun (HOLD),0.5297551,Turun (HOLD)
2026-03-06,6706.41796875,Turun,0.6637718790131427,Naik (BUY),0.5756202,Turun (HOLD)
2026-03-09,6586.66064453125,Turun,0.6796599506599099,Naik (BUY),0.6121153,Turun (HOLD)
2026-03-10,6682.466796875,Turun,0.6089431133613272,Turun (HOLD),0.5427754,Turun (HOLD)
2026-03-11,6538.7578125,Naik,0.6669312213322602,Naik (BUY),0.6119518,Turun (HOLD)
2026-03-12,6610.6123046875,Naik,0.6096690688523964,Turun (HOLD),0.5547424,Turun (HOLD)
2026-03-13,6586.66064453125,Turun,0.6629633564526419,Naik (BUY),0.5900277,Turun (HOLD)
2026-03-16,6466.9033203125,Turun,0.7011489926492733,Naik (BUY),0.61681193,Turun (HOLD)
2026-03-17,6490.8544921875,Naik,0.6557987134792753,Naik (BUY),0.5804015,Turun (HOLD)
2026-03-25,6610.6123046875,Turun,0.6405473415557277,Turun (HOLD),0.5474411,Turun (HOLD)
2026-03-26,6586.66064453125,Naik,0.6736356528728356,Naik (BUY),0.58161783,Turun (HOLD)
2026-03-27,6419.0,Naik,0.6865866230229198,Naik (BUY),0.6092594,Turun (HOLD)
2026-03-30,6450.0,Naik,0.6503072512102442,Naik (BUY),0.58046407,Turun (HOLD)
2026-03-31,6450.0,Naik,0.6568784313666374,Naik (BUY),0.5829401,Turun (HOLD)
2026-04-01,6500.0,Turun,0.6140267180876272,Turun (HOLD),0.53396255,Turun (HOLD)
2026-04-02,6575.0,Naik,0.6351022605127046,Turun (HOLD),0.5213842,Turun (HOLD)
2026-04-06,6500.0,Naik,0.6604622997878205,Naik (BUY),0.56688905,Turun (HOLD)
2026-04-07,6500.0,Naik,0.6348235061280831,Turun (HOLD),0.56658405,Turun (HOLD)
2026-04-08,6750.0,Turun,0.638046246458095,Turun (HOLD),0.5229028,Turun (HOLD)
2026-04-09,6475.0,Turun,0.6252349470925527,Turun (HOLD),0.59622175,Turun (HOLD)
2026-04-10,6700.0,Turun,0.6183638561886616,Turun (HOLD),0.5084534,Turun (HOLD)
2026-04-13,6575.0,Turun,0.6396706083250944,Turun (HOLD),0.5596639,Turun (HOLD)
2026-04-14,6750.0,Turun,0.6332916375272611,Turun (HOLD),0.51644856,Turun (HOLD)
2026-04-15,6550.0,Turun,0.6214076923993734,Turun (HOLD),0.5718843,Turun (HOLD)
2026-04-16,6525.0,Turun,0.6647173069827803,Naik (BUY),0.60402024,Turun (HOLD)
2026-04-17,6425.0,Turun,0.6533954164310851,Naik (BUY),0.60372525,Turun (HOLD)
2026-04-20,6475.0,Turun,0.6030059701118021,Turun (HOLD),0.5689665,Turun (HOLD)
2026-04-21,6500.0,Turun,0.6400480902755528,Turun (HOLD),0.55256057,Turun (HOLD)
2026-04-22,6450.0,Turun,0.6507963254422277,Naik (BUY),0.5795612,Turun (HOLD)
2026-04-23,6425.0,Turun,0.6495334207046793,Turun (HOLD),0.5794,Turun (HOLD)
2026-04-24,6050.0,Turun,0.7110545498792664,Naik (BUY),0.6119353,Turun (HOLD)
2026-04-27,5975.0,Turun,0.7307260781233521,Naik (BUY),0.6172614,Turun (HOLD)
2026-04-28,6000.0,Turun,0.6956383464516857,Naik (BUY),0.59859765,Turun (HOLD)
2026-04-29,5975.0,Naik,0.7158583445009575,Naik (BUY),0.61399704,Turun (HOLD)
2026-04-30,5850.0,Naik,0.7135294296316264,Naik (BUY),0.61290026,Turun (HOLD)
2026-05-04,5900.0,Naik,0.6706964768192567,Naik (BUY),0.57939196,Turun (HOLD)
2026-05-05,5950.0,Naik,0.6484129121662684,Turun (HOLD),0.54543525,Turun (HOLD)
2026-05-06,5950.0,Naik,0.6837693853556167,Naik (BUY),0.5631103,Turun (HOLD)
2026-05-07,6225.0,Turun,0.666469015054223,Naik (BUY),0.5263331,Turun (HOLD)
2026-05-08,6175.0,Turun,0.6988115904388574,Naik (BUY),0.57654303,Turun (HOLD)
2026-05-11,6150.0,Turun,0.6849377587863048,Naik (BUY),0.5530865,Turun (HOLD)
2026-05-12,6125.0,Turun,0.6590687719418121,Naik (BUY),0.57534295,Turun (HOLD)
2026-05-13,6100.0,Turun,0.655313620914326,Naik (BUY),0.58793974,Turun (HOLD)
2026-05-14,6100.0,Turun,0.6516487598212852,Naik (BUY),0.5644937,Turun (HOLD)
2026-05-15,6100.0,Turun,0.6482220585597837,Turun (HOLD),0.56098783,Turun (HOLD)
2026-05-18,6125.0,Naik,0.6594534689199161,Naik (BUY),0.54692316,Turun (HOLD)
2026-05-19,5950.0,Turun,0.6706982628227475,Naik (BUY),0.594965,Turun (HOLD)
2026-05-20,5975.0,Turun,0.6506052119256425,Naik (BUY),0.5777334,Turun (HOLD)
2026-05-21,5950.0,Naik,0.688394524224601,Naik (BUY),0.5936076,Turun (HOLD)
2026-05-22,5900.0,Turun,0.7097674458136904,Naik (BUY),0.6092021,Turun (HOLD)
2026-05-25,6100.0,Turun,0.6351856154046576,Turun (HOLD),0.5073565,Turun (HOLD)
2026-05-26,5975.0,Turun,0.6598130098132896,Naik (BUY),0.56975675,Turun (HOLD)
2026-05-27,5975.0,Turun,0.6647929668304916,Naik (BUY),0.58055896,Turun (HOLD)
2026-05-28,5975.0,Turun,0.6541802143895281,Naik (BUY),0.5591198,Turun (HOLD)
2026-05-29,5700.0,Turun,0.7008699972008998,Naik (BUY),0.6036624,Turun (HOLD)
2026-06-02,5825.0,Turun,0.6336413317837936,Turun (HOLD),0.5615159,Turun (HOLD)
2026-06-03,5525.0,Naik,0.702030713703641,Naik (BUY),0.60217166,Turun (HOLD)
2026-06-04,5425.0,Naik,0.7130664599016665,Naik (BUY),0.6028524,Turun (HOLD)
2026-06-05,5075.0,Naik,0.7664974238216804,Naik (BUY),0.60472816,Turun (HOLD)
2026-06-08,4850.0,Naik,0.7654286246028787,Naik (BUY),0.6049687,Turun (HOLD)
2026-06-09,5150.0,Naik,0.735247042840404,Naik (BUY),0.57040846,Turun (HOLD)
2026-06-10,5650.0,Naik,0.6807252512368365,Naik (BUY),0.5146868,Turun (HOLD)
2026-06-11,5825.0,Naik,0.663227154555281,Naik (BUY),0.5443116,Turun (HOLD)
2026-06-12,5925.0,Naik,0.6803088009183429,Naik (BUY),0.5476234,Turun (HOLD)
2026-06-15,6275.0,Turun,0.6866403018308316,Naik (BUY),0.59900177,Turun (HOLD)
